truck_capacity,distance_km,vehicle_type,destination,cargo_type,day_of_week,season,available_loads,demand_level,historical_route_success,empty_return
8,75,Refrigerated,Pune,"['Onion', 'Potato', 'Cotton', 'Tomato', 'Grains', 'Fruits']",Tuesday,Festival,4,Low,0.28,1
18,82,Open,P,"['Onion', 'Potato', 'Cotton', 'Tomato', 'Grains', 'Fruits']",Tuesday,t,0,w,0.35,1
12,509,Refrigerated,P,"['Onion', 'Potato', 'Cotton', 'Tomato', 'Grains', 'Fruits']",Sunday,t,5,w,0.46,0
16,154,Open,P,"['Onion', 'Potato', 'Cotton', 'Tomato', 'Grains', 'Fruits']",Monday,t,11,w,0.81,0
18,130,Refrigerated,P,"['Onion', 'Potato', 'Cotton', 'Tomato', 'Grains', 'Fruits']",Sunday,t,6,w,0.23,1
8,288,Open,P,"['Onion', 'Potato', 'Cotton', 'Tomato', 'Grains', 'Fruits']",Wednesday,t,11,w,0.48,0
8,225,Refrigerated,P,"['Onion', 'Potato', 'Cotton', 'Tomato', 'Grains', 'Fruits']",Tuesday,t,12,w,0.94,0
16,107,Open,P,"['Onion', 'Potato', 'Cotton', 'Tomato', 'Grains', 'Fruits']",Sunday,t,12,w,0.25,0
16,267,Refrigerated,P,"['Onion', 'Potato', 'Cotton', 'Tomato', 'Grains', 'Fruits']",Thursday,t,4,w,0.3,1
18,458,Closed,P,"['Onion', 'Potato', 'Cotton', 'Tomato', 'Grains', 'Fruits']",Tuesday,t,2,w,0.85,1
18,115,Closed,P,"['Onion', 'Potato', 'Cotton', 'Tomato', 'Grains', 'Fruits']",Friday,t,8,w,0.71,0
14,398,Open,P,"['Onion', 'Potato', 'Cotton', 'Tomato', 'Grains', 'Fruits']",Thursday,t,14,w,0.92,0
10,569,Open,P,"['Onion', 'Potato', 'Cotton', 'Tomato', 'Grains', 'Fruits']",Sunday,t,4,w,0.77,0
6,381,Closed,P,"['Onion', 'Potato', 'Cotton', 'Tomato', 'Grains', 'Fruits']",Monday,t,9,w,0.24,0
8,547,Open,P,"['Onion', 'Potato', 'Cotton', 'Tomato', 'Grains', 'Fruits']",Tuesday,t,5,w,0.6,0
12,369,Closed,P,"['Onion', 'Potato', 'Cotton', 'Tomato', 'Grains', 'Fruits']",Thursday,t,3,w,0.37,0
12,275,Open,P,"['Onion', 'Potato', 'Cotton', 'Tomato', 'Grains', 'Fruits']",Saturday,t,7,w,0.88,1
12,335,Refrigerated,P,"['Onion', 'Potato', 'Cotton', 'Tomato', 'Grains', 'Fruits']",Tuesday,t,15,w,0.79,1
8,491,Closed,P,"['Onion', 'Potato', 'Cotton', 'Tomato', 'Grains', 'Fruits']",Thursday,t,1,w,0.25,1
8,304,Open,P,"['Onion', 'Potato', 'Cotton', 'Tomato', 'Grains', 'Fruits']",Friday,t,4,w,0.34,0
8,503,Refrigerated,P,"['Onion', 'Potato', 'Cotton', 'Tomato', 'Grains', 'Fruits']",Monday,t,2,w,0.32,1
18,110,Open,P,"['Onion', 'Potato', 'Cotton', 'Tomato', 'Grains', 'Fruits']",Monday,t,8,w,0.41,0
20,208,Open,P,"['Onion', 'Potato', 'Cotton', 'Tomato', 'Grains', 'Fruits']",Tuesday,t,1,w,0.24,1
10,108,Refrigerated,P,"['Onion', 'Potato', 'Cotton', 'Tomato', 'Grains', 'Fruits']",Sunday,t,2,w,0.71,1
12,90,Refrigerated,P,"['Onion', 'Potato', 'Cotton', 'Tomato', 'Grains', 'Fruits']",Thursday,t,8,w,0.7,0
10,357,Closed,P,"['Onion', 'Potato', 'Cotton', 'Tomato', 'Grains', 'Fruits']",Sunday,t,0,w,0.67,1
12,568,Closed,P,"['Onion', 'Potato', 'Cotton', 'Tomato', 'Grains', 'Fruits']",Wednesday,t,7,w,0.41,0
14,591,Open,P,"['Onion', 'Potato', 'Cotton', 'Tomato', 'Grains', 'Fruits']",Saturday,t,4,w,0.29,1
14,338,Refrigerated,P,"['Onion', 'Potato', 'Cotton', 'Tomato', 'Grains', 'Fruits']",Saturday,t,6,w,0.58,0
6,144,Refrigerated,P,"['Onion', 'Potato', 'Cotton', 'Tomato', 'Grains', 'Fruits']",Sunday,t,1,w,0.45,0
10,502,Refrigerated,P,"['Onion', 'Potato', 'Cotton', 'Tomato', 'Grains', 'Fruits']",Friday,t,3,w,0.91,1
6,428,Refrigerated,P,"['Onion', 'Potato', 'Cotton', 'Tomato', 'Grains', 'Fruits']",Thursday,t,1,w,0.47,0
6,416,Open,P,"['Onion', 'Potato', 'Cotton', 'Tomato', 'Grains', 'Fruits']",Saturday,t,11,w,0.93,0
12,216,Open,P,"['Onion', 'Potato', 'Cotton', 'Tomato', 'Grains', 'Fruits']",Monday,t,10,w,0.8,0
14,213,Refrigerated,P,"['Onion', 'Potato', 'Cotton', 'Tomato', 'Grains', 'Fruits']",Thursday,t,15,w,0.35,1
12,278,Open,P,"['Onion', 'Potato', 'Cotton', 'Tomato', 'Grains', 'Fruits']",Thursday,t,8,w,0.93,0
18,599,Closed,P,"['Onion', 'Potato', 'Cotton', 'Tomato', 'Grains', 'Fruits']",Monday,t,5,w,0.23,1
16,496,Refrigerated,P,"['Onion', 'Potato', 'Cotton', 'Tomato', 'Grains', 'Fruits']",Thursday,t,8,w,0.73,0
12,422,Closed,P,"['Onion', 'Potato', 'Cotton', 'Tomato', 'Grains', 'Fruits']",Saturday,t,10,w,0.74,0
18,384,Closed,P,"['Onion', 'Potato', 'Cotton', 'Tomato', 'Grains', 'Fruits']",Friday,t,6,w,0.7,0
10,358,Closed,P,"['Onion', 'Potato', 'Cotton', 'Tomato', 'Grains', 'Fruits']",Wednesday,t,6,w,0.79,0
20,502,Refrigerated,P,"['Onion', 'Potato', 'Cotton', 'Tomato', 'Grains', 'Fruits']",Friday,t,5,w,0.41,0
8,290,Refrigerated,P,"['Onion', 'Potato', 'Cotton', 'Tomato', 'Grains', 'Fruits']",Tuesday,t,4,w,0.23,1
8,516,Closed,P,"['Onion', 'Potato', 'Cotton', 'Tomato', 'Grains', 'Fruits']",Saturday,t,15,w,0.38,1
8,485,Open,P,"['Onion', 'Potato', 'Cotton', 'Tomato', 'Grains', 'Fruits']",Sunday,t,1,w,0.89,1
20,593,Refrigerated,P,"['Onion', 'Potato', 'Cotton', 'Tomato', 'Grains', 'Fruits']",Sunday,t,13,w,0.87,0
14,303,Refrigerated,P,"['Onion', 'Potato', 'Cotton', 'Tomato', 'Grains', 'Fruits']",Sunday,t,7,w,0.53,1
16,377,Refrigerated,P,"['Onion', 'Potato', 'Cotton', 'Tomato', 'Grains', 'Fruits']",Tuesday,t,7,w,0.72,1
18,388,Refrigerated,P,"['Onion', 'Potato', 'Cotton', 'Tomato', 'Grains', 'Fruits']",Thursday,t,6,w,0.49,0
6,439,Closed,P,"['Onion', 'Potato', 'Cotton', 'Tomato', 'Grains', 'Fruits']",Wednesday,t,12,w,0.6,0
12,549,Open,P,"['Onion', 'Potato', 'Cotton', 'Tomato', 'Grains', 'Fruits']",Thursday,t,0,w,0.45,1
10,528,Open,P,"['Onion', 'Potato', 'Cotton', 'Tomato', 'Grains', 'Fruits']",Thursday,t,2,w,0.3,1
18,385,Open,P,"['Onion', 'Potato', 'Cotton', 'Tomato', 'Grains', 'Fruits']",Wednesday,t,12,w,0.76,0
8,531,Open,P,"['Onion', 'Potato', 'Cotton', 'Tomato', 'Grains', 'Fruits']",Wednesday,t,2,w,0.77,1
6,206,Open,P,"['Onion', 'Potato', 'Cotton', 'Tomato', 'Grains', 'Fruits']",Thursday,t,6,w,0.72,1
8,217,Closed,P,"['Onion', 'Potato', 'Cotton', 'Tomato', 'Grains', 'Fruits']",Friday,t,9,w,0.5,1
12,154,Refrigerated,P,"['Onion', 'Potato', 'Cotton', 'Tomato', 'Grains', 'Fruits']",Sunday,t,1,w,0.6,1
16,62,Closed,P,"['Onion', 'Potato', 'Cotton', 'Tomato', 'Grains', 'Fruits']",Monday,t,11,w,0.73,0
14,545,Closed,P,"['Onion', 'Potato', 'Cotton', 'Tomato', 'Grains', 'Fruits']",Sunday,t,10,w,0.82,0
12,525,Refrigerated,P,"['Onion', 'Potato', 'Cotton', 'Tomato', 'Grains', 'Fruits']",Wednesday,t,15,w,0.34,0
16,336,Refrigerated,P,"['Onion', 'Potato', 'Cotton', 'Tomato', 'Grains', 'Fruits']",Friday,t,6,w,0.38,0
12,537,Refrigerated,P,"['Onion', 'Potato', 'Cotton', 'Tomato', 'Grains', 'Fruits']",Thursday,t,2,w,0.37,1
16,534,Refrigerated,P,"['Onion', 'Potato', 'Cotton', 'Tomato', 'Grains', 'Fruits']",Thursday,t,11,w,0.4,1
12,373,Open,P,"['Onion', 'Potato', 'Cotton', 'Tomato', 'Grains', 'Fruits']",Tuesday,t,15,w,0.74,0
14,152,Open,P,"['Onion', 'Potato', 'Cotton', 'Tomato', 'Grains', 'Fruits']",Tuesday,t,5,w,0.21,1
6,349,Refrigerated,P,"['Onion', 'Potato', 'Cotton', 'Tomato', 'Grains', 'Fruits']",Saturday,t,3,w,0.63,0
10,102,Closed,P,"['Onion', 'Potato', 'Cotton', 'Tomato', 'Grains', 'Fruits']",Monday,t,12,w,0.26,1
10,361,Open,P,"['Onion', 'Potato', 'Cotton', 'Tomato', 'Grains', 'Fruits']",Monday,t,7,w,0.54,0
18,362,Refrigerated,P,"['Onion', 'Potato', 'Cotton', 'Tomato', 'Grains', 'Fruits']",Friday,t,6,w,0.4,1
8,210,Open,P,"['Onion', 'Potato', 'Cotton', 'Tomato', 'Grains', 'Fruits']",Thursday,t,9,w,0.37,0
20,122,Refrigerated,P,"['Onion', 'Potato', 'Cotton', 'Tomato', 'Grains', 'Fruits']",Wednesday,t,13,w,0.61,0
10,123,Open,P,"['Onion', 'Potato', 'Cotton', 'Tomato', 'Grains', 'Fruits']",Sunday,t,9,w,0.29,0
14,562,Refrigerated,P,"['Onion', 'Potato', 'Cotton', 'Tomato', 'Grains', 'Fruits']",Thursday,t,1,w,0.75,1
12,71,Refrigerated,P,"['Onion', 'Potato', 'Cotton', 'Tomato', 'Grains', 'Fruits']",Friday,t,5,w,0.59,1
18,553,Open,P,"['Onion', 'Potato', 'Cotton', 'Tomato', 'Grains', 'Fruits']",Wednesday,t,10,w,0.7,0
20,345,Refrigerated,P,"['Onion', 'Potato', 'Cotton', 'Tomato', 'Grains', 'Fruits']",Sunday,t,14,w,0.44,0
18,576,Open,P,"['Onion', 'Potato', 'Cotton', 'Tomato', 'Grains', 'Fruits']",Thursday,t,6,w,0.67,0
6,258,Closed,P,"['Onion', 'Potato', 'Cotton', 'Tomato', 'Grains', 'Fruits']",Wednesday,t,15,w,0.22,0
10,368,Refrigerated,P,"['Onion', 'Potato', 'Cotton', 'Tomato', 'Grains', 'Fruits']",Friday,t,2,w,0.94,1
8,207,Closed,P,"['Onion', 'Potato', 'Cotton', 'Tomato', 'Grains', 'Fruits']",Friday,t,13,w,0.94,0
18,245,Refrigerated,P,"['Onion', 'Potato', 'Cotton', 'Tomato', 'Grains', 'Fruits']",Sunday,t,8,w,0.45,1
6,339,Refrigerated,P,"['Onion', 'Potato', 'Cotton', 'Tomato', 'Grains', 'Fruits']",Sunday,t,4,w,0.6,0
18,516,Closed,P,"['Onion', 'Potato', 'Cotton', 'Tomato', 'Grains', 'Fruits']",Saturday,t,12,w,0.84,0
20,440,Closed,P,"['Onion', 'Potato', 'Cotton', 'Tomato', 'Grains', 'Fruits']",Thursday,t,4,w,0.85,1
20,65,Refrigerated,P,"['Onion', 'Potato', 'Cotton', 'Tomato', 'Grains', 'Fruits']",Thursday,t,2,w,0.79,0
18,132,Closed,P,"['Onion', 'Potato', 'Cotton', 'Tomato', 'Grains', 'Fruits']",Wednesday,t,1,w,0.38,1
12,142,Closed,P,"['Onion', 'Potato', 'Cotton', 'Tomato', 'Grains', 'Fruits']",Sunday,t,14,w,0.72,1
6,350,Closed,P,"['Onion', 'Potato', 'Cotton', 'Tomato', 'Grains', 'Fruits']",Thursday,t,7,w,0.62,1
8,441,Refrigerated,P,"['Onion', 'Potato', 'Cotton', 'Tomato', 'Grains', 'Fruits']",Thursday,t,7,w,0.68,0
20,344,Refrigerated,P,"['Onion', 'Potato', 'Cotton', 'Tomato', 'Grains', 'Fruits']",Monday,t,11,w,0.68,0
14,253,Closed,P,"['Onion', 'Potato', 'Cotton', 'Tomato', 'Grains', 'Fruits']",Monday,t,12,w,0.63,0
18,331,Open,P,"['Onion', 'Potato', 'Cotton', 'Tomato', 'Grains', 'Fruits']",Friday,t,9,w,0.66,0
14,190,Refrigerated,P,"['Onion', 'Potato', 'Cotton', 'Tomato', 'Grains', 'Fruits']",Saturday,t,9,w,0.23,1
14,384,Refrigerated,P,"['Onion', 'Potato', 'Cotton', 'Tomato', 'Grains', 'Fruits']",Tuesday,t,4,w,0.6,0
14,543,Closed,P,"['Onion', 'Potato', 'Cotton', 'Tomato', 'Grains', 'Fruits']",Sunday,t,14,w,0.31,0
18,424,Open,P,"['Onion', 'Potato', 'Cotton', 'Tomato', 'Grains', 'Fruits']",Monday,t,3,w,0.48,1
18,430,Open,P,"['Onion', 'Potato', 'Cotton', 'Tomato', 'Grains', 'Fruits']",Thursday,t,10,w,0.69,0
14,468,Open,P,"['Onion', 'Potato', 'Cotton', 'Tomato', 'Grains', 'Fruits']",Monday,t,9,w,0.29,0
18,514,Closed,P,"['Onion', 'Potato', 'Cotton', 'Tomato', 'Grains', 'Fruits']",Friday,t,13,w,0.83,0
14,83,Refrigerated,P,"['Onion', 'Potato', 'Cotton', 'Tomato', 'Grains', 'Fruits']",Tuesday,t,14,w,0.84,0
16,112,Closed,P,"['Onion', 'Potato', 'Cotton', 'Tomato', 'Grains', 'Fruits']",Tuesday,t,14,w,0.7,0
6,101,Closed,P,"['Onion', 'Potato', 'Cotton', 'Tomato', 'Grains', 'Fruits']",Tuesday,t,2,w,0.64,1
10,52,Closed,P,"['Onion', 'Potato', 'Cotton', 'Tomato', 'Grains', 'Fruits']",Tuesday,t,5,w,0.7,1
12,381,Open,P,"['Onion', 'Potato', 'Cotton', 'Tomato', 'Grains', 'Fruits']",Wednesday,t,4,w,0.59,0
16,575,Refrigerated,P,"['Onion', 'Potato', 'Cotton', 'Tomato', 'Grains', 'Fruits']",Thursday,t,1,w,0.54,1
20,461,Closed,P,"['Onion', 'Potato', 'Cotton', 'Tomato', 'Grains', 'Fruits']",Thursday,t,2,w,0.44,1
16,440,Refrigerated,P,"['Onion', 'Potato', 'Cotton', 'Tomato', 'Grains', 'Fruits']",Thursday,t,3,w,0.84,0
12,490,Closed,P,"['Onion', 'Potato', 'Cotton', 'Tomato', 'Grains', 'Fruits']",Thursday,t,14,w,0.51,0
14,433,Open,P,"['Onion', 'Potato', 'Cotton', 'Tomato', 'Grains', 'Fruits']",Monday,t,2,w,0.52,1
10,111,Refrigerated,P,"['Onion', 'Potato', 'Cotton', 'Tomato', 'Grains', 'Fruits']",Saturday,t,13,w,0.86,0
6,344,Refrigerated,P,"['Onion', 'Potato', 'Cotton', 'Tomato', 'Grains', 'Fruits']",Wednesday,t,6,w,0.69,0
16,167,Closed,P,"['Onion', 'Potato', 'Cotton', 'Tomato', 'Grains', 'Fruits']",Sunday,t,0,w,0.22,0
16,409,Open,P,"['Onion', 'Potato', 'Cotton', 'Tomato', 'Grains', 'Fruits']",Sunday,t,12,w,0.31,1
12,435,Closed,P,"['Onion', 'Potato', 'Cotton', 'Tomato', 'Grains', 'Fruits']",Wednesday,t,11,w,0.74,0
8,103,Open,P,"['Onion', 'Potato', 'Cotton', 'Tomato', 'Grains', 'Fruits']",Sunday,t,2,w,0.53,0
18,329,Open,P,"['Onion', 'Potato', 'Cotton', 'Tomato', 'Grains', 'Fruits']",Wednesday,t,3,w,0.71,0
14,96,Open,P,"['Onion', 'Potato', 'Cotton', 'Tomato', 'Grains', 'Fruits']",Friday,t,0,w,0.43,1
14,346,Closed,P,"['Onion', 'Potato', 'Cotton', 'Tomato', 'Grains', 'Fruits']",Monday,t,13,w,0.3,1
16,123,Closed,P,"['Onion', 'Potato', 'Cotton', 'Tomato', 'Grains', 'Fruits']",Thursday,t,14,w,0.85,0
18,346,Open,P,"['Onion', 'Potato', 'Cotton', 'Tomato', 'Grains', 'Fruits']",Monday,t,5,w,0.82,1
8,299,Closed,P,"['Onion', 'Potato', 'Cotton', 'Tomato', 'Grains', 'Fruits']",Friday,t,12,w,0.76,0
8,572,Refrigerated,P,"['Onion', 'Potato', 'Cotton', 'Tomato', 'Grains', 'Fruits']",Friday,t,11,w,0.75,0
12,155,Open,P,"['Onion', 'Potato', 'Cotton', 'Tomato', 'Grains', 'Fruits']",Tuesday,t,4,w,0.33,1
20,380,Refrigerated,P,"['Onion', 'Potato', 'Cotton', 'Tomato', 'Grains', 'Fruits']",Tuesday,t,2,w,0.53,1
6,410,Refrigerated,P,"['Onion', 'Potato', 'Cotton', 'Tomato', 'Grains', 'Fruits']",Wednesday,t,14,w,0.24,1
8,569,Closed,P,"['Onion', 'Potato', 'Cotton', 'Tomato', 'Grains', 'Fruits']",Friday,t,14,w,0.44,1
6,511,Open,P,"['Onion', 'Potato', 'Cotton', 'Tomato', 'Grains', 'Fruits']",Saturday,t,5,w,0.39,1
10,422,Closed,P,"['Onion', 'Potato', 'Cotton', 'Tomato', 'Grains', 'Fruits']",Thursday,t,10,w,0.79,1
8,445,Closed,P,"['Onion', 'Potato', 'Cotton', 'Tomato', 'Grains', 'Fruits']",Saturday,t,10,w,0.64,0
18,182,Refrigerated,P,"['Onion', 'Potato', 'Cotton', 'Tomato', 'Grains', 'Fruits']",Wednesday,t,10,w,0.7,0
8,483,Refrigerated,P,"['Onion', 'Potato', 'Cotton', 'Tomato', 'Grains', 'Fruits']",Monday,t,9,w,0.91,0
12,281,Open,P,"['Onion', 'Potato', 'Cotton', 'Tomato', 'Grains', 'Fruits']",Monday,t,3,w,0.7,0
18,207,Open,P,"['Onion', 'Potato', 'Cotton', 'Tomato', 'Grains', 'Fruits']",Sunday,t,14,w,0.51,1
20,341,Refrigerated,P,"['Onion', 'Potato', 'Cotton', 'Tomato', 'Grains', 'Fruits']",Tuesday,t,9,w,0.88,0
20,522,Closed,P,"['Onion', 'Potato', 'Cotton', 'Tomato', 'Grains', 'Fruits']",Friday,t,5,w,0.8,1
20,430,Refrigerated,P,"['Onion', 'Potato', 'Cotton', 'Tomato', 'Grains', 'Fruits']",Saturday,t,9,w,0.77,0
10,497,Open,P,"['Onion', 'Potato', 'Cotton', 'Tomato', 'Grains', 'Fruits']",Sunday,t,11,w,0.51,0
18,133,Closed,P,"['Onion', 'Potato', 'Cotton', 'Tomato', 'Grains', 'Fruits']",Monday,t,3,w,0.79,0
20,192,Refrigerated,P,"['Onion', 'Potato', 'Cotton', 'Tomato', 'Grains', 'Fruits']",Thursday,t,2,w,0.39,1
18,163,Closed,P,"['Onion', 'Potato', 'Cotton', 'Tomato', 'Grains', 'Fruits']",Wednesday,t,1,w,0.51,1
8,561,Refrigerated,P,"['Onion', 'Potato', 'Cotton', 'Tomato', 'Grains', 'Fruits']",Saturday,t,4,w,0.52,1
18,241,Refrigerated,P,"['Onion', 'Potato', 'Cotton', 'Tomato', 'Grains', 'Fruits']",Friday,t,2,w,0.49,0
16,309,Refrigerated,P,"['Onion', 'Potato', 'Cotton', 'Tomato', 'Grains', 'Fruits']",Wednesday,t,11,w,0.75,0
16,186,Open,P,"['Onion', 'Potato', 'Cotton', 'Tomato', 'Grains', 'Fruits']",Friday,t,5,w,0.94,1
10,114,Refrigerated,P,"['Onion', 'Potato', 'Cotton', 'Tomato', 'Grains', 'Fruits']",Monday,t,6,w,0.79,0
14,577,Closed,P,"['Onion', 'Potato', 'Cotton', 'Tomato', 'Grains', 'Fruits']",Wednesday,t,6,w,0.47,0
16,329,Open,P,"['Onion', 'Potato', 'Cotton', 'Tomato', 'Grains', 'Fruits']",Thursday,t,14,w,0.45,0
16,581,Closed,P,"['Onion', 'Potato', 'Cotton', 'Tomato', 'Grains', 'Fruits']",Saturday,t,2,w,0.65,1
16,155,Open,P,"['Onion', 'Potato', 'Cotton', 'Tomato', 'Grains', 'Fruits']",Saturday,t,9,w,0.65,0
16,507,Open,P,"['Onion', 'Potato', 'Cotton', 'Tomato', 'Grains', 'Fruits']",Friday,t,8,w,0.26,1
10,81,Open,P,"['Onion', 'Potato', 'Cotton', 'Tomato', 'Grains', 'Fruits']",Monday,t,2,w,0.78,1
6,207,Refrigerated,P,"['Onion', 'Potato', 'Cotton', 'Tomato', 'Grains', 'Fruits']",Wednesday,t,14,w,0.63,0
14,305,Open,P,"['Onion', 'Potato', 'Cotton', 'Tomato', 'Grains', 'Fruits']",Saturday,t,15,w,0.89,0
20,269,Refrigerated,P,"['Onion', 'Potato', 'Cotton', 'Tomato', 'Grains', 'Fruits']",Saturday,t,6,w,0.3,1
20,139,Refrigerated,P,"['Onion', 'Potato', 'Cotton', 'Tomato', 'Grains', 'Fruits']",Saturday,t,2,w,0.87,0
10,420,Refrigerated,P,"['Onion', 'Potato', 'Cotton', 'Tomato', 'Grains', 'Fruits']",Monday,t,4,w,0.79,0
16,528,Refrigerated,P,"['Onion', 'Potato', 'Cotton', 'Tomato', 'Grains', 'Fruits']",Friday,t,2,w,0.5,1
18,469,Refrigerated,P,"['Onion', 'Potato', 'Cotton', 'Tomato', 'Grains', 'Fruits']",Tuesday,t,2,w,0.55,1
10,182,Closed,P,"['Onion', 'Potato', 'Cotton', 'Tomato', 'Grains', 'Fruits']",Sunday,t,4,w,0.32,0
16,581,Closed,P,"['Onion', 'Potato', 'Cotton', 'Tomato', 'Grains', 'Fruits']",Wednesday,t,8,w,0.67,1
10,207,Open,P,"['Onion', 'Potato', 'Cotton', 'Tomato', 'Grains', 'Fruits']",Sunday,t,0,w,0.23,1
12,476,Refrigerated,P,"['Onion', 'Potato', 'Cotton', 'Tomato', 'Grains', 'Fruits']",Thursday,t,9,w,0.38,1
20,124,Refrigerated,P,"['Onion', 'Potato', 'Cotton', 'Tomato', 'Grains', 'Fruits']",Tuesday,t,13,w,0.55,1
16,403,Closed,P,"['Onion', 'Potato', 'Cotton', 'Tomato', 'Grains', 'Fruits']",Sunday,t,3,w,0.38,1
10,149,Open,P,"['Onion', 'Potato', 'Cotton', 'Tomato', 'Grains', 'Fruits']",Thursday,t,7,w,0.81,0
12,213,Closed,P,"['Onion', 'Potato', 'Cotton', 'Tomato', 'Grains', 'Fruits']",Thursday,t,15,w,0.27,0
12,270,Refrigerated,P,"['Onion', 'Potato', 'Cotton', 'Tomato', 'Grains', 'Fruits']",Monday,t,9,w,0.65,0
14,599,Open,P,"['Onion', 'Potato', 'Cotton', 'Tomato', 'Grains', 'Fruits']",Thursday,t,8,w,0.77,0
12,421,Refrigerated,P,"['Onion', 'Potato', 'Cotton', 'Tomato', 'Grains', 'Fruits']",Monday,t,14,w,0.82,0
10,149,Closed,P,"['Onion', 'Potato', 'Cotton', 'Tomato', 'Grains', 'Fruits']",Sunday,t,11,w,0.35,0
6,89,Open,P,"['Onion', 'Potato', 'Cotton', 'Tomato', 'Grains', 'Fruits']",Sunday,t,14,w,0.65,0
16,216,Closed,P,"['Onion', 'Potato', 'Cotton', 'Tomato', 'Grains', 'Fruits']",Friday,t,15,w,0.56,0
8,476,Refrigerated,P,"['Onion', 'Potato', 'Cotton', 'Tomato', 'Grains', 'Fruits']",Sunday,t,15,w,0.93,0
12,102,Refrigerated,P,"['Onion', 'Potato', 'Cotton', 'Tomato', 'Grains', 'Fruits']",Tuesday,t,4,w,0.22,1
6,501,Closed,P,"['Onion', 'Potato', 'Cotton', 'Tomato', 'Grains', 'Fruits']",Tuesday,t,6,w,0.58,0
6,191,Refrigerated,P,"['Onion', 'Potato', 'Cotton', 'Tomato', 'Grains', 'Fruits']",Friday,t,15,w,0.44,0
16,412,Refrigerated,P,"['Onion', 'Potato', 'Cotton', 'Tomato', 'Grains', 'Fruits']",Friday,t,6,w,0.41,0
14,345,Refrigerated,P,"['Onion', 'Potato', 'Cotton', 'Tomato', 'Grains', 'Fruits']",Saturday,t,10,w,0.46,0
14,344,Open,P,"['Onion', 'Potato', 'Cotton', 'Tomato', 'Grains', 'Fruits']",Thursday,t,4,w,0.23,1
20,312,Refrigerated,P,"['Onion', 'Potato', 'Cotton', 'Tomato', 'Grains', 'Fruits']",Tuesday,t,8,w,0.3,0
12,101,Refrigerated,P,"['Onion', 'Potato', 'Cotton', 'Tomato', 'Grains', 'Fruits']",Saturday,t,1,w,0.51,1
10,55,Refrigerated,P,"['Onion', 'Potato', 'Cotton', 'Tomato', 'Grains', 'Fruits']",Thursday,t,15,w,0.77,0
6,141,Refrigerated,P,"['Onion', 'Potato', 'Cotton', 'Tomato', 'Grains', 'Fruits']",Friday,t,5,w,0.86,0
18,557,Open,P,"['Onion', 'Potato', 'Cotton', 'Tomato', 'Grains', 'Fruits']",Monday,t,9,w,0.9,0
20,187,Refrigerated,P,"['Onion', 'Potato', 'Cotton', 'Tomato', 'Grains', 'Fruits']",Wednesday,t,3,w,0.32,1
10,64,Refrigerated,P,"['Onion', 'Potato', 'Cotton', 'Tomato', 'Grains', 'Fruits']",Sunday,t,6,w,0.66,0
18,577,Closed,P,"['Onion', 'Potato', 'Cotton', 'Tomato', 'Grains', 'Fruits']",Thursday,t,5,w,0.56,1
18,291,Closed,P,"['Onion', 'Potato', 'Cotton', 'Tomato', 'Grains', 'Fruits']",Wednesday,t,0,w,0.69,1
8,526,Closed,P,"['Onion', 'Potato', 'Cotton', 'Tomato', 'Grains', 'Fruits']",Thursday,t,3,w,0.48,0
20,206,Closed,P,"['Onion', 'Potato', 'Cotton', 'Tomato', 'Grains', 'Fruits']",Thursday,t,6,w,0.71,0
20,590,Refrigerated,P,"['Onion', 'Potato', 'Cotton', 'Tomato', 'Grains', 'Fruits']",Monday,t,1,w,0.63,1
20,169,Refrigerated,P,"['Onion', 'Potato', 'Cotton', 'Tomato', 'Grains', 'Fruits']",Saturday,t,2,w,0.81,0
20,109,Refrigerated,P,"['Onion', 'Potato', 'Cotton', 'Tomato', 'Grains', 'Fruits']",Saturday,t,0,w,0.39,1
8,96,Closed,P,"['Onion', 'Potato', 'Cotton', 'Tomato', 'Grains', 'Fruits']",Saturday,t,1,w,0.94,1
10,188,Refrigerated,P,"['Onion', 'Potato', 'Cotton', 'Tomato', 'Grains', 'Fruits']",Wednesday,t,14,w,0.48,0
10,406,Open,P,"['Onion', 'Potato', 'Cotton', 'Tomato', 'Grains', 'Fruits']",Friday,t,4,w,0.83,0
20,484,Refrigerated,P,"['Onion', 'Potato', 'Cotton', 'Tomato', 'Grains', 'Fruits']",Sunday,t,7,w,0.46,0
8,82,Refrigerated,P,"['Onion', 'Potato', 'Cotton', 'Tomato', 'Grains', 'Fruits']",Friday,t,7,w,0.25,0
6,300,Refrigerated,P,"['Onion', 'Potato', 'Cotton', 'Tomato', 'Grains', 'Fruits']",Thursday,t,7,w,0.77,1
14,289,Refrigerated,P,"['Onion', 'Potato', 'Cotton', 'Tomato', 'Grains', 'Fruits']",Friday,t,7,w,0.86,0
18,357,Closed,P,"['Onion', 'Potato', 'Cotton', 'Tomato', 'Grains', 'Fruits']",Friday,t,13,w,0.24,0
18,587,Closed,P,"['Onion', 'Potato', 'Cotton', 'Tomato', 'Grains', 'Fruits']",Thursday,t,9,w,0.34,1
12,357,Refrigerated,P,"['Onion', 'Potato', 'Cotton', 'Tomato', 'Grains', 'Fruits']",Sunday,t,1,w,0.93,1
12,311,Open,P,"['Onion', 'Potato', 'Cotton', 'Tomato', 'Grains', 'Fruits']",Saturday,t,14,w,0.27,1
14,436,Refrigerated,P,"['Onion', 'Potato', 'Cotton', 'Tomato', 'Grains', 'Fruits']",Sunday,t,6,w,0.56,1
6,266,Open,P,"['Onion', 'Potato', 'Cotton', 'Tomato', 'Grains', 'Fruits']",Saturday,t,7,w,0.5,0
14,439,Closed,P,"['Onion', 'Potato', 'Cotton', 'Tomato', 'Grains', 'Fruits']",Wednesday,t,11,w,0.55,0
16,258,Closed,P,"['Onion', 'Potato', 'Cotton', 'Tomato', 'Grains', 'Fruits']",Thursday,t,7,w,0.21,0
18,352,Open,P,"['Onion', 'Potato', 'Cotton', 'Tomato', 'Grains', 'Fruits']",Wednesday,t,12,w,0.57,0
14,550,Refrigerated,P,"['Onion', 'Potato', 'Cotton', 'Tomato', 'Grains', 'Fruits']",Thursday,t,11,w,0.3,1
6,586,Open,P,"['Onion', 'Potato', 'Cotton', 'Tomato', 'Grains', 'Fruits']",Sunday,t,0,w,0.3,1
10,59,Open,P,"['Onion', 'Potato', 'Cotton', 'Tomato', 'Grains', 'Fruits']",Wednesday,t,15,w,0.21,0
6,592,Refrigerated,P,"['Onion', 'Potato', 'Cotton', 'Tomato', 'Grains', 'Fruits']",Friday,t,0,w,0.8,1
8,586,Open,P,"['Onion', 'Potato', 'Cotton', 'Tomato', 'Grains', 'Fruits']",Tuesday,t,11,w,0.8,0
20,299,Refrigerated,P,"['Onion', 'Potato', 'Cotton', 'Tomato', 'Grains', 'Fruits']",Wednesday,t,1,w,0.5,1
6,225,Open,P,"['Onion', 'Potato', 'Cotton', 'Tomato', 'Grains', 'Fruits']",Sunday,t,10,w,0.87,1
20,327,Open,P,"['Onion', 'Potato', 'Cotton', 'Tomato', 'Grains', 'Fruits']",Saturday,t,1,w,0.9,0
10,457,Open,P,"['Onion', 'Potato', 'Cotton', 'Tomato', 'Grains', 'Fruits']",Tuesday,t,12,w,0.49,0
8,562,Refrigerated,P,"['Onion', 'Potato', 'Cotton', 'Tomato', 'Grains', 'Fruits']",Monday,t,13,w,0.83,0
18,384,Open,P,"['Onion', 'Potato', 'Cotton', 'Tomato', 'Grains', 'Fruits']",Sunday,t,15,w,0.47,0
18,137,Refrigerated,P,"['Onion', 'Potato', 'Cotton', 'Tomato', 'Grains', 'Fruits']",Sunday,t,2,w,0.4,0
10,448,Closed,P,"['Onion', 'Potato', 'Cotton', 'Tomato', 'Grains', 'Fruits']",Monday,t,0,w,0.53,1
8,241,Closed,P,"['Onion', 'Potato', 'Cotton', 'Tomato', 'Grains', 'Fruits']",Friday,t,3,w,0.27,0
16,444,Open,P,"['Onion', 'Potato', 'Cotton', 'Tomato', 'Grains', 'Fruits']",Thursday,t,2,w,0.63,1
10,325,Closed,P,"['Onion', 'Potato', 'Cotton', 'Tomato', 'Grains', 'Fruits']",Thursday,t,2,w,0.53,1
8,419,Closed,P,"['Onion', 'Potato', 'Cotton', 'Tomato', 'Grains', 'Fruits']",Saturday,t,6,w,0.28,0
16,439,Closed,P,"['Onion', 'Potato', 'Cotton', 'Tomato', 'Grains', 'Fruits']",Wednesday,t,4,w,0.44,1
16,231,Closed,P,"['Onion', 'Potato', 'Cotton', 'Tomato', 'Grains', 'Fruits']",Wednesday,t,7,w,0.48,0
8,254,Refrigerated,P,"['Onion', 'Potato', 'Cotton', 'Tomato', 'Grains', 'Fruits']",Saturday,t,14,w,0.53,0
18,561,Open,P,"['Onion', 'Potato', 'Cotton', 'Tomato', 'Grains', 'Fruits']",Tuesday,t,4,w,0.79,0
20,460,Refrigerated,P,"['Onion', 'Potato', 'Cotton', 'Tomato', 'Grains', 'Fruits']",Friday,t,11,w,0.28,0
10,95,Refrigerated,P,"['Onion', 'Potato', 'Cotton', 'Tomato', 'Grains', 'Fruits']",Sunday,t,13,w,0.21,0
12,506,Closed,P,"['Onion', 'Potato', 'Cotton', 'Tomato', 'Grains', 'Fruits']",Thursday,t,11,w,0.56,0
8,168,Refrigerated,P,"['Onion', 'Potato', 'Cotton', 'Tomato', 'Grains', 'Fruits']",Wednesday,t,10,w,0.79,0
8,498,Refrigerated,P,"['Onion', 'Potato', 'Cotton', 'Tomato', 'Grains', 'Fruits']",Wednesday,t,9,w,0.81,0
8,218,Refrigerated,P,"['Onion', 'Potato', 'Cotton', 'Tomato', 'Grains', 'Fruits']",Friday,t,5,w,0.62,1
18,238,Open,P,"['Onion', 'Potato', 'Cotton', 'Tomato', 'Grains', 'Fruits']",Thursday,t,6,w,0.64,0
12,335,Refrigerated,P,"['Onion', 'Potato', 'Cotton', 'Tomato', 'Grains', 'Fruits']",Friday,t,5,w,0.44,1
20,590,Refrigerated,P,"['Onion', 'Potato', 'Cotton', 'Tomato', 'Grains', 'Fruits']",Friday,t,12,w,0.46,0
14,136,Refrigerated,P,"['Onion', 'Potato', 'Cotton', 'Tomato', 'Grains', 'Fruits']",Wednesday,t,7,w,0.29,1
18,478,Refrigerated,P,"['Onion', 'Potato', 'Cotton', 'Tomato', 'Grains', 'Fruits']",Friday,t,13,w,0.57,0
10,220,Closed,P,"['Onion', 'Potato', 'Cotton', 'Tomato', 'Grains', 'Fruits']",Tuesday,t,10,w,0.66,0
20,189,Open,P,"['Onion', 'Potato', 'Cotton', 'Tomato', 'Grains', 'Fruits']",Friday,t,13,w,0.51,0
8,81,Open,P,"['Onion', 'Potato', 'Cotton', 'Tomato', 'Grains', 'Fruits']",Monday,t,7,w,0.33,0
20,573,Open,P,"['Onion', 'Potato', 'Cotton', 'Tomato', 'Grains', 'Fruits']",Wednesday,t,1,w,0.61,1
12,354,Open,P,"['Onion', 'Potato', 'Cotton', 'Tomato', 'Grains', 'Fruits']",Wednesday,t,2,w,0.85,0
12,409,Refrigerated,P,"['Onion', 'Potato', 'Cotton', 'Tomato', 'Grains', 'Fruits']",Tuesday,t,6,w,0.8,0
10,381,Refrigerated,P,"['Onion', 'Potato', 'Cotton', 'Tomato', 'Grains', 'Fruits']",Wednesday,t,3,w,0.92,0
14,179,Refrigerated,P,"['Onion', 'Potato', 'Cotton', 'Tomato', 'Grains', 'Fruits']",Tuesday,t,10,w,0.77,0
14,474,Closed,P,"['Onion', 'Potato', 'Cotton', 'Tomato', 'Grains', 'Fruits']",Monday,t,12,w,0.72,0
20,385,Refrigerated,P,"['Onion', 'Potato', 'Cotton', 'Tomato', 'Grains', 'Fruits']",Sunday,t,14,w,0.84,0
18,266,Closed,P,"['Onion', 'Potato', 'Cotton', 'Tomato', 'Grains', 'Fruits']",Wednesday,t,10,w,0.62,0
6,97,Open,P,"['Onion', 'Potato', 'Cotton', 'Tomato', 'Grains', 'Fruits']",Monday,t,5,w,0.54,1
10,359,Open,P,"['Onion', 'Potato', 'Cotton', 'Tomato', 'Grains', 'Fruits']",Monday,t,8,w,0.48,1
18,362,Refrigerated,P,"['Onion', 'Potato', 'Cotton', 'Tomato', 'Grains', 'Fruits']",Thursday,t,3,w,0.36,0
20,59,Open,P,"['Onion', 'Potato', 'Cotton', 'Tomato', 'Grains', 'Fruits']",Sunday,t,13,w,0.56,1
8,155,Closed,P,"['Onion', 'Potato', 'Cotton', 'Tomato', 'Grains', 'Fruits']",Wednesday,t,12,w,0.68,1
6,218,Closed,P,"['Onion', 'Potato', 'Cotton', 'Tomato', 'Grains', 'Fruits']",Saturday,t,4,w,0.66,1
8,193,Open,P,"['Onion', 'Potato', 'Cotton', 'Tomato', 'Grains', 'Fruits']",Wednesday,t,10,w,0.39,1
14,77,Refrigerated,P,"['Onion', 'Potato', 'Cotton', 'Tomato', 'Grains', 'Fruits']",Tuesday,t,12,w,0.68,0
12,556,Closed,P,"['Onion', 'Potato', 'Cotton', 'Tomato', 'Grains', 'Fruits']",Tuesday,t,2,w,0.94,1
18,424,Refrigerated,P,"['Onion', 'Potato', 'Cotton', 'Tomato', 'Grains', 'Fruits']",Sunday,t,2,w,0.64,1
6,457,Refrigerated,P,"['Onion', 'Potato', 'Cotton', 'Tomato', 'Grains', 'Fruits']",Saturday,t,13,w,0.26,0
14,135,Closed,P,"['Onion', 'Potato', 'Cotton', 'Tomato', 'Grains', 'Fruits']",Friday,t,4,w,0.49,0
8,367,Refrigerated,P,"['Onion', 'Potato', 'Cotton', 'Tomato', 'Grains', 'Fruits']",Saturday,t,1,w,0.26,1
6,366,Refrigerated,P,"['Onion', 'Potato', 'Cotton', 'Tomato', 'Grains', 'Fruits']",Monday,t,4,w,0.32,1
14,220,Closed,P,"['Onion', 'Potato', 'Cotton', 'Tomato', 'Grains', 'Fruits']",Saturday,t,3,w,0.45,0
14,128,Closed,P,"['Onion', 'Potato', 'Cotton', 'Tomato', 'Grains', 'Fruits']",Friday,t,1,w,0.84,1
8,168,Open,P,"['Onion', 'Potato', 'Cotton', 'Tomato', 'Grains', 'Fruits']",Monday,t,7,w,0.55,1
6,479,Open,P,"['Onion', 'Potato', 'Cotton', 'Tomato', 'Grains', 'Fruits']",Tuesday,t,10,w,0.82,1
6,233,Open,P,"['Onion', 'Potato', 'Cotton', 'Tomato', 'Grains', 'Fruits']",Thursday,t,14,w,0.78,1
20,58,Closed,P,"['Onion', 'Potato', 'Cotton', 'Tomato', 'Grains', 'Fruits']",Wednesday,t,7,w,0.48,0
12,301,Open,P,"['Onion', 'Potato', 'Cotton', 'Tomato', 'Grains', 'Fruits']",Thursday,t,7,w,0.68,1
16,51,Refrigerated,P,"['Onion', 'Potato', 'Cotton', 'Tomato', 'Grains', 'Fruits']",Sunday,t,3,w,0.6,0
6,195,Refrigerated,P,"['Onion', 'Potato', 'Cotton', 'Tomato', 'Grains', 'Fruits']",Monday,t,7,w,0.73,0
8,147,Refrigerated,P,"['Onion', 'Potato', 'Cotton', 'Tomato', 'Grains', 'Fruits']",Saturday,t,2,w,0.53,1
14,372,Closed,P,"['Onion', 'Potato', 'Cotton', 'Tomato', 'Grains', 'Fruits']",Wednesday,t,8,w,0.26,0
8,209,Open,P,"['Onion', 'Potato', 'Cotton', 'Tomato', 'Grains', 'Fruits']",Thursday,t,10,w,0.29,0
20,365,Closed,P,"['Onion', 'Potato', 'Cotton', 'Tomato', 'Grains', 'Fruits']",Sunday,t,2,w,0.81,0
6,270,Closed,P,"['Onion', 'Potato', 'Cotton', 'Tomato', 'Grains', 'Fruits']",Monday,t,11,w,0.59,1
10,81,Closed,P,"['Onion', 'Potato', 'Cotton', 'Tomato', 'Grains', 'Fruits']",Friday,t,3,w,0.28,1
6,277,Open,P,"['Onion', 'Potato', 'Cotton', 'Tomato', 'Grains', 'Fruits']",Sunday,t,11,w,0.64,0
6,116,Open,P,"['Onion', 'Potato', 'Cotton', 'Tomato', 'Grains', 'Fruits']",Sunday,t,2,w,0.29,1
18,454,Closed,P,"['Onion', 'Potato', 'Cotton', 'Tomato', 'Grains', 'Fruits']",Thursday,t,5,w,0.36,1
10,85,Refrigerated,P,"['Onion', 'Potato', 'Cotton', 'Tomato', 'Grains', 'Fruits']",Saturday,t,15,w,0.86,1
18,190,Closed,P,"['Onion', 'Potato', 'Cotton', 'Tomato', 'Grains', 'Fruits']",Saturday,t,0,w,0.79,0
20,402,Refrigerated,P,"['Onion', 'Potato', 'Cotton', 'Tomato', 'Grains', 'Fruits']",Thursday,t,5,w,0.44,0
14,109,Closed,P,"['Onion', 'Potato', 'Cotton', 'Tomato', 'Grains', 'Fruits']",Sunday,t,5,w,0.39,0
6,274,Refrigerated,P,"['Onion', 'Potato', 'Cotton', 'Tomato', 'Grains', 'Fruits']",Wednesday,t,5,w,0.64,0
6,410,Refrigerated,P,"['Onion', 'Potato', 'Cotton', 'Tomato', 'Grains', 'Fruits']",Friday,t,15,w,0.33,1
12,70,Refrigerated,P,"['Onion', 'Potato', 'Cotton', 'Tomato', 'Grains', 'Fruits']",Monday,t,6,w,0.46,0
16,110,Open,P,"['Onion', 'Potato', 'Cotton', 'Tomato', 'Grains', 'Fruits']",Friday,t,3,w,0.92,0
18,153,Closed,P,"['Onion', 'Potato', 'Cotton', 'Tomato', 'Grains', 'Fruits']",Wednesday,t,5,w,0.79,0
10,415,Open,P,"['Onion', 'Potato', 'Cotton', 'Tomato', 'Grains', 'Fruits']",Thursday,t,9,w,0.33,0
18,83,Open,P,"['Onion', 'Potato', 'Cotton', 'Tomato', 'Grains', 'Fruits']",Sunday,t,3,w,0.31,1
16,221,Refrigerated,P,"['Onion', 'Potato', 'Cotton', 'Tomato', 'Grains', 'Fruits']",Sunday,t,14,w,0.4,1
14,160,Refrigerated,P,"['Onion', 'Potato', 'Cotton', 'Tomato', 'Grains', 'Fruits']",Monday,t,14,w,0.93,0
18,409,Refrigerated,P,"['Onion', 'Potato', 'Cotton', 'Tomato', 'Grains', 'Fruits']",Monday,t,7,w,0.54,1
6,376,Closed,P,"['Onion', 'Potato', 'Cotton', 'Tomato', 'Grains', 'Fruits']",Monday,t,5,w,0.32,0
8,396,Refrigerated,P,"['Onion', 'Potato', 'Cotton', 'Tomato', 'Grains', 'Fruits']",Saturday,t,13,w,0.66,1
16,260,Open,P,"['Onion', 'Potato', 'Cotton', 'Tomato', 'Grains', 'Fruits']",Saturday,t,9,w,0.38,0
20,207,Open,P,"['Onion', 'Potato', 'Cotton', 'Tomato', 'Grains', 'Fruits']",Monday,t,2,w,0.82,1
8,76,Open,P,"['Onion', 'Potato', 'Cotton', 'Tomato', 'Grains', 'Fruits']",Saturday,t,2,w,0.83,1
20,321,Open,P,"['Onion', 'Potato', 'Cotton', 'Tomato', 'Grains', 'Fruits']",Tuesday,t,12,w,0.34,0
14,281,Closed,P,"['Onion', 'Potato', 'Cotton', 'Tomato', 'Grains', 'Fruits']",Tuesday,t,2,w,0.81,0
12,112,Closed,P,"['Onion', 'Potato', 'Cotton', 'Tomato', 'Grains', 'Fruits']",Friday,t,7,w,0.42,0
6,564,Refrigerated,P,"['Onion', 'Potato', 'Cotton', 'Tomato', 'Grains', 'Fruits']",Monday,t,5,w,0.93,1
18,130,Refrigerated,P,"['Onion', 'Potato', 'Cotton', 'Tomato', 'Grains', 'Fruits']",Tuesday,t,8,w,0.88,1
18,456,Refrigerated,P,"['Onion', 'Potato', 'Cotton', 'Tomato', 'Grains', 'Fruits']",Sunday,t,14,w,0.79,0
18,165,Closed,P,"['Onion', 'Potato', 'Cotton', 'Tomato', 'Grains', 'Fruits']",Tuesday,t,3,w,0.79,0
18,320,Closed,P,"['Onion', 'Potato', 'Cotton', 'Tomato', 'Grains', 'Fruits']",Friday,t,1,w,0.41,0
18,89,Closed,P,"['Onion', 'Potato', 'Cotton', 'Tomato', 'Grains', 'Fruits']",Saturday,t,1,w,0.89,1
14,368,Closed,P,"['Onion', 'Potato', 'Cotton', 'Tomato', 'Grains', 'Fruits']",Sunday,t,7,w,0.43,0
16,325,Refrigerated,P,"['Onion', 'Potato', 'Cotton', 'Tomato', 'Grains', 'Fruits']",Friday,t,6,w,0.36,0
16,107,Refrigerated,P,"['Onion', 'Potato', 'Cotton', 'Tomato', 'Grains', 'Fruits']",Monday,t,12,w,0.79,0
10,247,Open,P,"['Onion', 'Potato', 'Cotton', 'Tomato', 'Grains', 'Fruits']",Tuesday,t,14,w,0.89,0
20,567,Closed,P,"['Onion', 'Potato', 'Cotton', 'Tomato', 'Grains', 'Fruits']",Saturday,t,7,w,0.57,0
20,408,Closed,P,"['Onion', 'Potato', 'Cotton', 'Tomato', 'Grains', 'Fruits']",Sunday,t,2,w,0.22,0
12,276,Refrigerated,P,"['Onion', 'Potato', 'Cotton', 'Tomato', 'Grains', 'Fruits']",Saturday,t,8,w,0.58,0
6,535,Open,P,"['Onion', 'Potato', 'Cotton', 'Tomato', 'Grains', 'Fruits']",Friday,t,7,w,0.66,0
14,483,Closed,P,"['Onion', 'Potato', 'Cotton', 'Tomato', 'Grains', 'Fruits']",Thursday,t,6,w,0.43,0
8,57,Refrigerated,P,"['Onion', 'Potato', 'Cotton', 'Tomato', 'Grains', 'Fruits']",Friday,t,9,w,0.56,0
16,333,Closed,P,"['Onion', 'Potato', 'Cotton', 'Tomato', 'Grains', 'Fruits']",Tuesday,t,7,w,0.8,0
16,193,Refrigerated,P,"['Onion', 'Potato', 'Cotton', 'Tomato', 'Grains', 'Fruits']",Saturday,t,9,w,0.88,0
12,401,Refrigerated,P,"['Onion', 'Potato', 'Cotton', 'Tomato', 'Grains', 'Fruits']",Saturday,t,11,w,0.83,0
10,350,Open,P,"['Onion', 'Potato', 'Cotton', 'Tomato', 'Grains', 'Fruits']",Tuesday,t,5,w,0.69,1
14,480,Closed,P,"['Onion', 'Potato', 'Cotton', 'Tomato', 'Grains', 'Fruits']",Wednesday,t,14,w,0.55,0
8,533,Open,P,"['Onion', 'Potato', 'Cotton', 'Tomato', 'Grains', 'Fruits']",Sunday,t,9,w,0.24,1
12,400,Closed,P,"['Onion', 'Potato', 'Cotton', 'Tomato', 'Grains', 'Fruits']",Tuesday,t,5,w,0.57,1
6,54,Closed,P,"['Onion', 'Potato', 'Cotton', 'Tomato', 'Grains', 'Fruits']",Tuesday,t,5,w,0.79,1
18,489,Closed,P,"['Onion', 'Potato', 'Cotton', 'Tomato', 'Grains', 'Fruits']",Thursday,t,0,w,0.6,0
16,593,Open,P,"['Onion', 'Potato', 'Cotton', 'Tomato', 'Grains', 'Fruits']",Saturday,t,7,w,0.72,1
18,565,Refrigerated,P,"['Onion', 'Potato', 'Cotton', 'Tomato', 'Grains', 'Fruits']",Tuesday,t,1,w,0.91,1
16,494,Refrigerated,P,"['Onion', 'Potato', 'Cotton', 'Tomato', 'Grains', 'Fruits']",Wednesday,t,11,w,0.32,0
6,283,Open,P,"['Onion', 'Potato', 'Cotton', 'Tomato', 'Grains', 'Fruits']",Tuesday,t,5,w,0.47,1
14,597,Refrigerated,P,"['Onion', 'Potato', 'Cotton', 'Tomato', 'Grains', 'Fruits']",Friday,t,3,w,0.24,1
8,308,Closed,P,"['Onion', 'Potato', 'Cotton', 'Tomato', 'Grains', 'Fruits']",Tuesday,t,9,w,0.7,0
10,478,Open,P,"['Onion', 'Potato', 'Cotton', 'Tomato', 'Grains', 'Fruits']",Wednesday,t,3,w,0.35,1
12,416,Refrigerated,P,"['Onion', 'Potato', 'Cotton', 'Tomato', 'Grains', 'Fruits']",Wednesday,t,1,w,0.88,1
12,52,Open,P,"['Onion', 'Potato', 'Cotton', 'Tomato', 'Grains', 'Fruits']",Monday,t,4,w,0.78,0
14,286,Closed,P,"['Onion', 'Potato', 'Cotton', 'Tomato', 'Grains', 'Fruits']",Wednesday,t,1,w,0.81,0
16,370,Closed,P,"['Onion', 'Potato', 'Cotton', 'Tomato', 'Grains', 'Fruits']",Monday,t,0,w,0.7,1
20,324,Refrigerated,P,"['Onion', 'Potato', 'Cotton', 'Tomato', 'Grains', 'Fruits']",Wednesday,t,5,w,0.5,1
18,539,Closed,P,"['Onion', 'Potato', 'Cotton', 'Tomato', 'Grains', 'Fruits']",Monday,t,1,w,0.28,1
20,235,Refrigerated,P,"['Onion', 'Potato', 'Cotton', 'Tomato', 'Grains', 'Fruits']",Sunday,t,0,w,0.56,0
20,97,Open,P,"['Onion', 'Potato', 'Cotton', 'Tomato', 'Grains', 'Fruits']",Saturday,t,0,w,0.93,1
8,493,Refrigerated,P,"['Onion', 'Potato', 'Cotton', 'Tomato', 'Grains', 'Fruits']",Thursday,t,12,w,0.83,0
6,61,Refrigerated,P,"['Onion', 'Potato', 'Cotton', 'Tomato', 'Grains', 'Fruits']",Friday,t,15,w,0.26,1
14,101,Refrigerated,P,"['Onion', 'Potato', 'Cotton', 'Tomato', 'Grains', 'Fruits']",Friday,t,12,w,0.26,0
8,560,Closed,P,"['Onion', 'Potato', 'Cotton', 'Tomato', 'Grains', 'Fruits']",Monday,t,0,w,0.5,1
8,361,Refrigerated,P,"['Onion', 'Potato', 'Cotton', 'Tomato', 'Grains', 'Fruits']",Saturday,t,10,w,0.82,0
16,534,Refrigerated,P,"['Onion', 'Potato', 'Cotton', 'Tomato', 'Grains', 'Fruits']",Saturday,t,3,w,0.77,1
14,584,Closed,P,"['Onion', 'Potato', 'Cotton', 'Tomato', 'Grains', 'Fruits']",Monday,t,15,w,0.82,0
14,250,Open,P,"['Onion', 'Potato', 'Cotton', 'Tomato', 'Grains', 'Fruits']",Sunday,t,6,w,0.82,0
18,97,Refrigerated,P,"['Onion', 'Potato', 'Cotton', 'Tomato', 'Grains', 'Fruits']",Sunday,t,14,w,0.92,0
18,544,Refrigerated,P,"['Onion', 'Potato', 'Cotton', 'Tomato', 'Grains', 'Fruits']",Saturday,t,4,w,0.49,0
18,478,Refrigerated,P,"['Onion', 'Potato', 'Cotton', 'Tomato', 'Grains', 'Fruits']",Wednesday,t,10,w,0.54,0
14,371,Refrigerated,P,"['Onion', 'Potato', 'Cotton', 'Tomato', 'Grains', 'Fruits']",Tuesday,t,9,w,0.89,0
10,565,Refrigerated,P,"['Onion', 'Potato', 'Cotton', 'Tomato', 'Grains', 'Fruits']",Saturday,t,11,w,0.64,0
14,482,Open,P,"['Onion', 'Potato', 'Cotton', 'Tomato', 'Grains', 'Fruits']",Monday,t,4,w,0.7,0
10,343,Refrigerated,P,"['Onion', 'Potato', 'Cotton', 'Tomato', 'Grains', 'Fruits']",Tuesday,t,9,w,0.77,0
8,279,Refrigerated,P,"['Onion', 'Potato', 'Cotton', 'Tomato', 'Grains', 'Fruits']",Tuesday,t,1,w,0.49,0
16,105,Open,P,"['Onion', 'Potato', 'Cotton', 'Tomato', 'Grains', 'Fruits']",Tuesday,t,7,w,0.77,0
12,351,Closed,P,"['Onion', 'Potato', 'Cotton', 'Tomato', 'Grains', 'Fruits']",Saturday,t,5,w,0.75,1
14,320,Open,P,"['Onion', 'Potato', 'Cotton', 'Tomato', 'Grains', 'Fruits']",Friday,t,0,w,0.55,1
16,102,Refrigerated,P,"['Onion', 'Potato', 'Cotton', 'Tomato', 'Grains', 'Fruits']",Thursday,t,2,w,0.59,1
10,475,Refrigerated,P,"['Onion', 'Potato', 'Cotton', 'Tomato', 'Grains', 'Fruits']",Monday,t,7,w,0.7,0
20,59,Open,P,"['Onion', 'Potato', 'Cotton', 'Tomato', 'Grains', 'Fruits']",Thursday,t,7,w,0.71,0
8,445,Closed,P,"['Onion', 'Potato', 'Cotton', 'Tomato', 'Grains', 'Fruits']",Monday,t,14,w,0.23,1
8,148,Open,P,"['Onion', 'Potato', 'Cotton', 'Tomato', 'Grains', 'Fruits']",Saturday,t,6,w,0.85,1
18,123,Refrigerated,P,"['Onion', 'Potato', 'Cotton', 'Tomato', 'Grains', 'Fruits']",Monday,t,10,w,0.27,0
8,283,Closed,P,"['Onion', 'Potato', 'Cotton', 'Tomato', 'Grains', 'Fruits']",Thursday,t,12,w,0.44,1
6,114,Refrigerated,P,"['Onion', 'Potato', 'Cotton', 'Tomato', 'Grains', 'Fruits']",Saturday,t,11,w,0.42,0
14,498,Closed,P,"['Onion', 'Potato', 'Cotton', 'Tomato', 'Grains', 'Fruits']",Sunday,t,15,w,0.6,0
14,197,Closed,P,"['Onion', 'Potato', 'Cotton', 'Tomato', 'Grains', 'Fruits']",Monday,t,3,w,0.2,1
8,362,Open,P,"['Onion', 'Potato', 'Cotton', 'Tomato', 'Grains', 'Fruits']",Tuesday,t,4,w,0.34,1
8,235,Refrigerated,P,"['Onion', 'Potato', 'Cotton', 'Tomato', 'Grains', 'Fruits']",Sunday,t,2,w,0.7,1
20,388,Closed,P,"['Onion', 'Potato', 'Cotton', 'Tomato', 'Grains', 'Fruits']",Saturday,t,3,w,0.66,1
20,386,Refrigerated,P,"['Onion', 'Potato', 'Cotton', 'Tomato', 'Grains', 'Fruits']",Saturday,t,11,w,0.92,0
12,496,Closed,P,"['Onion', 'Potato', 'Cotton', 'Tomato', 'Grains', 'Fruits']",Tuesday,t,15,w,0.53,0
8,229,Refrigerated,P,"['Onion', 'Potato', 'Cotton', 'Tomato', 'Grains', 'Fruits']",Sunday,t,4,w,0.4,1
8,69,Refrigerated,P,"['Onion', 'Potato', 'Cotton', 'Tomato', 'Grains', 'Fruits']",Sunday,t,6,w,0.61,0
20,202,Closed,P,"['Onion', 'Potato', 'Cotton', 'Tomato', 'Grains', 'Fruits']",Tuesday,t,4,w,0.58,0
6,294,Refrigerated,P,"['Onion', 'Potato', 'Cotton', 'Tomato', 'Grains', 'Fruits']",Sunday,t,14,w,0.33,0
10,545,Closed,P,"['Onion', 'Potato', 'Cotton', 'Tomato', 'Grains', 'Fruits']",Tuesday,t,7,w,0.4,0
16,447,Closed,P,"['Onion', 'Potato', 'Cotton', 'Tomato', 'Grains', 'Fruits']",Monday,t,10,w,0.73,0
14,228,Closed,P,"['Onion', 'Potato', 'Cotton', 'Tomato', 'Grains', 'Fruits']",Wednesday,t,8,w,0.93,0
16,548,Closed,P,"['Onion', 'Potato', 'Cotton', 'Tomato', 'Grains', 'Fruits']",Friday,t,14,w,0.37,1
10,241,Open,P,"['Onion', 'Potato', 'Cotton', 'Tomato', 'Grains', 'Fruits']",Friday,t,7,w,0.81,0
20,540,Open,P,"['Onion', 'Potato', 'Cotton', 'Tomato', 'Grains', 'Fruits']",Saturday,t,0,w,0.23,1
6,200,Open,P,"['Onion', 'Potato', 'Cotton', 'Tomato', 'Grains', 'Fruits']",Wednesday,t,12,w,0.86,0
8,271,Closed,P,"['Onion', 'Potato', 'Cotton', 'Tomato', 'Grains', 'Fruits']",Sunday,t,5,w,0.82,0
10,573,Closed,P,"['Onion', 'Potato', 'Cotton', 'Tomato', 'Grains', 'Fruits']",Saturday,t,14,w,0.37,1
12,585,Refrigerated,P,"['Onion', 'Potato', 'Cotton', 'Tomato', 'Grains', 'Fruits']",Sunday,t,3,w,0.56,1
8,145,Closed,P,"['Onion', 'Potato', 'Cotton', 'Tomato', 'Grains', 'Fruits']",Friday,t,13,w,0.48,0
12,543,Closed,P,"['Onion', 'Potato', 'Cotton', 'Tomato', 'Grains', 'Fruits']",Friday,t,13,w,0.39,0
8,340,Refrigerated,P,"['Onion', 'Potato', 'Cotton', 'Tomato', 'Grains', 'Fruits']",Wednesday,t,0,w,0.63,1
12,373,Closed,P,"['Onion', 'Potato', 'Cotton', 'Tomato', 'Grains', 'Fruits']",Monday,t,13,w,0.4,0
14,456,Open,P,"['Onion', 'Potato', 'Cotton', 'Tomato', 'Grains', 'Fruits']",Friday,t,5,w,0.62,0
16,457,Refrigerated,P,"['Onion', 'Potato', 'Cotton', 'Tomato', 'Grains', 'Fruits']",Sunday,t,7,w,0.79,1
18,396,Refrigerated,P,"['Onion', 'Potato', 'Cotton', 'Tomato', 'Grains', 'Fruits']",Tuesday,t,0,w,0.82,0
8,115,Closed,P,"['Onion', 'Potato', 'Cotton', 'Tomato', 'Grains', 'Fruits']",Wednesday,t,1,w,0.9,0
14,108,Open,P,"['Onion', 'Potato', 'Cotton', 'Tomato', 'Grains', 'Fruits']",Thursday,t,6,w,0.35,0
12,223,Refrigerated,P,"['Onion', 'Potato', 'Cotton', 'Tomato', 'Grains', 'Fruits']",Wednesday,t,0,w,0.27,1
18,465,Refrigerated,P,"['Onion', 'Potato', 'Cotton', 'Tomato', 'Grains', 'Fruits']",Friday,t,2,w,0.61,1
16,405,Closed,P,"['Onion', 'Potato', 'Cotton', 'Tomato', 'Grains', 'Fruits']",Friday,t,14,w,0.63,0
8,124,Refrigerated,P,"['Onion', 'Potato', 'Cotton', 'Tomato', 'Grains', 'Fruits']",Wednesday,t,8,w,0.72,0
12,397,Closed,P,"['Onion', 'Potato', 'Cotton', 'Tomato', 'Grains', 'Fruits']",Friday,t,15,w,0.39,0
12,285,Closed,P,"['Onion', 'Potato', 'Cotton', 'Tomato', 'Grains', 'Fruits']",Wednesday,t,8,w,0.42,0
16,127,Refrigerated,P,"['Onion', 'Potato', 'Cotton', 'Tomato', 'Grains', 'Fruits']",Thursday,t,11,w,0.87,0
12,560,Refrigerated,P,"['Onion', 'Potato', 'Cotton', 'Tomato', 'Grains', 'Fruits']",Tuesday,t,8,w,0.37,0
16,209,Open,P,"['Onion', 'Potato', 'Cotton', 'Tomato', 'Grains', 'Fruits']",Monday,t,0,w,0.84,1
14,552,Open,P,"['Onion', 'Potato', 'Cotton', 'Tomato', 'Grains', 'Fruits']",Thursday,t,4,w,0.59,0
6,564,Closed,P,"['Onion', 'Potato', 'Cotton', 'Tomato', 'Grains', 'Fruits']",Sunday,t,14,w,0.72,0
6,265,Closed,P,"['Onion', 'Potato', 'Cotton', 'Tomato', 'Grains', 'Fruits']",Wednesday,t,8,w,0.61,0
16,424,Open,P,"['Onion', 'Potato', 'Cotton', 'Tomato', 'Grains', 'Fruits']",Thursday,t,13,w,0.47,0
10,284,Open,P,"['Onion', 'Potato', 'Cotton', 'Tomato', 'Grains', 'Fruits']",Sunday,t,13,w,0.35,0
20,59,Open,P,"['Onion', 'Potato', 'Cotton', 'Tomato', 'Grains', 'Fruits']",Thursday,t,10,w,0.43,0
18,151,Refrigerated,P,"['Onion', 'Potato', 'Cotton', 'Tomato', 'Grains', 'Fruits']",Monday,t,8,w,0.83,0
14,419,Closed,P,"['Onion', 'Potato', 'Cotton', 'Tomato', 'Grains', 'Fruits']",Wednesday,t,13,w,0.46,0
10,341,Closed,P,"['Onion', 'Potato', 'Cotton', 'Tomato', 'Grains', 'Fruits']",Saturday,t,14,w,0.49,0
10,221,Refrigerated,P,"['Onion', 'Potato', 'Cotton', 'Tomato', 'Grains', 'Fruits']",Thursday,t,2,w,0.32,1
14,323,Refrigerated,P,"['Onion', 'Potato', 'Cotton', 'Tomato', 'Grains', 'Fruits']",Wednesday,t,11,w,0.51,1
12,307,Refrigerated,P,"['Onion', 'Potato', 'Cotton', 'Tomato', 'Grains', 'Fruits']",Tuesday,t,12,w,0.27,1
6,76,Closed,P,"['Onion', 'Potato', 'Cotton', 'Tomato', 'Grains', 'Fruits']",Monday,t,4,w,0.69,1
12,340,Closed,P,"['Onion', 'Potato', 'Cotton', 'Tomato', 'Grains', 'Fruits']",Tuesday,t,0,w,0.7,1
20,528,Refrigerated,P,"['Onion', 'Potato', 'Cotton', 'Tomato', 'Grains', 'Fruits']",Friday,t,4,w,0.64,0
18,586,Refrigerated,P,"['Onion', 'Potato', 'Cotton', 'Tomato', 'Grains', 'Fruits']",Wednesday,t,7,w,0.53,1
14,60,Open,P,"['Onion', 'Potato', 'Cotton', 'Tomato', 'Grains', 'Fruits']",Wednesday,t,15,w,0.72,0
14,59,Closed,P,"['Onion', 'Potato', 'Cotton', 'Tomato', 'Grains', 'Fruits']",Friday,t,0,w,0.34,1
12,217,Refrigerated,P,"['Onion', 'Potato', 'Cotton', 'Tomato', 'Grains', 'Fruits']",Sunday,t,7,w,0.26,0
14,341,Refrigerated,P,"['Onion', 'Potato', 'Cotton', 'Tomato', 'Grains', 'Fruits']",Thursday,t,2,w,0.3,1
20,328,Refrigerated,P,"['Onion', 'Potato', 'Cotton', 'Tomato', 'Grains', 'Fruits']",Tuesday,t,0,w,0.24,1
8,338,Closed,P,"['Onion', 'Potato', 'Cotton', 'Tomato', 'Grains', 'Fruits']",Saturday,t,0,w,0.27,1
18,369,Closed,P,"['Onion', 'Potato', 'Cotton', 'Tomato', 'Grains', 'Fruits']",Thursday,t,10,w,0.83,1
18,123,Refrigerated,P,"['Onion', 'Potato', 'Cotton', 'Tomato', 'Grains', 'Fruits']",Tuesday,t,8,w,0.82,0
12,444,Closed,P,"['Onion', 'Potato', 'Cotton', 'Tomato', 'Grains', 'Fruits']",Saturday,t,6,w,0.75,0
12,534,Closed,P,"['Onion', 'Potato', 'Cotton', 'Tomato', 'Grains', 'Fruits']",Wednesday,t,1,w,0.39,1
6,273,Open,P,"['Onion', 'Potato', 'Cotton', 'Tomato', 'Grains', 'Fruits']",Saturday,t,10,w,0.33,1
12,59,Open,P,"['Onion', 'Potato', 'Cotton', 'Tomato', 'Grains', 'Fruits']",Saturday,t,11,w,0.39,0
16,111,Open,P,"['Onion', 'Potato', 'Cotton', 'Tomato', 'Grains', 'Fruits']",Saturday,t,3,w,0.57,0
16,499,Refrigerated,P,"['Onion', 'Potato', 'Cotton', 'Tomato', 'Grains', 'Fruits']",Monday,t,11,w,0.39,0
14,551,Open,P,"['Onion', 'Potato', 'Cotton', 'Tomato', 'Grains', 'Fruits']",Friday,t,10,w,0.41,0
10,120,Refrigerated,P,"['Onion', 'Potato', 'Cotton', 'Tomato', 'Grains', 'Fruits']",Thursday,t,8,w,0.54,0
10,69,Refrigerated,P,"['Onion', 'Potato', 'Cotton', 'Tomato', 'Grains', 'Fruits']",Sunday,t,10,w,0.69,0
20,207,Refrigerated,P,"['Onion', 'Potato', 'Cotton', 'Tomato', 'Grains', 'Fruits']",Wednesday,t,10,w,0.27,1
10,232,Open,P,"['Onion', 'Potato', 'Cotton', 'Tomato', 'Grains', 'Fruits']",Monday,t,6,w,0.22,1
20,588,Refrigerated,P,"['Onion', 'Potato', 'Cotton', 'Tomato', 'Grains', 'Fruits']",Monday,t,7,w,0.21,0
8,529,Refrigerated,P,"['Onion', 'Potato', 'Cotton', 'Tomato', 'Grains', 'Fruits']",Wednesday,t,11,w,0.82,1
8,361,Open,P,"['Onion', 'Potato', 'Cotton', 'Tomato', 'Grains', 'Fruits']",Friday,t,3,w,0.6,0
12,233,Refrigerated,P,"['Onion', 'Potato', 'Cotton', 'Tomato', 'Grains', 'Fruits']",Saturday,t,11,w,0.73,1
10,461,Refrigerated,P,"['Onion', 'Potato', 'Cotton', 'Tomato', 'Grains', 'Fruits']",Saturday,t,14,w,0.88,0
16,472,Refrigerated,P,"['Onion', 'Potato', 'Cotton', 'Tomato', 'Grains', 'Fruits']",Sunday,t,7,w,0.48,0
16,513,Closed,P,"['Onion', 'Potato', 'Cotton', 'Tomato', 'Grains', 'Fruits']",Monday,t,9,w,0.59,1
14,277,Open,P,"['Onion', 'Potato', 'Cotton', 'Tomato', 'Grains', 'Fruits']",Monday,t,4,w,0.23,1
16,305,Open,P,"['Onion', 'Potato', 'Cotton', 'Tomato', 'Grains', 'Fruits']",Sunday,t,2,w,0.63,1
16,544,Open,P,"['Onion', 'Potato', 'Cotton', 'Tomato', 'Grains', 'Fruits']",Sunday,t,9,w,0.75,1
6,392,Closed,P,"['Onion', 'Potato', 'Cotton', 'Tomato', 'Grains', 'Fruits']",Thursday,t,7,w,0.68,1
6,376,Refrigerated,P,"['Onion', 'Potato', 'Cotton', 'Tomato', 'Grains', 'Fruits']",Wednesday,t,4,w,0.71,0
8,277,Closed,P,"['Onion', 'Potato', 'Cotton', 'Tomato', 'Grains', 'Fruits']",Sunday,t,4,w,0.45,0
18,318,Open,P,"['Onion', 'Potato', 'Cotton', 'Tomato', 'Grains', 'Fruits']",Friday,t,4,w,0.56,0
12,586,Open,P,"['Onion', 'Potato', 'Cotton', 'Tomato', 'Grains', 'Fruits']",Monday,t,13,w,0.71,1
18,483,Closed,P,"['Onion', 'Potato', 'Cotton', 'Tomato', 'Grains', 'Fruits']",Tuesday,t,11,w,0.78,0
20,199,Closed,P,"['Onion', 'Potato', 'Cotton', 'Tomato', 'Grains', 'Fruits']",Sunday,t,6,w,0.32,1
6,298,Refrigerated,P,"['Onion', 'Potato', 'Cotton', 'Tomato', 'Grains', 'Fruits']",Sunday,t,0,w,0.72,0
6,389,Open,P,"['Onion', 'Potato', 'Cotton', 'Tomato', 'Grains', 'Fruits']",Tuesday,t,15,w,0.72,0
6,311,Open,P,"['Onion', 'Potato', 'Cotton', 'Tomato', 'Grains', 'Fruits']",Wednesday,t,8,w,0.55,1
14,418,Open,P,"['Onion', 'Potato', 'Cotton', 'Tomato', 'Grains', 'Fruits']",Wednesday,t,7,w,0.58,0
20,594,Open,P,"['Onion', 'Potato', 'Cotton', 'Tomato', 'Grains', 'Fruits']",Tuesday,t,0,w,0.39,1
18,210,Open,P,"['Onion', 'Potato', 'Cotton', 'Tomato', 'Grains', 'Fruits']",Saturday,t,11,w,0.38,0
6,313,Closed,P,"['Onion', 'Potato', 'Cotton', 'Tomato', 'Grains', 'Fruits']",Friday,t,7,w,0.46,1
18,583,Refrigerated,P,"['Onion', 'Potato', 'Cotton', 'Tomato', 'Grains', 'Fruits']",Thursday,t,4,w,0.93,1
10,261,Refrigerated,P,"['Onion', 'Potato', 'Cotton', 'Tomato', 'Grains', 'Fruits']",Friday,t,4,w,0.72,0
18,198,Refrigerated,P,"['Onion', 'Potato', 'Cotton', 'Tomato', 'Grains', 'Fruits']",Wednesday,t,3,w,0.44,0
16,473,Closed,P,"['Onion', 'Potato', 'Cotton', 'Tomato', 'Grains', 'Fruits']",Thursday,t,4,w,0.28,0
14,286,Refrigerated,P,"['Onion', 'Potato', 'Cotton', 'Tomato', 'Grains', 'Fruits']",Tuesday,t,11,w,0.72,0
20,432,Open,P,"['Onion', 'Potato', 'Cotton', 'Tomato', 'Grains', 'Fruits']",Thursday,t,4,w,0.34,0
6,326,Closed,P,"['Onion', 'Potato', 'Cotton', 'Tomato', 'Grains', 'Fruits']",Saturday,t,6,w,0.33,1
20,382,Closed,P,"['Onion', 'Potato', 'Cotton', 'Tomato', 'Grains', 'Fruits']",Thursday,t,1,w,0.74,0
6,583,Open,P,"['Onion', 'Potato', 'Cotton', 'Tomato', 'Grains', 'Fruits']",Thursday,t,7,w,0.94,0
6,244,Closed,P,"['Onion', 'Potato', 'Cotton', 'Tomato', 'Grains', 'Fruits']",Thursday,t,9,w,0.32,0
10,524,Refrigerated,P,"['Onion', 'Potato', 'Cotton', 'Tomato', 'Grains', 'Fruits']",Monday,t,5,w,0.49,1
20,256,Closed,P,"['Onion', 'Potato', 'Cotton', 'Tomato', 'Grains', 'Fruits']",Wednesday,t,5,w,0.27,0
8,586,Refrigerated,P,"['Onion', 'Potato', 'Cotton', 'Tomato', 'Grains', 'Fruits']",Saturday,t,12,w,0.23,1
10,216,Open,P,"['Onion', 'Potato', 'Cotton', 'Tomato', 'Grains', 'Fruits']",Sunday,t,13,w,0.43,0
10,170,Open,P,"['Onion', 'Potato', 'Cotton', 'Tomato', 'Grains', 'Fruits']",Monday,t,0,w,0.57,0
20,293,Open,P,"['Onion', 'Potato', 'Cotton', 'Tomato', 'Grains', 'Fruits']",Thursday,t,14,w,0.65,0
14,262,Open,P,"['Onion', 'Potato', 'Cotton', 'Tomato', 'Grains', 'Fruits']",Tuesday,t,11,w,0.31,0
14,389,Open,P,"['Onion', 'Potato', 'Cotton', 'Tomato', 'Grains', 'Fruits']",Monday,t,5,w,0.7,0
10,516,Refrigerated,P,"['Onion', 'Potato', 'Cotton', 'Tomato', 'Grains', 'Fruits']",Monday,t,9,w,0.48,1
18,116,Closed,P,"['Onion', 'Potato', 'Cotton', 'Tomato', 'Grains', 'Fruits']",Tuesday,t,8,w,0.6,0
6,161,Refrigerated,P,"['Onion', 'Potato', 'Cotton', 'Tomato', 'Grains', 'Fruits']",Thursday,t,13,w,0.39,0
10,558,Refrigerated,P,"['Onion', 'Potato', 'Cotton', 'Tomato', 'Grains', 'Fruits']",Thursday,t,7,w,0.93,1
8,262,Refrigerated,P,"['Onion', 'Potato', 'Cotton', 'Tomato', 'Grains', 'Fruits']",Thursday,t,10,w,0.62,1
12,338,Closed,P,"['Onion', 'Potato', 'Cotton', 'Tomato', 'Grains', 'Fruits']",Wednesday,t,10,w,0.29,0
6,229,Open,P,"['Onion', 'Potato', 'Cotton', 'Tomato', 'Grains', 'Fruits']",Sunday,t,15,w,0.8,0
20,599,Closed,P,"['Onion', 'Potato', 'Cotton', 'Tomato', 'Grains', 'Fruits']",Sunday,t,1,w,0.62,1
6,263,Refrigerated,P,"['Onion', 'Potato', 'Cotton', 'Tomato', 'Grains', 'Fruits']",Sunday,t,2,w,0.41,0
10,448,Open,P,"['Onion', 'Potato', 'Cotton', 'Tomato', 'Grains', 'Fruits']",Sunday,t,10,w,0.4,0
16,512,Closed,P,"['Onion', 'Potato', 'Cotton', 'Tomato', 'Grains', 'Fruits']",Friday,t,5,w,0.48,1
8,504,Refrigerated,P,"['Onion', 'Potato', 'Cotton', 'Tomato', 'Grains', 'Fruits']",Sunday,t,4,w,0.46,0
14,385,Open,P,"['Onion', 'Potato', 'Cotton', 'Tomato', 'Grains', 'Fruits']",Sunday,t,6,w,0.54,0
6,368,Open,P,"['Onion', 'Potato', 'Cotton', 'Tomato', 'Grains', 'Fruits']",Wednesday,t,1,w,0.59,1
14,264,Closed,P,"['Onion', 'Potato', 'Cotton', 'Tomato', 'Grains', 'Fruits']",Tuesday,t,8,w,0.78,0
10,330,Open,P,"['Onion', 'Potato', 'Cotton', 'Tomato', 'Grains', 'Fruits']",Friday,t,6,w,0.61,0
14,300,Open,P,"['Onion', 'Potato', 'Cotton', 'Tomato', 'Grains', 'Fruits']",Wednesday,t,14,w,0.3,0
8,442,Open,P,"['Onion', 'Potato', 'Cotton', 'Tomato', 'Grains', 'Fruits']",Thursday,t,5,w,0.66,0
8,526,Refrigerated,P,"['Onion', 'Potato', 'Cotton', 'Tomato', 'Grains', 'Fruits']",Monday,t,3,w,0.43,0
20,287,Open,P,"['Onion', 'Potato', 'Cotton', 'Tomato', 'Grains', 'Fruits']",Sunday,t,11,w,0.34,1
16,514,Closed,P,"['Onion', 'Potato', 'Cotton', 'Tomato', 'Grains', 'Fruits']",Monday,t,3,w,0.56,1
16,180,Refrigerated,P,"['Onion', 'Potato', 'Cotton', 'Tomato', 'Grains', 'Fruits']",Thursday,t,10,w,0.79,0
18,294,Refrigerated,P,"['Onion', 'Potato', 'Cotton', 'Tomato', 'Grains', 'Fruits']",Friday,t,15,w,0.25,0
18,495,Refrigerated,P,"['Onion', 'Potato', 'Cotton', 'Tomato', 'Grains', 'Fruits']",Friday,t,5,w,0.75,0
8,524,Closed,P,"['Onion', 'Potato', 'Cotton', 'Tomato', 'Grains', 'Fruits']",Sunday,t,5,w,0.92,1
18,385,Closed,P,"['Onion', 'Potato', 'Cotton', 'Tomato', 'Grains', 'Fruits']",Monday,t,4,w,0.77,0
14,449,Refrigerated,P,"['Onion', 'Potato', 'Cotton', 'Tomato', 'Grains', 'Fruits']",Tuesday,t,10,w,0.63,1
18,402,Open,P,"['Onion', 'Potato', 'Cotton', 'Tomato', 'Grains', 'Fruits']",Friday,t,4,w,0.25,0
6,417,Open,P,"['Onion', 'Potato', 'Cotton', 'Tomato', 'Grains', 'Fruits']",Sunday,t,7,w,0.73,0
18,465,Closed,P,"['Onion', 'Potato', 'Cotton', 'Tomato', 'Grains', 'Fruits']",Friday,t,5,w,0.3,0
16,477,Open,P,"['Onion', 'Potato', 'Cotton', 'Tomato', 'Grains', 'Fruits']",Sunday,t,4,w,0.25,0
20,497,Open,P,"['Onion', 'Potato', 'Cotton', 'Tomato', 'Grains', 'Fruits']",Tuesday,t,14,w,0.67,0
20,443,Closed,P,"['Onion', 'Potato', 'Cotton', 'Tomato', 'Grains', 'Fruits']",Tuesday,t,0,w,0.84,1
18,425,Open,P,"['Onion', 'Potato', 'Cotton', 'Tomato', 'Grains', 'Fruits']",Friday,t,11,w,0.64,1
14,526,Refrigerated,P,"['Onion', 'Potato', 'Cotton', 'Tomato', 'Grains', 'Fruits']",Friday,t,7,w,0.67,0
14,104,Closed,P,"['Onion', 'Potato', 'Cotton', 'Tomato', 'Grains', 'Fruits']",Thursday,t,15,w,0.52,0
14,221,Open,P,"['Onion', 'Potato', 'Cotton', 'Tomato', 'Grains', 'Fruits']",Saturday,t,1,w,0.63,0
14,77,Closed,P,"['Onion', 'Potato', 'Cotton', 'Tomato', 'Grains', 'Fruits']",Monday,t,2,w,0.39,1
14,64,Refrigerated,P,"['Onion', 'Potato', 'Cotton', 'Tomato', 'Grains', 'Fruits']",Friday,t,4,w,0.48,0
12,546,Open,P,"['Onion', 'Potato', 'Cotton', 'Tomato', 'Grains', 'Fruits']",Wednesday,t,4,w,0.83,1
18,293,Refrigerated,P,"['Onion', 'Potato', 'Cotton', 'Tomato', 'Grains', 'Fruits']",Saturday,t,6,w,0.24,0
6,221,Closed,P,"['Onion', 'Potato', 'Cotton', 'Tomato', 'Grains', 'Fruits']",Thursday,t,15,w,0.48,0
10,593,Closed,P,"['Onion', 'Potato', 'Cotton', 'Tomato', 'Grains', 'Fruits']",Wednesday,t,12,w,0.92,1
16,492,Refrigerated,P,"['Onion', 'Potato', 'Cotton', 'Tomato', 'Grains', 'Fruits']",Wednesday,t,8,w,0.39,1
12,249,Refrigerated,P,"['Onion', 'Potato', 'Cotton', 'Tomato', 'Grains', 'Fruits']",Saturday,t,10,w,0.7,1
8,587,Open,P,"['Onion', 'Potato', 'Cotton', 'Tomato', 'Grains', 'Fruits']",Wednesday,t,9,w,0.34,1
12,174,Refrigerated,P,"['Onion', 'Potato', 'Cotton', 'Tomato', 'Grains', 'Fruits']",Monday,t,12,w,0.87,0
20,127,Refrigerated,P,"['Onion', 'Potato', 'Cotton', 'Tomato', 'Grains', 'Fruits']",Wednesday,t,10,w,0.32,0
18,447,Closed,P,"['Onion', 'Potato', 'Cotton', 'Tomato', 'Grains', 'Fruits']",Wednesday,t,5,w,0.25,1
18,232,Refrigerated,P,"['Onion', 'Potato', 'Cotton', 'Tomato', 'Grains', 'Fruits']",Monday,t,13,w,0.66,0
14,155,Open,P,"['Onion', 'Potato', 'Cotton', 'Tomato', 'Grains', 'Fruits']",Monday,t,14,w,0.87,0
6,449,Closed,P,"['Onion', 'Potato', 'Cotton', 'Tomato', 'Grains', 'Fruits']",Saturday,t,12,w,0.59,0
18,463,Refrigerated,P,"['Onion', 'Potato', 'Cotton', 'Tomato', 'Grains', 'Fruits']",Friday,t,0,w,0.92,1
16,391,Refrigerated,P,"['Onion', 'Potato', 'Cotton', 'Tomato', 'Grains', 'Fruits']",Thursday,t,2,w,0.6,1
20,346,Refrigerated,P,"['Onion', 'Potato', 'Cotton', 'Tomato', 'Grains', 'Fruits']",Tuesday,t,12,w,0.42,1
16,548,Open,P,"['Onion', 'Potato', 'Cotton', 'Tomato', 'Grains', 'Fruits']",Saturday,t,4,w,0.34,1
20,448,Open,P,"['Onion', 'Potato', 'Cotton', 'Tomato', 'Grains', 'Fruits']",Thursday,t,0,w,0.45,0
18,171,Open,P,"['Onion', 'Potato', 'Cotton', 'Tomato', 'Grains', 'Fruits']",Saturday,t,7,w,0.23,0
20,96,Open,P,"['Onion', 'Potato', 'Cotton', 'Tomato', 'Grains', 'Fruits']",Monday,t,1,w,0.82,0
8,158,Open,P,"['Onion', 'Potato', 'Cotton', 'Tomato', 'Grains', 'Fruits']",Friday,t,2,w,0.52,0
18,382,Open,P,"['Onion', 'Potato', 'Cotton', 'Tomato', 'Grains', 'Fruits']",Wednesday,t,1,w,0.45,1
18,222,Refrigerated,P,"['Onion', 'Potato', 'Cotton', 'Tomato', 'Grains', 'Fruits']",Friday,t,14,w,0.89,0
18,211,Open,P,"['Onion', 'Potato', 'Cotton', 'Tomato', 'Grains', 'Fruits']",Monday,t,0,w,0.89,0
14,476,Refrigerated,P,"['Onion', 'Potato', 'Cotton', 'Tomato', 'Grains', 'Fruits']",Saturday,t,6,w,0.68,0
10,88,Refrigerated,P,"['Onion', 'Potato', 'Cotton', 'Tomato', 'Grains', 'Fruits']",Saturday,t,2,w,0.46,1
8,592,Open,P,"['Onion', 'Potato', 'Cotton', 'Tomato', 'Grains', 'Fruits']",Sunday,t,14,w,0.41,0
20,559,Open,P,"['Onion', 'Potato', 'Cotton', 'Tomato', 'Grains', 'Fruits']",Saturday,t,1,w,0.41,1
20,94,Open,P,"['Onion', 'Potato', 'Cotton', 'Tomato', 'Grains', 'Fruits']",Friday,t,5,w,0.56,0
20,383,Closed,P,"['Onion', 'Potato', 'Cotton', 'Tomato', 'Grains', 'Fruits']",Saturday,t,7,w,0.44,0
12,434,Open,P,"['Onion', 'Potato', 'Cotton', 'Tomato', 'Grains', 'Fruits']",Thursday,t,1,w,0.31,1
18,432,Open,P,"['Onion', 'Potato', 'Cotton', 'Tomato', 'Grains', 'Fruits']",Saturday,t,11,w,0.35,0
6,337,Open,P,"['Onion', 'Potato', 'Cotton', 'Tomato', 'Grains', 'Fruits']",Sunday,t,14,w,0.33,0
10,224,Refrigerated,P,"['Onion', 'Potato', 'Cotton', 'Tomato', 'Grains', 'Fruits']",Monday,t,15,w,0.64,0
18,302,Open,P,"['Onion', 'Potato', 'Cotton', 'Tomato', 'Grains', 'Fruits']",Thursday,t,4,w,0.51,0
6,485,Refrigerated,P,"['Onion', 'Potato', 'Cotton', 'Tomato', 'Grains', 'Fruits']",Thursday,t,14,w,0.38,1
18,273,Open,P,"['Onion', 'Potato', 'Cotton', 'Tomato', 'Grains', 'Fruits']",Wednesday,t,2,w,0.56,0
6,515,Closed,P,"['Onion', 'Potato', 'Cotton', 'Tomato', 'Grains', 'Fruits']",Sunday,t,5,w,0.67,1
8,444,Refrigerated,P,"['Onion', 'Potato', 'Cotton', 'Tomato', 'Grains', 'Fruits']",Friday,t,9,w,0.76,0
12,132,Refrigerated,P,"['Onion', 'Potato', 'Cotton', 'Tomato', 'Grains', 'Fruits']",Saturday,t,11,w,0.28,0
16,425,Open,P,"['Onion', 'Potato', 'Cotton', 'Tomato', 'Grains', 'Fruits']",Friday,t,4,w,0.38,1
12,280,Closed,P,"['Onion', 'Potato', 'Cotton', 'Tomato', 'Grains', 'Fruits']",Wednesday,t,8,w,0.25,0
8,531,Refrigerated,P,"['Onion', 'Potato', 'Cotton', 'Tomato', 'Grains', 'Fruits']",Thursday,t,2,w,0.87,1
10,345,Open,P,"['Onion', 'Potato', 'Cotton', 'Tomato', 'Grains', 'Fruits']",Tuesday,t,3,w,0.57,0
6,350,Closed,P,"['Onion', 'Potato', 'Cotton', 'Tomato', 'Grains', 'Fruits']",Thursday,t,13,w,0.75,0
6,287,Refrigerated,P,"['Onion', 'Potato', 'Cotton', 'Tomato', 'Grains', 'Fruits']",Thursday,t,10,w,0.65,0
20,518,Closed,P,"['Onion', 'Potato', 'Cotton', 'Tomato', 'Grains', 'Fruits']",Sunday,t,5,w,0.37,1
6,201,Closed,P,"['Onion', 'Potato', 'Cotton', 'Tomato', 'Grains', 'Fruits']",Thursday,t,5,w,0.34,0
10,215,Open,P,"['Onion', 'Potato', 'Cotton', 'Tomato', 'Grains', 'Fruits']",Monday,t,4,w,0.4,0
6,374,Closed,P,"['Onion', 'Potato', 'Cotton', 'Tomato', 'Grains', 'Fruits']",Wednesday,t,5,w,0.29,0
10,519,Closed,P,"['Onion', 'Potato', 'Cotton', 'Tomato', 'Grains', 'Fruits']",Monday,t,9,w,0.87,0
10,502,Closed,P,"['Onion', 'Potato', 'Cotton', 'Tomato', 'Grains', 'Fruits']",Saturday,t,1,w,0.71,1
12,506,Closed,P,"['Onion', 'Potato', 'Cotton', 'Tomato', 'Grains', 'Fruits']",Wednesday,t,6,w,0.79,1
8,506,Refrigerated,P,"['Onion', 'Potato', 'Cotton', 'Tomato', 'Grains', 'Fruits']",Friday,t,6,w,0.44,0
16,457,Open,P,"['Onion', 'Potato', 'Cotton', 'Tomato', 'Grains', 'Fruits']",Wednesday,t,11,w,0.41,0
8,270,Refrigerated,P,"['Onion', 'Potato', 'Cotton', 'Tomato', 'Grains', 'Fruits']",Saturday,t,14,w,0.32,0
18,192,Refrigerated,P,"['Onion', 'Potato', 'Cotton', 'Tomato', 'Grains', 'Fruits']",Tuesday,t,9,w,0.94,0
18,140,Open,P,"['Onion', 'Potato', 'Cotton', 'Tomato', 'Grains', 'Fruits']",Saturday,t,13,w,0.62,0
10,254,Open,P,"['Onion', 'Potato', 'Cotton', 'Tomato', 'Grains', 'Fruits']",Wednesday,t,1,w,0.83,0
20,279,Open,P,"['Onion', 'Potato', 'Cotton', 'Tomato', 'Grains', 'Fruits']",Tuesday,t,9,w,0.29,1
10,553,Refrigerated,P,"['Onion', 'Potato', 'Cotton', 'Tomato', 'Grains', 'Fruits']",Monday,t,8,w,0.95,0
20,496,Closed,P,"['Onion', 'Potato', 'Cotton', 'Tomato', 'Grains', 'Fruits']",Saturday,t,11,w,0.83,1
16,522,Refrigerated,P,"['Onion', 'Potato', 'Cotton', 'Tomato', 'Grains', 'Fruits']",Wednesday,t,1,w,0.47,0
6,346,Closed,P,"['Onion', 'Potato', 'Cotton', 'Tomato', 'Grains', 'Fruits']",Friday,t,5,w,0.65,0
16,358,Closed,P,"['Onion', 'Potato', 'Cotton', 'Tomato', 'Grains', 'Fruits']",Monday,t,4,w,0.3,0
18,398,Open,P,"['Onion', 'Potato', 'Cotton', 'Tomato', 'Grains', 'Fruits']",Tuesday,t,7,w,0.8,0
8,477,Closed,P,"['Onion', 'Potato', 'Cotton', 'Tomato', 'Grains', 'Fruits']",Monday,t,0,w,0.46,1
20,585,Closed,P,"['Onion', 'Potato', 'Cotton', 'Tomato', 'Grains', 'Fruits']",Saturday,t,0,w,0.37,1
12,364,Open,P,"['Onion', 'Potato', 'Cotton', 'Tomato', 'Grains', 'Fruits']",Tuesday,t,13,w,0.26,0
6,251,Open,P,"['Onion', 'Potato', 'Cotton', 'Tomato', 'Grains', 'Fruits']",Sunday,t,15,w,0.88,0
6,148,Open,P,"['Onion', 'Potato', 'Cotton', 'Tomato', 'Grains', 'Fruits']",Friday,t,5,w,0.22,0
14,406,Closed,P,"['Onion', 'Potato', 'Cotton', 'Tomato', 'Grains', 'Fruits']",Sunday,t,2,w,0.81,1
12,338,Open,P,"['Onion', 'Potato', 'Cotton', 'Tomato', 'Grains', 'Fruits']",Saturday,t,6,w,0.47,0
8,235,Closed,P,"['Onion', 'Potato', 'Cotton', 'Tomato', 'Grains', 'Fruits']",Thursday,t,7,w,0.28,1
8,582,Open,P,"['Onion', 'Potato', 'Cotton', 'Tomato', 'Grains', 'Fruits']",Sunday,t,9,w,0.26,1
20,369,Refrigerated,P,"['Onion', 'Potato', 'Cotton', 'Tomato', 'Grains', 'Fruits']",Tuesday,t,9,w,0.34,0
20,426,Open,P,"['Onion', 'Potato', 'Cotton', 'Tomato', 'Grains', 'Fruits']",Saturday,t,3,w,0.53,1
10,454,Closed,P,"['Onion', 'Potato', 'Cotton', 'Tomato', 'Grains', 'Fruits']",Saturday,t,2,w,0.93,0
18,175,Open,P,"['Onion', 'Potato', 'Cotton', 'Tomato', 'Grains', 'Fruits']",Saturday,t,8,w,0.77,0
16,537,Refrigerated,P,"['Onion', 'Potato', 'Cotton', 'Tomato', 'Grains', 'Fruits']",Thursday,t,4,w,0.28,1
10,80,Open,P,"['Onion', 'Potato', 'Cotton', 'Tomato', 'Grains', 'Fruits']",Sunday,t,15,w,0.93,0
10,360,Refrigerated,P,"['Onion', 'Potato', 'Cotton', 'Tomato', 'Grains', 'Fruits']",Sunday,t,15,w,0.35,0
14,401,Refrigerated,P,"['Onion', 'Potato', 'Cotton', 'Tomato', 'Grains', 'Fruits']",Sunday,t,13,w,0.49,0
20,86,Open,P,"['Onion', 'Potato', 'Cotton', 'Tomato', 'Grains', 'Fruits']",Friday,t,5,w,0.52,0
8,552,Refrigerated,P,"['Onion', 'Potato', 'Cotton', 'Tomato', 'Grains', 'Fruits']",Thursday,t,1,w,0.4,1
16,341,Closed,P,"['Onion', 'Potato', 'Cotton', 'Tomato', 'Grains', 'Fruits']",Monday,t,4,w,0.46,1
16,439,Open,P,"['Onion', 'Potato', 'Cotton', 'Tomato', 'Grains', 'Fruits']",Wednesday,t,13,w,0.24,1
14,136,Refrigerated,P,"['Onion', 'Potato', 'Cotton', 'Tomato', 'Grains', 'Fruits']",Sunday,t,3,w,0.33,1
18,577,Closed,P,"['Onion', 'Potato', 'Cotton', 'Tomato', 'Grains', 'Fruits']",Monday,t,0,w,0.48,1
20,152,Refrigerated,P,"['Onion', 'Potato', 'Cotton', 'Tomato', 'Grains', 'Fruits']",Wednesday,t,10,w,0.66,0
20,127,Refrigerated,P,"['Onion', 'Potato', 'Cotton', 'Tomato', 'Grains', 'Fruits']",Wednesday,t,1,w,0.95,1
8,147,Refrigerated,P,"['Onion', 'Potato', 'Cotton', 'Tomato', 'Grains', 'Fruits']",Wednesday,t,15,w,0.36,0
14,566,Closed,P,"['Onion', 'Potato', 'Cotton', 'Tomato', 'Grains', 'Fruits']",Saturday,t,6,w,0.5,0
10,69,Refrigerated,P,"['Onion', 'Potato', 'Cotton', 'Tomato', 'Grains', 'Fruits']",Friday,t,6,w,0.4,0
18,111,Refrigerated,P,"['Onion', 'Potato', 'Cotton', 'Tomato', 'Grains', 'Fruits']",Wednesday,t,4,w,0.31,1
18,470,Closed,P,"['Onion', 'Potato', 'Cotton', 'Tomato', 'Grains', 'Fruits']",Saturday,t,13,w,0.82,1
12,465,Open,P,"['Onion', 'Potato', 'Cotton', 'Tomato', 'Grains', 'Fruits']",Tuesday,t,0,w,0.8,1
18,482,Refrigerated,P,"['Onion', 'Potato', 'Cotton', 'Tomato', 'Grains', 'Fruits']",Tuesday,t,8,w,0.22,1
10,93,Refrigerated,P,"['Onion', 'Potato', 'Cotton', 'Tomato', 'Grains', 'Fruits']",Sunday,t,1,w,0.44,1
18,422,Refrigerated,P,"['Onion', 'Potato', 'Cotton', 'Tomato', 'Grains', 'Fruits']",Thursday,t,7,w,0.63,1
14,558,Open,P,"['Onion', 'Potato', 'Cotton', 'Tomato', 'Grains', 'Fruits']",Friday,t,10,w,0.82,0
12,483,Open,P,"['Onion', 'Potato', 'Cotton', 'Tomato', 'Grains', 'Fruits']",Monday,t,6,w,0.53,0
20,596,Closed,P,"['Onion', 'Potato', 'Cotton', 'Tomato', 'Grains', 'Fruits']",Wednesday,t,15,w,0.92,0
16,536,Refrigerated,P,"['Onion', 'Potato', 'Cotton', 'Tomato', 'Grains', 'Fruits']",Sunday,t,0,w,0.83,0
12,309,Refrigerated,P,"['Onion', 'Potato', 'Cotton', 'Tomato', 'Grains', 'Fruits']",Wednesday,t,3,w,0.84,0
18,311,Closed,P,"['Onion', 'Potato', 'Cotton', 'Tomato', 'Grains', 'Fruits']",Sunday,t,9,w,0.84,0
16,466,Open,P,"['Onion', 'Potato', 'Cotton', 'Tomato', 'Grains', 'Fruits']",Sunday,t,15,w,0.75,1
18,152,Open,P,"['Onion', 'Potato', 'Cotton', 'Tomato', 'Grains', 'Fruits']",Friday,t,11,w,0.65,0
20,78,Open,P,"['Onion', 'Potato', 'Cotton', 'Tomato', 'Grains', 'Fruits']",Saturday,t,4,w,0.5,1
8,163,Open,P,"['Onion', 'Potato', 'Cotton', 'Tomato', 'Grains', 'Fruits']",Friday,t,13,w,0.54,1
10,385,Closed,P,"['Onion', 'Potato', 'Cotton', 'Tomato', 'Grains', 'Fruits']",Monday,t,11,w,0.5,0
12,71,Open,P,"['Onion', 'Potato', 'Cotton', 'Tomato', 'Grains', 'Fruits']",Monday,t,6,w,0.73,0
18,316,Open,P,"['Onion', 'Potato', 'Cotton', 'Tomato', 'Grains', 'Fruits']",Wednesday,t,3,w,0.74,0
20,556,Open,P,"['Onion', 'Potato', 'Cotton', 'Tomato', 'Grains', 'Fruits']",Saturday,t,6,w,0.42,1
12,270,Closed,P,"['Onion', 'Potato', 'Cotton', 'Tomato', 'Grains', 'Fruits']",Thursday,t,13,w,0.22,1
20,304,Closed,P,"['Onion', 'Potato', 'Cotton', 'Tomato', 'Grains', 'Fruits']",Monday,t,15,w,0.85,0
12,442,Refrigerated,P,"['Onion', 'Potato', 'Cotton', 'Tomato', 'Grains', 'Fruits']",Saturday,t,2,w,0.62,0
20,412,Refrigerated,P,"['Onion', 'Potato', 'Cotton', 'Tomato', 'Grains', 'Fruits']",Monday,t,12,w,0.93,1
6,233,Closed,P,"['Onion', 'Potato', 'Cotton', 'Tomato', 'Grains', 'Fruits']",Friday,t,10,w,0.3,0
10,316,Open,P,"['Onion', 'Potato', 'Cotton', 'Tomato', 'Grains', 'Fruits']",Monday,t,15,w,0.76,0
14,320,Refrigerated,P,"['Onion', 'Potato', 'Cotton', 'Tomato', 'Grains', 'Fruits']",Thursday,t,10,w,0.77,0
20,104,Open,P,"['Onion', 'Potato', 'Cotton', 'Tomato', 'Grains', 'Fruits']",Monday,t,5,w,0.55,0
8,556,Open,P,"['Onion', 'Potato', 'Cotton', 'Tomato', 'Grains', 'Fruits']",Wednesday,t,14,w,0.28,1
16,145,Open,P,"['Onion', 'Potato', 'Cotton', 'Tomato', 'Grains', 'Fruits']",Tuesday,t,8,w,0.64,0
10,476,Open,P,"['Onion', 'Potato', 'Cotton', 'Tomato', 'Grains', 'Fruits']",Sunday,t,3,w,0.22,1
18,432,Refrigerated,P,"['Onion', 'Potato', 'Cotton', 'Tomato', 'Grains', 'Fruits']",Sunday,t,4,w,0.26,1
20,325,Refrigerated,P,"['Onion', 'Potato', 'Cotton', 'Tomato', 'Grains', 'Fruits']",Wednesday,t,14,w,0.91,0
10,266,Open,P,"['Onion', 'Potato', 'Cotton', 'Tomato', 'Grains', 'Fruits']",Wednesday,t,2,w,0.27,1
18,141,Open,P,"['Onion', 'Potato', 'Cotton', 'Tomato', 'Grains', 'Fruits']",Tuesday,t,12,w,0.69,1
14,552,Closed,P,"['Onion', 'Potato', 'Cotton', 'Tomato', 'Grains', 'Fruits']",Saturday,t,11,w,0.82,0
18,537,Closed,P,"['Onion', 'Potato', 'Cotton', 'Tomato', 'Grains', 'Fruits']",Monday,t,11,w,0.53,1
16,524,Refrigerated,P,"['Onion', 'Potato', 'Cotton', 'Tomato', 'Grains', 'Fruits']",Saturday,t,15,w,0.42,0
20,357,Open,P,"['Onion', 'Potato', 'Cotton', 'Tomato', 'Grains', 'Fruits']",Saturday,t,7,w,0.42,1
6,575,Open,P,"['Onion', 'Potato', 'Cotton', 'Tomato', 'Grains', 'Fruits']",Thursday,t,14,w,0.47,0
6,166,Refrigerated,P,"['Onion', 'Potato', 'Cotton', 'Tomato', 'Grains', 'Fruits']",Tuesday,t,12,w,0.26,1
20,510,Refrigerated,P,"['Onion', 'Potato', 'Cotton', 'Tomato', 'Grains', 'Fruits']",Wednesday,t,6,w,0.26,1
8,494,Refrigerated,P,"['Onion', 'Potato', 'Cotton', 'Tomato', 'Grains', 'Fruits']",Monday,t,3,w,0.33,0
20,360,Refrigerated,P,"['Onion', 'Potato', 'Cotton', 'Tomato', 'Grains', 'Fruits']",Saturday,t,9,w,0.29,1
6,242,Open,P,"['Onion', 'Potato', 'Cotton', 'Tomato', 'Grains', 'Fruits']",Thursday,t,7,w,0.83,0
8,358,Closed,P,"['Onion', 'Potato', 'Cotton', 'Tomato', 'Grains', 'Fruits']",Thursday,t,0,w,0.32,0
20,532,Open,P,"['Onion', 'Potato', 'Cotton', 'Tomato', 'Grains', 'Fruits']",Friday,t,6,w,0.63,1
6,155,Refrigerated,P,"['Onion', 'Potato', 'Cotton', 'Tomato', 'Grains', 'Fruits']",Thursday,t,9,w,0.57,0
20,287,Refrigerated,P,"['Onion', 'Potato', 'Cotton', 'Tomato', 'Grains', 'Fruits']",Friday,t,13,w,0.61,0
20,169,Closed,P,"['Onion', 'Potato', 'Cotton', 'Tomato', 'Grains', 'Fruits']",Thursday,t,0,w,0.42,1
12,569,Open,P,"['Onion', 'Potato', 'Cotton', 'Tomato', 'Grains', 'Fruits']",Friday,t,4,w,0.74,0
16,533,Open,P,"['Onion', 'Potato', 'Cotton', 'Tomato', 'Grains', 'Fruits']",Wednesday,t,15,w,0.33,0
18,555,Closed,P,"['Onion', 'Potato', 'Cotton', 'Tomato', 'Grains', 'Fruits']",Tuesday,t,0,w,0.86,1
6,115,Closed,P,"['Onion', 'Potato', 'Cotton', 'Tomato', 'Grains', 'Fruits']",Monday,t,3,w,0.56,0
6,323,Open,P,"['Onion', 'Potato', 'Cotton', 'Tomato', 'Grains', 'Fruits']",Saturday,t,14,w,0.92,0
8,92,Refrigerated,P,"['Onion', 'Potato', 'Cotton', 'Tomato', 'Grains', 'Fruits']",Tuesday,t,6,w,0.32,0
20,151,Open,P,"['Onion', 'Potato', 'Cotton', 'Tomato', 'Grains', 'Fruits']",Wednesday,t,3,w,0.53,0
12,535,Closed,P,"['Onion', 'Potato', 'Cotton', 'Tomato', 'Grains', 'Fruits']",Friday,t,2,w,0.48,1
12,205,Refrigerated,P,"['Onion', 'Potato', 'Cotton', 'Tomato', 'Grains', 'Fruits']",Sunday,t,4,w,0.51,0
16,80,Closed,P,"['Onion', 'Potato', 'Cotton', 'Tomato', 'Grains', 'Fruits']",Sunday,t,2,w,0.45,0
18,112,Closed,P,"['Onion', 'Potato', 'Cotton', 'Tomato', 'Grains', 'Fruits']",Saturday,t,1,w,0.51,0
14,371,Closed,P,"['Onion', 'Potato', 'Cotton', 'Tomato', 'Grains', 'Fruits']",Sunday,t,4,w,0.53,0
20,403,Refrigerated,P,"['Onion', 'Potato', 'Cotton', 'Tomato', 'Grains', 'Fruits']",Sunday,t,9,w,0.23,0
10,582,Refrigerated,P,"['Onion', 'Potato', 'Cotton', 'Tomato', 'Grains', 'Fruits']",Tuesday,t,9,w,0.77,1
14,297,Closed,P,"['Onion', 'Potato', 'Cotton', 'Tomato', 'Grains', 'Fruits']",Friday,t,1,w,0.39,1
8,509,Closed,P,"['Onion', 'Potato', 'Cotton', 'Tomato', 'Grains', 'Fruits']",Thursday,t,7,w,0.46,0
10,436,Refrigerated,P,"['Onion', 'Potato', 'Cotton', 'Tomato', 'Grains', 'Fruits']",Monday,t,6,w,0.54,0
18,133,Open,P,"['Onion', 'Potato', 'Cotton', 'Tomato', 'Grains', 'Fruits']",Thursday,t,15,w,0.53,0
18,320,Refrigerated,P,"['Onion', 'Potato', 'Cotton', 'Tomato', 'Grains', 'Fruits']",Saturday,t,14,w,0.75,0
10,546,Refrigerated,P,"['Onion', 'Potato', 'Cotton', 'Tomato', 'Grains', 'Fruits']",Tuesday,t,6,w,0.56,0
16,171,Refrigerated,P,"['Onion', 'Potato', 'Cotton', 'Tomato', 'Grains', 'Fruits']",Monday,t,11,w,0.23,0
16,360,Closed,P,"['Onion', 'Potato', 'Cotton', 'Tomato', 'Grains', 'Fruits']",Monday,t,4,w,0.24,0
12,237,Refrigerated,P,"['Onion', 'Potato', 'Cotton', 'Tomato', 'Grains', 'Fruits']",Monday,t,11,w,0.85,0
20,395,Closed,P,"['Onion', 'Potato', 'Cotton', 'Tomato', 'Grains', 'Fruits']",Sunday,t,4,w,0.77,1
16,141,Refrigerated,P,"['Onion', 'Potato', 'Cotton', 'Tomato', 'Grains', 'Fruits']",Thursday,t,12,w,0.61,0
14,140,Open,P,"['Onion', 'Potato', 'Cotton', 'Tomato', 'Grains', 'Fruits']",Friday,t,3,w,0.34,0
6,584,Open,P,"['Onion', 'Potato', 'Cotton', 'Tomato', 'Grains', 'Fruits']",Friday,t,3,w,0.92,1
20,136,Refrigerated,P,"['Onion', 'Potato', 'Cotton', 'Tomato', 'Grains', 'Fruits']",Thursday,t,15,w,0.45,1
16,441,Closed,P,"['Onion', 'Potato', 'Cotton', 'Tomato', 'Grains', 'Fruits']",Monday,t,5,w,0.31,1
14,467,Refrigerated,P,"['Onion', 'Potato', 'Cotton', 'Tomato', 'Grains', 'Fruits']",Monday,t,5,w,0.73,1
10,472,Closed,P,"['Onion', 'Potato', 'Cotton', 'Tomato', 'Grains', 'Fruits']",Thursday,t,1,w,0.38,1
18,167,Closed,P,"['Onion', 'Potato', 'Cotton', 'Tomato', 'Grains', 'Fruits']",Wednesday,t,13,w,0.56,0
6,325,Refrigerated,P,"['Onion', 'Potato', 'Cotton', 'Tomato', 'Grains', 'Fruits']",Tuesday,t,9,w,0.53,0
10,432,Refrigerated,P,"['Onion', 'Potato', 'Cotton', 'Tomato', 'Grains', 'Fruits']",Sunday,t,13,w,0.23,0
14,221,Open,P,"['Onion', 'Potato', 'Cotton', 'Tomato', 'Grains', 'Fruits']",Thursday,t,8,w,0.95,1
14,96,Open,P,"['Onion', 'Potato', 'Cotton', 'Tomato', 'Grains', 'Fruits']",Wednesday,t,12,w,0.82,0
18,265,Refrigerated,P,"['Onion', 'Potato', 'Cotton', 'Tomato', 'Grains', 'Fruits']",Saturday,t,8,w,0.4,1
12,520,Refrigerated,P,"['Onion', 'Potato', 'Cotton', 'Tomato', 'Grains', 'Fruits']",Monday,t,0,w,0.2,1
20,452,Refrigerated,P,"['Onion', 'Potato', 'Cotton', 'Tomato', 'Grains', 'Fruits']",Sunday,t,0,w,0.7,0
16,446,Open,P,"['Onion', 'Potato', 'Cotton', 'Tomato', 'Grains', 'Fruits']",Monday,t,11,w,0.53,1
14,416,Open,P,"['Onion', 'Potato', 'Cotton', 'Tomato', 'Grains', 'Fruits']",Sunday,t,7,w,0.94,1
20,264,Open,P,"['Onion', 'Potato', 'Cotton', 'Tomato', 'Grains', 'Fruits']",Sunday,t,3,w,0.63,0
10,116,Refrigerated,P,"['Onion', 'Potato', 'Cotton', 'Tomato', 'Grains', 'Fruits']",Saturday,t,4,w,0.9,0
14,246,Refrigerated,P,"['Onion', 'Potato', 'Cotton', 'Tomato', 'Grains', 'Fruits']",Saturday,t,14,w,0.9,0
6,380,Closed,P,"['Onion', 'Potato', 'Cotton', 'Tomato', 'Grains', 'Fruits']",Wednesday,t,14,w,0.47,0
12,98,Closed,P,"['Onion', 'Potato', 'Cotton', 'Tomato', 'Grains', 'Fruits']",Friday,t,10,w,0.49,0
6,281,Refrigerated,P,"['Onion', 'Potato', 'Cotton', 'Tomato', 'Grains', 'Fruits']",Monday,t,6,w,0.45,0
6,541,Closed,P,"['Onion', 'Potato', 'Cotton', 'Tomato', 'Grains', 'Fruits']",Friday,t,8,w,0.28,1
6,391,Refrigerated,P,"['Onion', 'Potato', 'Cotton', 'Tomato', 'Grains', 'Fruits']",Monday,t,3,w,0.63,1
6,436,Closed,P,"['Onion', 'Potato', 'Cotton', 'Tomato', 'Grains', 'Fruits']",Sunday,t,1,w,0.24,1
8,107,Refrigerated,P,"['Onion', 'Potato', 'Cotton', 'Tomato', 'Grains', 'Fruits']",Wednesday,t,12,w,0.66,0
6,514,Closed,P,"['Onion', 'Potato', 'Cotton', 'Tomato', 'Grains', 'Fruits']",Sunday,t,3,w,0.69,1
16,247,Open,P,"['Onion', 'Potato', 'Cotton', 'Tomato', 'Grains', 'Fruits']",Monday,t,6,w,0.68,0
20,240,Open,P,"['Onion', 'Potato', 'Cotton', 'Tomato', 'Grains', 'Fruits']",Sunday,t,1,w,0.43,0
16,368,Refrigerated,P,"['Onion', 'Potato', 'Cotton', 'Tomato', 'Grains', 'Fruits']",Tuesday,t,9,w,0.42,0
10,108,Open,P,"['Onion', 'Potato', 'Cotton', 'Tomato', 'Grains', 'Fruits']",Thursday,t,6,w,0.68,1
12,537,Refrigerated,P,"['Onion', 'Potato', 'Cotton', 'Tomato', 'Grains', 'Fruits']",Friday,t,10,w,0.51,0
6,557,Open,P,"['Onion', 'Potato', 'Cotton', 'Tomato', 'Grains', 'Fruits']",Saturday,t,7,w,0.67,0
16,434,Open,P,"['Onion', 'Potato', 'Cotton', 'Tomato', 'Grains', 'Fruits']",Tuesday,t,11,w,0.26,1
14,500,Open,P,"['Onion', 'Potato', 'Cotton', 'Tomato', 'Grains', 'Fruits']",Monday,t,6,w,0.41,1
10,397,Refrigerated,P,"['Onion', 'Potato', 'Cotton', 'Tomato', 'Grains', 'Fruits']",Tuesday,t,0,w,0.83,1
10,438,Refrigerated,P,"['Onion', 'Potato', 'Cotton', 'Tomato', 'Grains', 'Fruits']",Wednesday,t,9,w,0.38,0
18,116,Open,P,"['Onion', 'Potato', 'Cotton', 'Tomato', 'Grains', 'Fruits']",Tuesday,t,6,w,0.72,0
12,97,Refrigerated,P,"['Onion', 'Potato', 'Cotton', 'Tomato', 'Grains', 'Fruits']",Sunday,t,4,w,0.39,1
10,570,Refrigerated,P,"['Onion', 'Potato', 'Cotton', 'Tomato', 'Grains', 'Fruits']",Tuesday,t,15,w,0.33,0
16,560,Refrigerated,P,"['Onion', 'Potato', 'Cotton', 'Tomato', 'Grains', 'Fruits']",Tuesday,t,11,w,0.74,0
18,87,Open,P,"['Onion', 'Potato', 'Cotton', 'Tomato', 'Grains', 'Fruits']",Tuesday,t,7,w,0.36,1
10,433,Closed,P,"['Onion', 'Potato', 'Cotton', 'Tomato', 'Grains', 'Fruits']",Tuesday,t,9,w,0.59,1
16,486,Closed,P,"['Onion', 'Potato', 'Cotton', 'Tomato', 'Grains', 'Fruits']",Thursday,t,11,w,0.44,1
12,321,Refrigerated,P,"['Onion', 'Potato', 'Cotton', 'Tomato', 'Grains', 'Fruits']",Wednesday,t,9,w,0.79,1
8,418,Open,P,"['Onion', 'Potato', 'Cotton', 'Tomato', 'Grains', 'Fruits']",Wednesday,t,10,w,0.43,0
14,245,Refrigerated,P,"['Onion', 'Potato', 'Cotton', 'Tomato', 'Grains', 'Fruits']",Sunday,t,0,w,0.41,0
18,62,Closed,P,"['Onion', 'Potato', 'Cotton', 'Tomato', 'Grains', 'Fruits']",Sunday,t,7,w,0.74,0
20,522,Closed,P,"['Onion', 'Potato', 'Cotton', 'Tomato', 'Grains', 'Fruits']",Wednesday,t,13,w,0.36,0
16,192,Refrigerated,P,"['Onion', 'Potato', 'Cotton', 'Tomato', 'Grains', 'Fruits']",Wednesday,t,15,w,0.45,0
18,600,Closed,P,"['Onion', 'Potato', 'Cotton', 'Tomato', 'Grains', 'Fruits']",Friday,t,1,w,0.32,1
18,440,Open,P,"['Onion', 'Potato', 'Cotton', 'Tomato', 'Grains', 'Fruits']",Monday,t,6,w,0.28,1
14,145,Open,P,"['Onion', 'Potato', 'Cotton', 'Tomato', 'Grains', 'Fruits']",Saturday,t,1,w,0.22,0
18,340,Open,P,"['Onion', 'Potato', 'Cotton', 'Tomato', 'Grains', 'Fruits']",Wednesday,t,14,w,0.48,0
18,450,Open,P,"['Onion', 'Potato', 'Cotton', 'Tomato', 'Grains', 'Fruits']",Tuesday,t,15,w,0.49,1
12,367,Closed,P,"['Onion', 'Potato', 'Cotton', 'Tomato', 'Grains', 'Fruits']",Tuesday,t,6,w,0.41,1
8,458,Refrigerated,P,"['Onion', 'Potato', 'Cotton', 'Tomato', 'Grains', 'Fruits']",Friday,t,15,w,0.55,1
20,405,Refrigerated,P,"['Onion', 'Potato', 'Cotton', 'Tomato', 'Grains', 'Fruits']",Thursday,t,13,w,0.33,1
18,237,Refrigerated,P,"['Onion', 'Potato', 'Cotton', 'Tomato', 'Grains', 'Fruits']",Thursday,t,7,w,0.41,0
8,272,Closed,P,"['Onion', 'Potato', 'Cotton', 'Tomato', 'Grains', 'Fruits']",Sunday,t,11,w,0.77,0
18,511,Open,P,"['Onion', 'Potato', 'Cotton', 'Tomato', 'Grains', 'Fruits']",Tuesday,t,14,w,0.25,0
18,401,Refrigerated,P,"['Onion', 'Potato', 'Cotton', 'Tomato', 'Grains', 'Fruits']",Sunday,t,12,w,0.21,0
16,525,Closed,P,"['Onion', 'Potato', 'Cotton', 'Tomato', 'Grains', 'Fruits']",Monday,t,7,w,0.31,0
10,68,Refrigerated,P,"['Onion', 'Potato', 'Cotton', 'Tomato', 'Grains', 'Fruits']",Tuesday,t,3,w,0.33,1
14,207,Closed,P,"['Onion', 'Potato', 'Cotton', 'Tomato', 'Grains', 'Fruits']",Tuesday,t,1,w,0.53,0
8,449,Refrigerated,P,"['Onion', 'Potato', 'Cotton', 'Tomato', 'Grains', 'Fruits']",Thursday,t,0,w,0.78,0
16,294,Open,P,"['Onion', 'Potato', 'Cotton', 'Tomato', 'Grains', 'Fruits']",Monday,t,0,w,0.45,0
12,148,Refrigerated,P,"['Onion', 'Potato', 'Cotton', 'Tomato', 'Grains', 'Fruits']",Saturday,t,1,w,0.58,1
12,262,Refrigerated,P,"['Onion', 'Potato', 'Cotton', 'Tomato', 'Grains', 'Fruits']",Thursday,t,7,w,0.28,1
16,62,Closed,P,"['Onion', 'Potato', 'Cotton', 'Tomato', 'Grains', 'Fruits']",Thursday,t,2,w,0.69,1
12,470,Closed,P,"['Onion', 'Potato', 'Cotton', 'Tomato', 'Grains', 'Fruits']",Monday,t,8,w,0.65,0
10,390,Open,P,"['Onion', 'Potato', 'Cotton', 'Tomato', 'Grains', 'Fruits']",Sunday,t,2,w,0.21,1
12,565,Refrigerated,P,"['Onion', 'Potato', 'Cotton', 'Tomato', 'Grains', 'Fruits']",Tuesday,t,3,w,0.38,1
8,111,Open,P,"['Onion', 'Potato', 'Cotton', 'Tomato', 'Grains', 'Fruits']",Thursday,t,6,w,0.48,1
20,386,Open,P,"['Onion', 'Potato', 'Cotton', 'Tomato', 'Grains', 'Fruits']",Wednesday,t,13,w,0.76,0
16,298,Open,P,"['Onion', 'Potato', 'Cotton', 'Tomato', 'Grains', 'Fruits']",Saturday,t,7,w,0.59,0
8,553,Open,P,"['Onion', 'Potato', 'Cotton', 'Tomato', 'Grains', 'Fruits']",Monday,t,6,w,0.27,0
12,291,Refrigerated,P,"['Onion', 'Potato', 'Cotton', 'Tomato', 'Grains', 'Fruits']",Thursday,t,9,w,0.74,0
12,360,Closed,P,"['Onion', 'Potato', 'Cotton', 'Tomato', 'Grains', 'Fruits']",Saturday,t,8,w,0.26,1
10,532,Closed,P,"['Onion', 'Potato', 'Cotton', 'Tomato', 'Grains', 'Fruits']",Friday,t,4,w,0.21,0
14,600,Open,P,"['Onion', 'Potato', 'Cotton', 'Tomato', 'Grains', 'Fruits']",Wednesday,t,14,w,0.54,0
8,391,Open,P,"['Onion', 'Potato', 'Cotton', 'Tomato', 'Grains', 'Fruits']",Tuesday,t,6,w,0.21,0
20,464,Closed,P,"['Onion', 'Potato', 'Cotton', 'Tomato', 'Grains', 'Fruits']",Saturday,t,12,w,0.43,1
6,177,Closed,P,"['Onion', 'Potato', 'Cotton', 'Tomato', 'Grains', 'Fruits']",Tuesday,t,8,w,0.58,0
6,444,Closed,P,"['Onion', 'Potato', 'Cotton', 'Tomato', 'Grains', 'Fruits']",Tuesday,t,1,w,0.67,0
10,317,Refrigerated,P,"['Onion', 'Potato', 'Cotton', 'Tomato', 'Grains', 'Fruits']",Saturday,t,8,w,0.65,0
6,169,Open,P,"['Onion', 'Potato', 'Cotton', 'Tomato', 'Grains', 'Fruits']",Thursday,t,6,w,0.32,0
18,365,Refrigerated,P,"['Onion', 'Potato', 'Cotton', 'Tomato', 'Grains', 'Fruits']",Sunday,t,3,w,0.81,1
18,365,Open,P,"['Onion', 'Potato', 'Cotton', 'Tomato', 'Grains', 'Fruits']",Sunday,t,0,w,0.25,1
14,491,Open,P,"['Onion', 'Potato', 'Cotton', 'Tomato', 'Grains', 'Fruits']",Wednesday,t,4,w,0.56,1
12,240,Open,P,"['Onion', 'Potato', 'Cotton', 'Tomato', 'Grains', 'Fruits']",Saturday,t,6,w,0.94,0
8,220,Open,P,"['Onion', 'Potato', 'Cotton', 'Tomato', 'Grains', 'Fruits']",Monday,t,3,w,0.25,1
20,153,Open,P,"['Onion', 'Potato', 'Cotton', 'Tomato', 'Grains', 'Fruits']",Wednesday,t,1,w,0.36,1
14,547,Closed,P,"['Onion', 'Potato', 'Cotton', 'Tomato', 'Grains', 'Fruits']",Friday,t,10,w,0.71,0
12,419,Refrigerated,P,"['Onion', 'Potato', 'Cotton', 'Tomato', 'Grains', 'Fruits']",Thursday,t,11,w,0.8,0
18,192,Open,P,"['Onion', 'Potato', 'Cotton', 'Tomato', 'Grains', 'Fruits']",Sunday,t,7,w,0.54,0
18,242,Open,P,"['Onion', 'Potato', 'Cotton', 'Tomato', 'Grains', 'Fruits']",Monday,t,1,w,0.71,0
8,406,Closed,P,"['Onion', 'Potato', 'Cotton', 'Tomato', 'Grains', 'Fruits']",Saturday,t,12,w,0.66,0
6,180,Closed,P,"['Onion', 'Potato', 'Cotton', 'Tomato', 'Grains', 'Fruits']",Wednesday,t,5,w,0.92,0
12,266,Open,P,"['Onion', 'Potato', 'Cotton', 'Tomato', 'Grains', 'Fruits']",Monday,t,0,w,0.9,1
14,275,Refrigerated,P,"['Onion', 'Potato', 'Cotton', 'Tomato', 'Grains', 'Fruits']",Saturday,t,3,w,0.89,0
16,279,Refrigerated,P,"['Onion', 'Potato', 'Cotton', 'Tomato', 'Grains', 'Fruits']",Saturday,t,12,w,0.69,0
18,288,Open,P,"['Onion', 'Potato', 'Cotton', 'Tomato', 'Grains', 'Fruits']",Monday,t,2,w,0.27,0
8,426,Open,P,"['Onion', 'Potato', 'Cotton', 'Tomato', 'Grains', 'Fruits']",Thursday,t,9,w,0.64,0
18,377,Closed,P,"['Onion', 'Potato', 'Cotton', 'Tomato', 'Grains', 'Fruits']",Friday,t,3,w,0.21,1
14,274,Closed,P,"['Onion', 'Potato', 'Cotton', 'Tomato', 'Grains', 'Fruits']",Tuesday,t,4,w,0.65,0
8,330,Refrigerated,P,"['Onion', 'Potato', 'Cotton', 'Tomato', 'Grains', 'Fruits']",Saturday,t,15,w,0.73,0
16,206,Refrigerated,P,"['Onion', 'Potato', 'Cotton', 'Tomato', 'Grains', 'Fruits']",Sunday,t,1,w,0.84,1
10,72,Refrigerated,P,"['Onion', 'Potato', 'Cotton', 'Tomato', 'Grains', 'Fruits']",Wednesday,t,15,w,0.77,0
14,339,Refrigerated,P,"['Onion', 'Potato', 'Cotton', 'Tomato', 'Grains', 'Fruits']",Saturday,t,3,w,0.44,0
6,361,Closed,P,"['Onion', 'Potato', 'Cotton', 'Tomato', 'Grains', 'Fruits']",Friday,t,14,w,0.42,0
12,59,Closed,P,"['Onion', 'Potato', 'Cotton', 'Tomato', 'Grains', 'Fruits']",Saturday,t,12,w,0.71,1
16,535,Open,P,"['Onion', 'Potato', 'Cotton', 'Tomato', 'Grains', 'Fruits']",Monday,t,13,w,0.67,1
12,456,Closed,P,"['Onion', 'Potato', 'Cotton', 'Tomato', 'Grains', 'Fruits']",Saturday,t,12,w,0.78,0
14,505,Closed,P,"['Onion', 'Potato', 'Cotton', 'Tomato', 'Grains', 'Fruits']",Monday,t,2,w,0.57,1
6,541,Closed,P,"['Onion', 'Potato', 'Cotton', 'Tomato', 'Grains', 'Fruits']",Sunday,t,12,w,0.95,0
10,151,Closed,P,"['Onion', 'Potato', 'Cotton', 'Tomato', 'Grains', 'Fruits']",Saturday,t,12,w,0.5,0
20,115,Refrigerated,P,"['Onion', 'Potato', 'Cotton', 'Tomato', 'Grains', 'Fruits']",Sunday,t,3,w,0.85,1
20,371,Open,P,"['Onion', 'Potato', 'Cotton', 'Tomato', 'Grains', 'Fruits']",Tuesday,t,5,w,0.62,1
8,568,Closed,P,"['Onion', 'Potato', 'Cotton', 'Tomato', 'Grains', 'Fruits']",Friday,t,13,w,0.39,0
14,596,Closed,P,"['Onion', 'Potato', 'Cotton', 'Tomato', 'Grains', 'Fruits']",Friday,t,10,w,0.65,0
6,292,Open,P,"['Onion', 'Potato', 'Cotton', 'Tomato', 'Grains', 'Fruits']",Tuesday,t,6,w,0.65,0
10,482,Open,P,"['Onion', 'Potato', 'Cotton', 'Tomato', 'Grains', 'Fruits']",Wednesday,t,5,w,0.54,0
10,598,Open,P,"['Onion', 'Potato', 'Cotton', 'Tomato', 'Grains', 'Fruits']",Saturday,t,6,w,0.62,0
10,479,Open,P,"['Onion', 'Potato', 'Cotton', 'Tomato', 'Grains', 'Fruits']",Sunday,t,12,w,0.92,0
8,466,Open,P,"['Onion', 'Potato', 'Cotton', 'Tomato', 'Grains', 'Fruits']",Saturday,t,11,w,0.78,0
14,60,Open,P,"['Onion', 'Potato', 'Cotton', 'Tomato', 'Grains', 'Fruits']",Tuesday,t,3,w,0.33,1
20,147,Refrigerated,P,"['Onion', 'Potato', 'Cotton', 'Tomato', 'Grains', 'Fruits']",Saturday,t,8,w,0.87,0
18,235,Closed,P,"['Onion', 'Potato', 'Cotton', 'Tomato', 'Grains', 'Fruits']",Thursday,t,8,w,0.71,0
10,437,Refrigerated,P,"['Onion', 'Potato', 'Cotton', 'Tomato', 'Grains', 'Fruits']",Monday,t,7,w,0.73,0
20,564,Closed,P,"['Onion', 'Potato', 'Cotton', 'Tomato', 'Grains', 'Fruits']",Thursday,t,9,w,0.91,0
8,131,Open,P,"['Onion', 'Potato', 'Cotton', 'Tomato', 'Grains', 'Fruits']",Monday,t,1,w,0.76,1
6,484,Refrigerated,P,"['Onion', 'Potato', 'Cotton', 'Tomato', 'Grains', 'Fruits']",Thursday,t,3,w,0.21,0
6,485,Refrigerated,P,"['Onion', 'Potato', 'Cotton', 'Tomato', 'Grains', 'Fruits']",Tuesday,t,14,w,0.71,0
12,229,Open,P,"['Onion', 'Potato', 'Cotton', 'Tomato', 'Grains', 'Fruits']",Sunday,t,11,w,0.52,0
8,396,Refrigerated,P,"['Onion', 'Potato', 'Cotton', 'Tomato', 'Grains', 'Fruits']",Sunday,t,9,w,0.56,1
18,272,Closed,P,"['Onion', 'Potato', 'Cotton', 'Tomato', 'Grains', 'Fruits']",Thursday,t,1,w,0.2,1
8,55,Closed,P,"['Onion', 'Potato', 'Cotton', 'Tomato', 'Grains', 'Fruits']",Thursday,t,0,w,0.52,1
10,470,Open,P,"['Onion', 'Potato', 'Cotton', 'Tomato', 'Grains', 'Fruits']",Monday,t,8,w,0.55,0
10,599,Closed,P,"['Onion', 'Potato', 'Cotton', 'Tomato', 'Grains', 'Fruits']",Thursday,t,5,w,0.47,1
12,163,Open,P,"['Onion', 'Potato', 'Cotton', 'Tomato', 'Grains', 'Fruits']",Monday,t,12,w,0.76,1
12,540,Refrigerated,P,"['Onion', 'Potato', 'Cotton', 'Tomato', 'Grains', 'Fruits']",Monday,t,15,w,0.8,0
18,563,Refrigerated,P,"['Onion', 'Potato', 'Cotton', 'Tomato', 'Grains', 'Fruits']",Tuesday,t,3,w,0.29,1
12,103,Refrigerated,P,"['Onion', 'Potato', 'Cotton', 'Tomato', 'Grains', 'Fruits']",Thursday,t,13,w,0.42,0
12,206,Refrigerated,P,"['Onion', 'Potato', 'Cotton', 'Tomato', 'Grains', 'Fruits']",Tuesday,t,3,w,0.95,0
12,535,Refrigerated,P,"['Onion', 'Potato', 'Cotton', 'Tomato', 'Grains', 'Fruits']",Saturday,t,6,w,0.37,1
12,199,Closed,P,"['Onion', 'Potato', 'Cotton', 'Tomato', 'Grains', 'Fruits']",Friday,t,2,w,0.49,0
12,277,Closed,P,"['Onion', 'Potato', 'Cotton', 'Tomato', 'Grains', 'Fruits']",Thursday,t,13,w,0.43,0
16,478,Open,P,"['Onion', 'Potato', 'Cotton', 'Tomato', 'Grains', 'Fruits']",Monday,t,1,w,0.24,1
20,336,Refrigerated,P,"['Onion', 'Potato', 'Cotton', 'Tomato', 'Grains', 'Fruits']",Thursday,t,8,w,0.47,1
6,183,Closed,P,"['Onion', 'Potato', 'Cotton', 'Tomato', 'Grains', 'Fruits']",Saturday,t,11,w,0.69,0
8,183,Refrigerated,P,"['Onion', 'Potato', 'Cotton', 'Tomato', 'Grains', 'Fruits']",Monday,t,6,w,0.89,0
16,358,Refrigerated,P,"['Onion', 'Potato', 'Cotton', 'Tomato', 'Grains', 'Fruits']",Sunday,t,4,w,0.3,0
16,424,Closed,P,"['Onion', 'Potato', 'Cotton', 'Tomato', 'Grains', 'Fruits']",Thursday,t,15,w,0.59,0
10,330,Refrigerated,P,"['Onion', 'Potato', 'Cotton', 'Tomato', 'Grains', 'Fruits']",Wednesday,t,1,w,0.76,0
8,219,Closed,P,"['Onion', 'Potato', 'Cotton', 'Tomato', 'Grains', 'Fruits']",Friday,t,12,w,0.36,0
6,575,Closed,P,"['Onion', 'Potato', 'Cotton', 'Tomato', 'Grains', 'Fruits']",Wednesday,t,9,w,0.61,1
12,348,Open,P,"['Onion', 'Potato', 'Cotton', 'Tomato', 'Grains', 'Fruits']",Wednesday,t,8,w,0.68,0
8,51,Refrigerated,P,"['Onion', 'Potato', 'Cotton', 'Tomato', 'Grains', 'Fruits']",Saturday,t,10,w,0.91,0
10,468,Refrigerated,P,"['Onion', 'Potato', 'Cotton', 'Tomato', 'Grains', 'Fruits']",Wednesday,t,0,w,0.36,1
6,600,Refrigerated,P,"['Onion', 'Potato', 'Cotton', 'Tomato', 'Grains', 'Fruits']",Saturday,t,8,w,0.81,0
18,209,Closed,P,"['Onion', 'Potato', 'Cotton', 'Tomato', 'Grains', 'Fruits']",Saturday,t,11,w,0.88,0
10,230,Open,P,"['Onion', 'Potato', 'Cotton', 'Tomato', 'Grains', 'Fruits']",Saturday,t,9,w,0.43,0
12,121,Open,P,"['Onion', 'Potato', 'Cotton', 'Tomato', 'Grains', 'Fruits']",Thursday,t,14,w,0.28,0
6,152,Closed,P,"['Onion', 'Potato', 'Cotton', 'Tomato', 'Grains', 'Fruits']",Monday,t,0,w,0.3,1
6,59,Open,P,"['Onion', 'Potato', 'Cotton', 'Tomato', 'Grains', 'Fruits']",Sunday,t,6,w,0.56,0
10,364,Closed,P,"['Onion', 'Potato', 'Cotton', 'Tomato', 'Grains', 'Fruits']",Tuesday,t,1,w,0.67,0
8,353,Open,P,"['Onion', 'Potato', 'Cotton', 'Tomato', 'Grains', 'Fruits']",Tuesday,t,7,w,0.37,1
14,281,Refrigerated,P,"['Onion', 'Potato', 'Cotton', 'Tomato', 'Grains', 'Fruits']",Saturday,t,15,w,0.94,0
14,415,Open,P,"['Onion', 'Potato', 'Cotton', 'Tomato', 'Grains', 'Fruits']",Monday,t,2,w,0.65,1
10,485,Open,P,"['Onion', 'Potato', 'Cotton', 'Tomato', 'Grains', 'Fruits']",Friday,t,11,w,0.4,1
14,128,Open,P,"['Onion', 'Potato', 'Cotton', 'Tomato', 'Grains', 'Fruits']",Sunday,t,10,w,0.49,0
20,118,Open,P,"['Onion', 'Potato', 'Cotton', 'Tomato', 'Grains', 'Fruits']",Saturday,t,4,w,0.44,0
16,376,Closed,P,"['Onion', 'Potato', 'Cotton', 'Tomato', 'Grains', 'Fruits']",Thursday,t,10,w,0.8,0
18,559,Refrigerated,P,"['Onion', 'Potato', 'Cotton', 'Tomato', 'Grains', 'Fruits']",Friday,t,12,w,0.64,0
12,139,Open,P,"['Onion', 'Potato', 'Cotton', 'Tomato', 'Grains', 'Fruits']",Monday,t,0,w,0.62,0
6,407,Closed,P,"['Onion', 'Potato', 'Cotton', 'Tomato', 'Grains', 'Fruits']",Wednesday,t,4,w,0.38,1
10,170,Refrigerated,P,"['Onion', 'Potato', 'Cotton', 'Tomato', 'Grains', 'Fruits']",Thursday,t,13,w,0.24,0
20,211,Open,P,"['Onion', 'Potato', 'Cotton', 'Tomato', 'Grains', 'Fruits']",Wednesday,t,2,w,0.26,0
10,236,Closed,P,"['Onion', 'Potato', 'Cotton', 'Tomato', 'Grains', 'Fruits']",Saturday,t,15,w,0.74,0
6,343,Open,P,"['Onion', 'Potato', 'Cotton', 'Tomato', 'Grains', 'Fruits']",Monday,t,5,w,0.21,0
20,314,Refrigerated,P,"['Onion', 'Potato', 'Cotton', 'Tomato', 'Grains', 'Fruits']",Saturday,t,13,w,0.4,0
10,266,Closed,P,"['Onion', 'Potato', 'Cotton', 'Tomato', 'Grains', 'Fruits']",Tuesday,t,5,w,0.81,0
18,439,Open,P,"['Onion', 'Potato', 'Cotton', 'Tomato', 'Grains', 'Fruits']",Sunday,t,13,w,0.4,1
16,78,Open,P,"['Onion', 'Potato', 'Cotton', 'Tomato', 'Grains', 'Fruits']",Tuesday,t,2,w,0.65,1
12,83,Open,P,"['Onion', 'Potato', 'Cotton', 'Tomato', 'Grains', 'Fruits']",Monday,t,15,w,0.24,1
16,339,Closed,P,"['Onion', 'Potato', 'Cotton', 'Tomato', 'Grains', 'Fruits']",Wednesday,t,11,w,0.73,0
8,564,Open,P,"['Onion', 'Potato', 'Cotton', 'Tomato', 'Grains', 'Fruits']",Friday,t,15,w,0.42,0
8,287,Open,P,"['Onion', 'Potato', 'Cotton', 'Tomato', 'Grains', 'Fruits']",Sunday,t,10,w,0.79,0
18,90,Refrigerated,P,"['Onion', 'Potato', 'Cotton', 'Tomato', 'Grains', 'Fruits']",Tuesday,t,2,w,0.63,1
6,196,Closed,P,"['Onion', 'Potato', 'Cotton', 'Tomato', 'Grains', 'Fruits']",Thursday,t,14,w,0.33,1
16,411,Open,P,"['Onion', 'Potato', 'Cotton', 'Tomato', 'Grains', 'Fruits']",Tuesday,t,8,w,0.93,0
10,176,Refrigerated,P,"['Onion', 'Potato', 'Cotton', 'Tomato', 'Grains', 'Fruits']",Monday,t,9,w,0.51,0
20,425,Refrigerated,P,"['Onion', 'Potato', 'Cotton', 'Tomato', 'Grains', 'Fruits']",Wednesday,t,13,w,0.4,0
6,300,Refrigerated,P,"['Onion', 'Potato', 'Cotton', 'Tomato', 'Grains', 'Fruits']",Tuesday,t,9,w,0.32,1
18,523,Refrigerated,P,"['Onion', 'Potato', 'Cotton', 'Tomato', 'Grains', 'Fruits']",Wednesday,t,14,w,0.28,1
18,493,Open,P,"['Onion', 'Potato', 'Cotton', 'Tomato', 'Grains', 'Fruits']",Wednesday,t,10,w,0.95,0
20,167,Closed,P,"['Onion', 'Potato', 'Cotton', 'Tomato', 'Grains', 'Fruits']",Monday,t,15,w,0.68,1
18,113,Closed,P,"['Onion', 'Potato', 'Cotton', 'Tomato', 'Grains', 'Fruits']",Thursday,t,1,w,0.85,0
14,308,Refrigerated,P,"['Onion', 'Potato', 'Cotton', 'Tomato', 'Grains', 'Fruits']",Monday,t,2,w,0.5,0
18,587,Open,P,"['Onion', 'Potato', 'Cotton', 'Tomato', 'Grains', 'Fruits']",Tuesday,t,2,w,0.46,1
16,479,Closed,P,"['Onion', 'Potato', 'Cotton', 'Tomato', 'Grains', 'Fruits']",Friday,t,13,w,0.88,0
12,129,Refrigerated,P,"['Onion', 'Potato', 'Cotton', 'Tomato', 'Grains', 'Fruits']",Wednesday,t,0,w,0.87,1
16,166,Refrigerated,P,"['Onion', 'Potato', 'Cotton', 'Tomato', 'Grains', 'Fruits']",Wednesday,t,14,w,0.68,0
6,273,Refrigerated,P,"['Onion', 'Potato', 'Cotton', 'Tomato', 'Grains', 'Fruits']",Thursday,t,12,w,0.46,0
6,429,Closed,P,"['Onion', 'Potato', 'Cotton', 'Tomato', 'Grains', 'Fruits']",Wednesday,t,3,w,0.69,0
16,486,Refrigerated,P,"['Onion', 'Potato', 'Cotton', 'Tomato', 'Grains', 'Fruits']",Monday,t,14,w,0.48,1
18,440,Closed,P,"['Onion', 'Potato', 'Cotton', 'Tomato', 'Grains', 'Fruits']",Saturday,t,3,w,0.8,0
18,156,Closed,P,"['Onion', 'Potato', 'Cotton', 'Tomato', 'Grains', 'Fruits']",Saturday,t,1,w,0.84,0
18,167,Open,P,"['Onion', 'Potato', 'Cotton', 'Tomato', 'Grains', 'Fruits']",Monday,t,14,w,0.88,0
18,57,Closed,P,"['Onion', 'Potato', 'Cotton', 'Tomato', 'Grains', 'Fruits']",Friday,t,8,w,0.43,0
12,54,Closed,P,"['Onion', 'Potato', 'Cotton', 'Tomato', 'Grains', 'Fruits']",Monday,t,4,w,0.83,0
16,393,Open,P,"['Onion', 'Potato', 'Cotton', 'Tomato', 'Grains', 'Fruits']",Tuesday,t,6,w,0.82,0
10,449,Refrigerated,P,"['Onion', 'Potato', 'Cotton', 'Tomato', 'Grains', 'Fruits']",Thursday,t,5,w,0.37,1
8,451,Refrigerated,P,"['Onion', 'Potato', 'Cotton', 'Tomato', 'Grains', 'Fruits']",Sunday,t,10,w,0.27,1
10,78,Refrigerated,P,"['Onion', 'Potato', 'Cotton', 'Tomato', 'Grains', 'Fruits']",Friday,t,0,w,0.94,0
10,295,Refrigerated,P,"['Onion', 'Potato', 'Cotton', 'Tomato', 'Grains', 'Fruits']",Wednesday,t,7,w,0.78,0
10,73,Refrigerated,P,"['Onion', 'Potato', 'Cotton', 'Tomato', 'Grains', 'Fruits']",Monday,t,3,w,0.31,1
8,556,Closed,P,"['Onion', 'Potato', 'Cotton', 'Tomato', 'Grains', 'Fruits']",Thursday,t,15,w,0.51,0
12,479,Closed,P,"['Onion', 'Potato', 'Cotton', 'Tomato', 'Grains', 'Fruits']",Saturday,t,5,w,0.42,0
6,170,Closed,P,"['Onion', 'Potato', 'Cotton', 'Tomato', 'Grains', 'Fruits']",Thursday,t,5,w,0.89,1
6,580,Refrigerated,P,"['Onion', 'Potato', 'Cotton', 'Tomato', 'Grains', 'Fruits']",Tuesday,t,3,w,0.22,1
10,324,Closed,P,"['Onion', 'Potato', 'Cotton', 'Tomato', 'Grains', 'Fruits']",Tuesday,t,11,w,0.55,0
18,247,Closed,P,"['Onion', 'Potato', 'Cotton', 'Tomato', 'Grains', 'Fruits']",Tuesday,t,12,w,0.64,0
12,549,Closed,P,"['Onion', 'Potato', 'Cotton', 'Tomato', 'Grains', 'Fruits']",Thursday,t,10,w,0.66,0
16,115,Closed,P,"['Onion', 'Potato', 'Cotton', 'Tomato', 'Grains', 'Fruits']",Monday,t,13,w,0.65,0
16,457,Open,P,"['Onion', 'Potato', 'Cotton', 'Tomato', 'Grains', 'Fruits']",Tuesday,t,13,w,0.47,0
16,198,Closed,P,"['Onion', 'Potato', 'Cotton', 'Tomato', 'Grains', 'Fruits']",Monday,t,0,w,0.36,1
12,117,Closed,P,"['Onion', 'Potato', 'Cotton', 'Tomato', 'Grains', 'Fruits']",Friday,t,6,w,0.62,0
8,481,Refrigerated,P,"['Onion', 'Potato', 'Cotton', 'Tomato', 'Grains', 'Fruits']",Wednesday,t,6,w,0.24,1
14,481,Open,P,"['Onion', 'Potato', 'Cotton', 'Tomato', 'Grains', 'Fruits']",Thursday,t,10,w,0.38,1
6,522,Closed,P,"['Onion', 'Potato', 'Cotton', 'Tomato', 'Grains', 'Fruits']",Sunday,t,1,w,0.45,1
18,358,Closed,P,"['Onion', 'Potato', 'Cotton', 'Tomato', 'Grains', 'Fruits']",Sunday,t,12,w,0.62,0
18,355,Refrigerated,P,"['Onion', 'Potato', 'Cotton', 'Tomato', 'Grains', 'Fruits']",Thursday,t,11,w,0.22,1
8,380,Refrigerated,P,"['Onion', 'Potato', 'Cotton', 'Tomato', 'Grains', 'Fruits']",Tuesday,t,2,w,0.74,0
6,103,Closed,P,"['Onion', 'Potato', 'Cotton', 'Tomato', 'Grains', 'Fruits']",Monday,t,9,w,0.4,0
18,326,Refrigerated,P,"['Onion', 'Potato', 'Cotton', 'Tomato', 'Grains', 'Fruits']",Tuesday,t,3,w,0.44,0
18,507,Refrigerated,P,"['Onion', 'Potato', 'Cotton', 'Tomato', 'Grains', 'Fruits']",Friday,t,15,w,0.93,0
12,144,Closed,P,"['Onion', 'Potato', 'Cotton', 'Tomato', 'Grains', 'Fruits']",Saturday,t,11,w,0.69,0
8,126,Closed,P,"['Onion', 'Potato', 'Cotton', 'Tomato', 'Grains', 'Fruits']",Tuesday,t,6,w,0.81,0
12,590,Refrigerated,P,"['Onion', 'Potato', 'Cotton', 'Tomato', 'Grains', 'Fruits']",Sunday,t,14,w,0.84,1
16,444,Closed,P,"['Onion', 'Potato', 'Cotton', 'Tomato', 'Grains', 'Fruits']",Sunday,t,6,w,0.41,0
8,200,Closed,P,"['Onion', 'Potato', 'Cotton', 'Tomato', 'Grains', 'Fruits']",Saturday,t,7,w,0.87,1
20,410,Closed,P,"['Onion', 'Potato', 'Cotton', 'Tomato', 'Grains', 'Fruits']",Friday,t,11,w,0.36,1
16,104,Closed,P,"['Onion', 'Potato', 'Cotton', 'Tomato', 'Grains', 'Fruits']",Wednesday,t,1,w,0.75,1
18,230,Refrigerated,P,"['Onion', 'Potato', 'Cotton', 'Tomato', 'Grains', 'Fruits']",Friday,t,13,w,0.71,0
12,167,Open,P,"['Onion', 'Potato', 'Cotton', 'Tomato', 'Grains', 'Fruits']",Friday,t,7,w,0.6,0
18,451,Closed,P,"['Onion', 'Potato', 'Cotton', 'Tomato', 'Grains', 'Fruits']",Tuesday,t,15,w,0.33,0
14,53,Open,P,"['Onion', 'Potato', 'Cotton', 'Tomato', 'Grains', 'Fruits']",Friday,t,9,w,0.33,1
16,516,Open,P,"['Onion', 'Potato', 'Cotton', 'Tomato', 'Grains', 'Fruits']",Saturday,t,13,w,0.22,0
10,59,Refrigerated,P,"['Onion', 'Potato', 'Cotton', 'Tomato', 'Grains', 'Fruits']",Thursday,t,15,w,0.55,1
14,283,Refrigerated,P,"['Onion', 'Potato', 'Cotton', 'Tomato', 'Grains', 'Fruits']",Sunday,t,3,w,0.43,0
16,313,Refrigerated,P,"['Onion', 'Potato', 'Cotton', 'Tomato', 'Grains', 'Fruits']",Wednesday,t,14,w,0.82,0
20,165,Closed,P,"['Onion', 'Potato', 'Cotton', 'Tomato', 'Grains', 'Fruits']",Tuesday,t,7,w,0.47,0
18,418,Open,P,"['Onion', 'Potato', 'Cotton', 'Tomato', 'Grains', 'Fruits']",Tuesday,t,3,w,0.86,0
20,589,Open,P,"['Onion', 'Potato', 'Cotton', 'Tomato', 'Grains', 'Fruits']",Saturday,t,10,w,0.64,1
12,92,Refrigerated,P,"['Onion', 'Potato', 'Cotton', 'Tomato', 'Grains', 'Fruits']",Sunday,t,13,w,0.62,0
8,58,Closed,P,"['Onion', 'Potato', 'Cotton', 'Tomato', 'Grains', 'Fruits']",Thursday,t,9,w,0.43,0
6,514,Open,P,"['Onion', 'Potato', 'Cotton', 'Tomato', 'Grains', 'Fruits']",Wednesday,t,1,w,0.43,1
6,101,Closed,P,"['Onion', 'Potato', 'Cotton', 'Tomato', 'Grains', 'Fruits']",Wednesday,t,4,w,0.73,0
18,132,Closed,P,"['Onion', 'Potato', 'Cotton', 'Tomato', 'Grains', 'Fruits']",Monday,t,11,w,0.81,0
8,317,Closed,P,"['Onion', 'Potato', 'Cotton', 'Tomato', 'Grains', 'Fruits']",Tuesday,t,10,w,0.71,0
12,358,Closed,P,"['Onion', 'Potato', 'Cotton', 'Tomato', 'Grains', 'Fruits']",Wednesday,t,5,w,0.79,1
20,370,Refrigerated,P,"['Onion', 'Potato', 'Cotton', 'Tomato', 'Grains', 'Fruits']",Thursday,t,13,w,0.52,1
6,481,Open,P,"['Onion', 'Potato', 'Cotton', 'Tomato', 'Grains', 'Fruits']",Friday,t,7,w,0.3,0
14,104,Closed,P,"['Onion', 'Potato', 'Cotton', 'Tomato', 'Grains', 'Fruits']",Thursday,t,14,w,0.83,0
8,391,Refrigerated,P,"['Onion', 'Potato', 'Cotton', 'Tomato', 'Grains', 'Fruits']",Sunday,t,15,w,0.85,0
6,259,Refrigerated,P,"['Onion', 'Potato', 'Cotton', 'Tomato', 'Grains', 'Fruits']",Friday,t,4,w,0.87,1
14,56,Closed,P,"['Onion', 'Potato', 'Cotton', 'Tomato', 'Grains', 'Fruits']",Monday,t,0,w,0.65,1
12,156,Closed,P,"['Onion', 'Potato', 'Cotton', 'Tomato', 'Grains', 'Fruits']",Sunday,t,12,w,0.89,0
10,290,Refrigerated,P,"['Onion', 'Potato', 'Cotton', 'Tomato', 'Grains', 'Fruits']",Sunday,t,3,w,0.31,1
12,224,Refrigerated,P,"['Onion', 'Potato', 'Cotton', 'Tomato', 'Grains', 'Fruits']",Thursday,t,9,w,0.7,0
14,450,Closed,P,"['Onion', 'Potato', 'Cotton', 'Tomato', 'Grains', 'Fruits']",Thursday,t,13,w,0.22,0
6,360,Open,P,"['Onion', 'Potato', 'Cotton', 'Tomato', 'Grains', 'Fruits']",Monday,t,4,w,0.86,1
10,416,Refrigerated,P,"['Onion', 'Potato', 'Cotton', 'Tomato', 'Grains', 'Fruits']",Wednesday,t,2,w,0.69,0
16,520,Refrigerated,P,"['Onion', 'Potato', 'Cotton', 'Tomato', 'Grains', 'Fruits']",Wednesday,t,12,w,0.89,0
20,234,Refrigerated,P,"['Onion', 'Potato', 'Cotton', 'Tomato', 'Grains', 'Fruits']",Tuesday,t,11,w,0.25,0
12,148,Refrigerated,P,"['Onion', 'Potato', 'Cotton', 'Tomato', 'Grains', 'Fruits']",Thursday,t,10,w,0.94,0
12,157,Open,P,"['Onion', 'Potato', 'Cotton', 'Tomato', 'Grains', 'Fruits']",Sunday,t,2,w,0.66,0
8,502,Closed,P,"['Onion', 'Potato', 'Cotton', 'Tomato', 'Grains', 'Fruits']",Tuesday,t,3,w,0.48,1
12,250,Closed,P,"['Onion', 'Potato', 'Cotton', 'Tomato', 'Grains', 'Fruits']",Thursday,t,7,w,0.76,0
12,138,Refrigerated,P,"['Onion', 'Potato', 'Cotton', 'Tomato', 'Grains', 'Fruits']",Saturday,t,6,w,0.81,0
18,123,Closed,P,"['Onion', 'Potato', 'Cotton', 'Tomato', 'Grains', 'Fruits']",Saturday,t,6,w,0.63,0
10,118,Closed,P,"['Onion', 'Potato', 'Cotton', 'Tomato', 'Grains', 'Fruits']",Saturday,t,2,w,0.3,1
20,286,Open,P,"['Onion', 'Potato', 'Cotton', 'Tomato', 'Grains', 'Fruits']",Monday,t,9,w,0.49,0
10,344,Open,P,"['Onion', 'Potato', 'Cotton', 'Tomato', 'Grains', 'Fruits']",Sunday,t,12,w,0.61,0
14,80,Open,P,"['Onion', 'Potato', 'Cotton', 'Tomato', 'Grains', 'Fruits']",Thursday,t,6,w,0.87,0
16,113,Open,P,"['Onion', 'Potato', 'Cotton', 'Tomato', 'Grains', 'Fruits']",Monday,t,11,w,0.91,0
8,540,Open,P,"['Onion', 'Potato', 'Cotton', 'Tomato', 'Grains', 'Fruits']",Saturday,t,3,w,0.57,1
20,360,Open,P,"['Onion', 'Potato', 'Cotton', 'Tomato', 'Grains', 'Fruits']",Monday,t,6,w,0.71,0
6,446,Closed,P,"['Onion', 'Potato', 'Cotton', 'Tomato', 'Grains', 'Fruits']",Thursday,t,4,w,0.53,0
16,410,Open,P,"['Onion', 'Potato', 'Cotton', 'Tomato', 'Grains', 'Fruits']",Thursday,t,7,w,0.27,0
6,65,Refrigerated,P,"['Onion', 'Potato', 'Cotton', 'Tomato', 'Grains', 'Fruits']",Sunday,t,2,w,0.3,1
16,300,Closed,P,"['Onion', 'Potato', 'Cotton', 'Tomato', 'Grains', 'Fruits']",Friday,t,15,w,0.69,0
12,556,Refrigerated,P,"['Onion', 'Potato', 'Cotton', 'Tomato', 'Grains', 'Fruits']",Sunday,t,14,w,0.91,1
12,589,Closed,P,"['Onion', 'Potato', 'Cotton', 'Tomato', 'Grains', 'Fruits']",Saturday,t,1,w,0.88,1
14,130,Open,P,"['Onion', 'Potato', 'Cotton', 'Tomato', 'Grains', 'Fruits']",Sunday,t,9,w,0.29,0
6,290,Refrigerated,P,"['Onion', 'Potato', 'Cotton', 'Tomato', 'Grains', 'Fruits']",Saturday,t,3,w,0.57,1
18,357,Open,P,"['Onion', 'Potato', 'Cotton', 'Tomato', 'Grains', 'Fruits']",Wednesday,t,15,w,0.85,1
12,438,Open,P,"['Onion', 'Potato', 'Cotton', 'Tomato', 'Grains', 'Fruits']",Friday,t,9,w,0.61,1
16,318,Refrigerated,P,"['Onion', 'Potato', 'Cotton', 'Tomato', 'Grains', 'Fruits']",Sunday,t,10,w,0.85,0
6,161,Refrigerated,P,"['Onion', 'Potato', 'Cotton', 'Tomato', 'Grains', 'Fruits']",Saturday,t,14,w,0.63,0
10,440,Closed,P,"['Onion', 'Potato', 'Cotton', 'Tomato', 'Grains', 'Fruits']",Tuesday,t,8,w,0.26,0
16,454,Open,P,"['Onion', 'Potato', 'Cotton', 'Tomato', 'Grains', 'Fruits']",Wednesday,t,8,w,0.29,1
14,233,Closed,P,"['Onion', 'Potato', 'Cotton', 'Tomato', 'Grains', 'Fruits']",Monday,t,0,w,0.23,1
12,468,Open,P,"['Onion', 'Potato', 'Cotton', 'Tomato', 'Grains', 'Fruits']",Wednesday,t,2,w,0.33,1
20,180,Open,P,"['Onion', 'Potato', 'Cotton', 'Tomato', 'Grains', 'Fruits']",Tuesday,t,7,w,0.69,0
20,374,Open,P,"['Onion', 'Potato', 'Cotton', 'Tomato', 'Grains', 'Fruits']",Monday,t,8,w,0.71,0
6,290,Closed,P,"['Onion', 'Potato', 'Cotton', 'Tomato', 'Grains', 'Fruits']",Monday,t,3,w,0.38,1
18,123,Refrigerated,P,"['Onion', 'Potato', 'Cotton', 'Tomato', 'Grains', 'Fruits']",Wednesday,t,0,w,0.66,0
16,531,Closed,P,"['Onion', 'Potato', 'Cotton', 'Tomato', 'Grains', 'Fruits']",Tuesday,t,1,w,0.9,1
12,370,Refrigerated,P,"['Onion', 'Potato', 'Cotton', 'Tomato', 'Grains', 'Fruits']",Tuesday,t,1,w,0.49,1
8,279,Refrigerated,P,"['Onion', 'Potato', 'Cotton', 'Tomato', 'Grains', 'Fruits']",Friday,t,1,w,0.69,1
12,350,Open,P,"['Onion', 'Potato', 'Cotton', 'Tomato', 'Grains', 'Fruits']",Tuesday,t,7,w,0.44,0
20,469,Closed,P,"['Onion', 'Potato', 'Cotton', 'Tomato', 'Grains', 'Fruits']",Wednesday,t,11,w,0.65,0
10,600,Open,P,"['Onion', 'Potato', 'Cotton', 'Tomato', 'Grains', 'Fruits']",Saturday,t,8,w,0.46,0
10,556,Refrigerated,P,"['Onion', 'Potato', 'Cotton', 'Tomato', 'Grains', 'Fruits']",Tuesday,t,0,w,0.29,1
20,153,Open,P,"['Onion', 'Potato', 'Cotton', 'Tomato', 'Grains', 'Fruits']",Sunday,t,0,w,0.94,0
18,482,Closed,P,"['Onion', 'Potato', 'Cotton', 'Tomato', 'Grains', 'Fruits']",Thursday,t,9,w,0.45,1
8,96,Open,P,"['Onion', 'Potato', 'Cotton', 'Tomato', 'Grains', 'Fruits']",Thursday,t,14,w,0.42,1
10,571,Open,P,"['Onion', 'Potato', 'Cotton', 'Tomato', 'Grains', 'Fruits']",Monday,t,14,w,0.44,0
14,149,Open,P,"['Onion', 'Potato', 'Cotton', 'Tomato', 'Grains', 'Fruits']",Thursday,t,1,w,0.41,0
10,92,Refrigerated,P,"['Onion', 'Potato', 'Cotton', 'Tomato', 'Grains', 'Fruits']",Thursday,t,10,w,0.46,0
20,499,Open,P,"['Onion', 'Potato', 'Cotton', 'Tomato', 'Grains', 'Fruits']",Wednesday,t,3,w,0.7,1
10,78,Refrigerated,P,"['Onion', 'Potato', 'Cotton', 'Tomato', 'Grains', 'Fruits']",Friday,t,0,w,0.82,1
18,505,Refrigerated,P,"['Onion', 'Potato', 'Cotton', 'Tomato', 'Grains', 'Fruits']",Sunday,t,9,w,0.74,1
18,555,Closed,P,"['Onion', 'Potato', 'Cotton', 'Tomato', 'Grains', 'Fruits']",Sunday,t,8,w,0.93,0
12,126,Closed,P,"['Onion', 'Potato', 'Cotton', 'Tomato', 'Grains', 'Fruits']",Friday,t,8,w,0.67,0
16,89,Closed,P,"['Onion', 'Potato', 'Cotton', 'Tomato', 'Grains', 'Fruits']",Saturday,t,6,w,0.91,0
18,275,Refrigerated,P,"['Onion', 'Potato', 'Cotton', 'Tomato', 'Grains', 'Fruits']",Wednesday,t,4,w,0.81,1
12,140,Refrigerated,P,"['Onion', 'Potato', 'Cotton', 'Tomato', 'Grains', 'Fruits']",Monday,t,2,w,0.62,1
18,319,Refrigerated,P,"['Onion', 'Potato', 'Cotton', 'Tomato', 'Grains', 'Fruits']",Saturday,t,11,w,0.6,0
12,349,Refrigerated,P,"['Onion', 'Potato', 'Cotton', 'Tomato', 'Grains', 'Fruits']",Thursday,t,11,w,0.42,0
14,479,Closed,P,"['Onion', 'Potato', 'Cotton', 'Tomato', 'Grains', 'Fruits']",Tuesday,t,3,w,0.55,1
18,181,Closed,P,"['Onion', 'Potato', 'Cotton', 'Tomato', 'Grains', 'Fruits']",Friday,t,7,w,0.42,0
18,112,Refrigerated,P,"['Onion', 'Potato', 'Cotton', 'Tomato', 'Grains', 'Fruits']",Wednesday,t,13,w,0.81,0
6,324,Closed,P,"['Onion', 'Potato', 'Cotton', 'Tomato', 'Grains', 'Fruits']",Wednesday,t,9,w,0.51,1
12,162,Refrigerated,P,"['Onion', 'Potato', 'Cotton', 'Tomato', 'Grains', 'Fruits']",Tuesday,t,0,w,0.27,0
8,100,Refrigerated,P,"['Onion', 'Potato', 'Cotton', 'Tomato', 'Grains', 'Fruits']",Wednesday,t,5,w,0.84,0
16,389,Closed,P,"['Onion', 'Potato', 'Cotton', 'Tomato', 'Grains', 'Fruits']",Friday,t,0,w,0.83,1
18,546,Open,P,"['Onion', 'Potato', 'Cotton', 'Tomato', 'Grains', 'Fruits']",Wednesday,t,0,w,0.67,1
8,436,Refrigerated,P,"['Onion', 'Potato', 'Cotton', 'Tomato', 'Grains', 'Fruits']",Tuesday,t,2,w,0.26,1
18,70,Open,P,"['Onion', 'Potato', 'Cotton', 'Tomato', 'Grains', 'Fruits']",Monday,t,6,w,0.79,0
14,330,Closed,P,"['Onion', 'Potato', 'Cotton', 'Tomato', 'Grains', 'Fruits']",Monday,t,15,w,0.42,0
14,544,Closed,P,"['Onion', 'Potato', 'Cotton', 'Tomato', 'Grains', 'Fruits']",Thursday,t,15,w,0.91,0
20,279,Refrigerated,P,"['Onion', 'Potato', 'Cotton', 'Tomato', 'Grains', 'Fruits']",Thursday,t,14,w,0.56,0
10,135,Open,P,"['Onion', 'Potato', 'Cotton', 'Tomato', 'Grains', 'Fruits']",Tuesday,t,7,w,0.31,0
12,110,Closed,P,"['Onion', 'Potato', 'Cotton', 'Tomato', 'Grains', 'Fruits']",Thursday,t,10,w,0.23,0
6,324,Refrigerated,P,"['Onion', 'Potato', 'Cotton', 'Tomato', 'Grains', 'Fruits']",Sunday,t,15,w,0.92,0
20,576,Refrigerated,P,"['Onion', 'Potato', 'Cotton', 'Tomato', 'Grains', 'Fruits']",Monday,t,2,w,0.3,1
8,220,Open,P,"['Onion', 'Potato', 'Cotton', 'Tomato', 'Grains', 'Fruits']",Sunday,t,1,w,0.57,1
10,478,Closed,P,"['Onion', 'Potato', 'Cotton', 'Tomato', 'Grains', 'Fruits']",Wednesday,t,13,w,0.74,1
16,430,Refrigerated,P,"['Onion', 'Potato', 'Cotton', 'Tomato', 'Grains', 'Fruits']",Tuesday,t,6,w,0.59,0
16,188,Open,P,"['Onion', 'Potato', 'Cotton', 'Tomato', 'Grains', 'Fruits']",Monday,t,13,w,0.31,0
14,242,Open,P,"['Onion', 'Potato', 'Cotton', 'Tomato', 'Grains', 'Fruits']",Friday,t,10,w,0.25,1
16,281,Closed,P,"['Onion', 'Potato', 'Cotton', 'Tomato', 'Grains', 'Fruits']",Tuesday,t,9,w,0.64,0
18,310,Refrigerated,P,"['Onion', 'Potato', 'Cotton', 'Tomato', 'Grains', 'Fruits']",Monday,t,3,w,0.41,1
18,388,Refrigerated,P,"['Onion', 'Potato', 'Cotton', 'Tomato', 'Grains', 'Fruits']",Sunday,t,6,w,0.2,1
10,196,Open,P,"['Onion', 'Potato', 'Cotton', 'Tomato', 'Grains', 'Fruits']",Sunday,t,10,w,0.87,0
20,485,Refrigerated,P,"['Onion', 'Potato', 'Cotton', 'Tomato', 'Grains', 'Fruits']",Wednesday,t,3,w,0.62,0
20,413,Closed,P,"['Onion', 'Potato', 'Cotton', 'Tomato', 'Grains', 'Fruits']",Friday,t,6,w,0.91,0
18,502,Closed,P,"['Onion', 'Potato', 'Cotton', 'Tomato', 'Grains', 'Fruits']",Saturday,t,13,w,0.33,0
16,484,Open,P,"['Onion', 'Potato', 'Cotton', 'Tomato', 'Grains', 'Fruits']",Thursday,t,5,w,0.35,1
14,386,Open,P,"['Onion', 'Potato', 'Cotton', 'Tomato', 'Grains', 'Fruits']",Wednesday,t,8,w,0.69,0
14,330,Refrigerated,P,"['Onion', 'Potato', 'Cotton', 'Tomato', 'Grains', 'Fruits']",Friday,t,15,w,0.57,0
8,89,Closed,P,"['Onion', 'Potato', 'Cotton', 'Tomato', 'Grains', 'Fruits']",Friday,t,5,w,0.26,1
20,113,Closed,P,"['Onion', 'Potato', 'Cotton', 'Tomato', 'Grains', 'Fruits']",Sunday,t,6,w,0.45,0
10,425,Refrigerated,P,"['Onion', 'Potato', 'Cotton', 'Tomato', 'Grains', 'Fruits']",Saturday,t,13,w,0.25,1
14,135,Open,P,"['Onion', 'Potato', 'Cotton', 'Tomato', 'Grains', 'Fruits']",Monday,t,6,w,0.33,0
6,368,Closed,P,"['Onion', 'Potato', 'Cotton', 'Tomato', 'Grains', 'Fruits']",Monday,t,14,w,0.62,1
8,236,Refrigerated,P,"['Onion', 'Potato', 'Cotton', 'Tomato', 'Grains', 'Fruits']",Tuesday,t,0,w,0.79,1
8,302,Closed,P,"['Onion', 'Potato', 'Cotton', 'Tomato', 'Grains', 'Fruits']",Saturday,t,9,w,0.48,0
16,473,Open,P,"['Onion', 'Potato', 'Cotton', 'Tomato', 'Grains', 'Fruits']",Wednesday,t,5,w,0.39,1
16,422,Closed,P,"['Onion', 'Potato', 'Cotton', 'Tomato', 'Grains', 'Fruits']",Sunday,t,1,w,0.32,0
18,405,Refrigerated,P,"['Onion', 'Potato', 'Cotton', 'Tomato', 'Grains', 'Fruits']",Tuesday,t,8,w,0.58,1
14,82,Open,P,"['Onion', 'Potato', 'Cotton', 'Tomato', 'Grains', 'Fruits']",Thursday,t,14,w,0.48,0
6,380,Refrigerated,P,"['Onion', 'Potato', 'Cotton', 'Tomato', 'Grains', 'Fruits']",Saturday,t,0,w,0.52,0
8,241,Closed,P,"['Onion', 'Potato', 'Cotton', 'Tomato', 'Grains', 'Fruits']",Tuesday,t,5,w,0.53,0
18,458,Closed,P,"['Onion', 'Potato', 'Cotton', 'Tomato', 'Grains', 'Fruits']",Wednesday,t,10,w,0.71,0
12,569,Open,P,"['Onion', 'Potato', 'Cotton', 'Tomato', 'Grains', 'Fruits']",Thursday,t,12,w,0.32,1
12,192,Open,P,"['Onion', 'Potato', 'Cotton', 'Tomato', 'Grains', 'Fruits']",Sunday,t,2,w,0.79,1
18,219,Closed,P,"['Onion', 'Potato', 'Cotton', 'Tomato', 'Grains', 'Fruits']",Saturday,t,6,w,0.43,0
12,497,Open,P,"['Onion', 'Potato', 'Cotton', 'Tomato', 'Grains', 'Fruits']",Tuesday,t,0,w,0.32,1
18,267,Closed,P,"['Onion', 'Potato', 'Cotton', 'Tomato', 'Grains', 'Fruits']",Sunday,t,7,w,0.49,0
18,384,Closed,P,"['Onion', 'Potato', 'Cotton', 'Tomato', 'Grains', 'Fruits']",Friday,t,2,w,0.57,1
12,232,Open,P,"['Onion', 'Potato', 'Cotton', 'Tomato', 'Grains', 'Fruits']",Wednesday,t,0,w,0.89,1
12,95,Open,P,"['Onion', 'Potato', 'Cotton', 'Tomato', 'Grains', 'Fruits']",Thursday,t,10,w,0.69,0
18,542,Open,P,"['Onion', 'Potato', 'Cotton', 'Tomato', 'Grains', 'Fruits']",Thursday,t,5,w,0.71,1
8,404,Refrigerated,P,"['Onion', 'Potato', 'Cotton', 'Tomato', 'Grains', 'Fruits']",Saturday,t,0,w,0.44,1
20,61,Closed,P,"['Onion', 'Potato', 'Cotton', 'Tomato', 'Grains', 'Fruits']",Thursday,t,9,w,0.39,0
20,564,Closed,P,"['Onion', 'Potato', 'Cotton', 'Tomato', 'Grains', 'Fruits']",Saturday,t,11,w,0.79,0
18,131,Open,P,"['Onion', 'Potato', 'Cotton', 'Tomato', 'Grains', 'Fruits']",Wednesday,t,6,w,0.53,1
20,521,Closed,P,"['Onion', 'Potato', 'Cotton', 'Tomato', 'Grains', 'Fruits']",Friday,t,8,w,0.45,0
14,233,Closed,P,"['Onion', 'Potato', 'Cotton', 'Tomato', 'Grains', 'Fruits']",Thursday,t,14,w,0.42,1
6,594,Refrigerated,P,"['Onion', 'Potato', 'Cotton', 'Tomato', 'Grains', 'Fruits']",Tuesday,t,2,w,0.29,1
14,403,Closed,P,"['Onion', 'Potato', 'Cotton', 'Tomato', 'Grains', 'Fruits']",Sunday,t,1,w,0.44,0
8,441,Refrigerated,P,"['Onion', 'Potato', 'Cotton', 'Tomato', 'Grains', 'Fruits']",Wednesday,t,13,w,0.22,1
8,493,Open,P,"['Onion', 'Potato', 'Cotton', 'Tomato', 'Grains', 'Fruits']",Friday,t,9,w,0.72,0
12,497,Closed,P,"['Onion', 'Potato', 'Cotton', 'Tomato', 'Grains', 'Fruits']",Wednesday,t,12,w,0.71,0
6,474,Refrigerated,P,"['Onion', 'Potato', 'Cotton', 'Tomato', 'Grains', 'Fruits']",Wednesday,t,14,w,0.27,0
12,115,Refrigerated,P,"['Onion', 'Potato', 'Cotton', 'Tomato', 'Grains', 'Fruits']",Saturday,t,13,w,0.61,0
16,398,Closed,P,"['Onion', 'Potato', 'Cotton', 'Tomato', 'Grains', 'Fruits']",Sunday,t,4,w,0.84,0
10,449,Closed,P,"['Onion', 'Potato', 'Cotton', 'Tomato', 'Grains', 'Fruits']",Monday,t,15,w,0.26,1
14,348,Closed,P,"['Onion', 'Potato', 'Cotton', 'Tomato', 'Grains', 'Fruits']",Saturday,t,0,w,0.67,1
18,475,Open,P,"['Onion', 'Potato', 'Cotton', 'Tomato', 'Grains', 'Fruits']",Friday,t,7,w,0.89,0
8,149,Closed,P,"['Onion', 'Potato', 'Cotton', 'Tomato', 'Grains', 'Fruits']",Tuesday,t,9,w,0.85,0
18,468,Closed,P,"['Onion', 'Potato', 'Cotton', 'Tomato', 'Grains', 'Fruits']",Thursday,t,10,w,0.67,0
16,564,Refrigerated,P,"['Onion', 'Potato', 'Cotton', 'Tomato', 'Grains', 'Fruits']",Tuesday,t,15,w,0.41,1
10,459,Closed,P,"['Onion', 'Potato', 'Cotton', 'Tomato', 'Grains', 'Fruits']",Friday,t,14,w,0.71,0
18,478,Closed,P,"['Onion', 'Potato', 'Cotton', 'Tomato', 'Grains', 'Fruits']",Saturday,t,7,w,0.66,1
18,73,Closed,P,"['Onion', 'Potato', 'Cotton', 'Tomato', 'Grains', 'Fruits']",Tuesday,t,2,w,0.22,0
18,573,Open,P,"['Onion', 'Potato', 'Cotton', 'Tomato', 'Grains', 'Fruits']",Thursday,t,7,w,0.55,1
10,350,Open,P,"['Onion', 'Potato', 'Cotton', 'Tomato', 'Grains', 'Fruits']",Tuesday,t,14,w,0.71,0
10,522,Refrigerated,P,"['Onion', 'Potato', 'Cotton', 'Tomato', 'Grains', 'Fruits']",Sunday,t,5,w,0.55,1
6,466,Refrigerated,P,"['Onion', 'Potato', 'Cotton', 'Tomato', 'Grains', 'Fruits']",Sunday,t,2,w,0.92,1
6,499,Closed,P,"['Onion', 'Potato', 'Cotton', 'Tomato', 'Grains', 'Fruits']",Wednesday,t,1,w,0.5,1
20,488,Open,P,"['Onion', 'Potato', 'Cotton', 'Tomato', 'Grains', 'Fruits']",Tuesday,t,3,w,0.47,1
12,544,Open,P,"['Onion', 'Potato', 'Cotton', 'Tomato', 'Grains', 'Fruits']",Monday,t,2,w,0.87,1
14,400,Closed,P,"['Onion', 'Potato', 'Cotton', 'Tomato', 'Grains', 'Fruits']",Wednesday,t,8,w,0.65,1
14,76,Open,P,"['Onion', 'Potato', 'Cotton', 'Tomato', 'Grains', 'Fruits']",Friday,t,9,w,0.91,0
20,500,Refrigerated,P,"['Onion', 'Potato', 'Cotton', 'Tomato', 'Grains', 'Fruits']",Tuesday,t,4,w,0.84,1
12,360,Open,P,"['Onion', 'Potato', 'Cotton', 'Tomato', 'Grains', 'Fruits']",Wednesday,t,12,w,0.66,0
10,563,Closed,P,"['Onion', 'Potato', 'Cotton', 'Tomato', 'Grains', 'Fruits']",Thursday,t,5,w,0.33,1
8,400,Open,P,"['Onion', 'Potato', 'Cotton', 'Tomato', 'Grains', 'Fruits']",Tuesday,t,4,w,0.66,1
12,415,Closed,P,"['Onion', 'Potato', 'Cotton', 'Tomato', 'Grains', 'Fruits']",Friday,t,7,w,0.47,0
16,569,Open,P,"['Onion', 'Potato', 'Cotton', 'Tomato', 'Grains', 'Fruits']",Friday,t,1,w,0.63,1
10,300,Open,P,"['Onion', 'Potato', 'Cotton', 'Tomato', 'Grains', 'Fruits']",Tuesday,t,8,w,0.27,0
8,185,Refrigerated,P,"['Onion', 'Potato', 'Cotton', 'Tomato', 'Grains', 'Fruits']",Monday,t,7,w,0.64,0
6,376,Refrigerated,P,"['Onion', 'Potato', 'Cotton', 'Tomato', 'Grains', 'Fruits']",Tuesday,t,3,w,0.26,0
12,548,Closed,P,"['Onion', 'Potato', 'Cotton', 'Tomato', 'Grains', 'Fruits']",Friday,t,3,w,0.78,0
20,50,Closed,P,"['Onion', 'Potato', 'Cotton', 'Tomato', 'Grains', 'Fruits']",Friday,t,15,w,0.45,0
14,320,Refrigerated,P,"['Onion', 'Potato', 'Cotton', 'Tomato', 'Grains', 'Fruits']",Wednesday,t,9,w,0.28,1
6,376,Refrigerated,P,"['Onion', 'Potato', 'Cotton', 'Tomato', 'Grains', 'Fruits']",Thursday,t,5,w,0.77,1
20,400,Refrigerated,P,"['Onion', 'Potato', 'Cotton', 'Tomato', 'Grains', 'Fruits']",Tuesday,t,7,w,0.43,0
20,155,Refrigerated,P,"['Onion', 'Potato', 'Cotton', 'Tomato', 'Grains', 'Fruits']",Friday,t,4,w,0.32,0
10,210,Closed,P,"['Onion', 'Potato', 'Cotton', 'Tomato', 'Grains', 'Fruits']",Saturday,t,8,w,0.9,0
14,429,Open,P,"['Onion', 'Potato', 'Cotton', 'Tomato', 'Grains', 'Fruits']",Wednesday,t,10,w,0.43,0
6,463,Open,P,"['Onion', 'Potato', 'Cotton', 'Tomato', 'Grains', 'Fruits']",Wednesday,t,14,w,0.21,1
14,351,Closed,P,"['Onion', 'Potato', 'Cotton', 'Tomato', 'Grains', 'Fruits']",Wednesday,t,12,w,0.62,0
20,330,Open,P,"['Onion', 'Potato', 'Cotton', 'Tomato', 'Grains', 'Fruits']",Tuesday,t,10,w,0.91,0
6,449,Refrigerated,P,"['Onion', 'Potato', 'Cotton', 'Tomato', 'Grains', 'Fruits']",Tuesday,t,12,w,0.28,1
16,498,Closed,P,"['Onion', 'Potato', 'Cotton', 'Tomato', 'Grains', 'Fruits']",Thursday,t,2,w,0.93,0
10,356,Refrigerated,P,"['Onion', 'Potato', 'Cotton', 'Tomato', 'Grains', 'Fruits']",Friday,t,14,w,0.45,0
14,72,Open,P,"['Onion', 'Potato', 'Cotton', 'Tomato', 'Grains', 'Fruits']",Sunday,t,11,w,0.76,0
12,521,Closed,P,"['Onion', 'Potato', 'Cotton', 'Tomato', 'Grains', 'Fruits']",Tuesday,t,8,w,0.31,1
20,99,Refrigerated,P,"['Onion', 'Potato', 'Cotton', 'Tomato', 'Grains', 'Fruits']",Friday,t,0,w,0.95,0
16,553,Closed,P,"['Onion', 'Potato', 'Cotton', 'Tomato', 'Grains', 'Fruits']",Saturday,t,2,w,0.93,1
8,529,Refrigerated,P,"['Onion', 'Potato', 'Cotton', 'Tomato', 'Grains', 'Fruits']",Sunday,t,13,w,0.55,0
10,388,Open,P,"['Onion', 'Potato', 'Cotton', 'Tomato', 'Grains', 'Fruits']",Saturday,t,14,w,0.87,0
18,69,Open,P,"['Onion', 'Potato', 'Cotton', 'Tomato', 'Grains', 'Fruits']",Wednesday,t,4,w,0.84,0
20,255,Refrigerated,P,"['Onion', 'Potato', 'Cotton', 'Tomato', 'Grains', 'Fruits']",Saturday,t,6,w,0.35,1
6,180,Refrigerated,P,"['Onion', 'Potato', 'Cotton', 'Tomato', 'Grains', 'Fruits']",Monday,t,10,w,0.69,0
14,288,Open,P,"['Onion', 'Potato', 'Cotton', 'Tomato', 'Grains', 'Fruits']",Monday,t,14,w,0.83,0
12,439,Open,P,"['Onion', 'Potato', 'Cotton', 'Tomato', 'Grains', 'Fruits']",Thursday,t,6,w,0.78,1
10,568,Refrigerated,P,"['Onion', 'Potato', 'Cotton', 'Tomato', 'Grains', 'Fruits']",Tuesday,t,3,w,0.76,0
18,245,Open,P,"['Onion', 'Potato', 'Cotton', 'Tomato', 'Grains', 'Fruits']",Sunday,t,15,w,0.58,1
18,480,Closed,P,"['Onion', 'Potato', 'Cotton', 'Tomato', 'Grains', 'Fruits']",Wednesday,t,9,w,0.53,1
8,449,Closed,P,"['Onion', 'Potato', 'Cotton', 'Tomato', 'Grains', 'Fruits']",Wednesday,t,1,w,0.84,1
10,193,Refrigerated,P,"['Onion', 'Potato', 'Cotton', 'Tomato', 'Grains', 'Fruits']",Sunday,t,1,w,0.85,1
18,211,Closed,P,"['Onion', 'Potato', 'Cotton', 'Tomato', 'Grains', 'Fruits']",Tuesday,t,5,w,0.86,1
20,258,Closed,P,"['Onion', 'Potato', 'Cotton', 'Tomato', 'Grains', 'Fruits']",Saturday,t,8,w,0.22,1
20,85,Refrigerated,P,"['Onion', 'Potato', 'Cotton', 'Tomato', 'Grains', 'Fruits']",Thursday,t,12,w,0.32,0
8,479,Open,P,"['Onion', 'Potato', 'Cotton', 'Tomato', 'Grains', 'Fruits']",Thursday,t,13,w,0.3,0
14,537,Closed,P,"['Onion', 'Potato', 'Cotton', 'Tomato', 'Grains', 'Fruits']",Tuesday,t,11,w,0.56,0
12,178,Open,P,"['Onion', 'Potato', 'Cotton', 'Tomato', 'Grains', 'Fruits']",Sunday,t,7,w,0.76,0
8,305,Open,P,"['Onion', 'Potato', 'Cotton', 'Tomato', 'Grains', 'Fruits']",Tuesday,t,10,w,0.7,0
14,184,Closed,P,"['Onion', 'Potato', 'Cotton', 'Tomato', 'Grains', 'Fruits']",Wednesday,t,1,w,0.67,0
6,196,Refrigerated,P,"['Onion', 'Potato', 'Cotton', 'Tomato', 'Grains', 'Fruits']",Sunday,t,5,w,0.44,0
16,242,Refrigerated,P,"['Onion', 'Potato', 'Cotton', 'Tomato', 'Grains', 'Fruits']",Thursday,t,14,w,0.61,0
16,395,Open,P,"['Onion', 'Potato', 'Cotton', 'Tomato', 'Grains', 'Fruits']",Wednesday,t,14,w,0.7,0
8,424,Closed,P,"['Onion', 'Potato', 'Cotton', 'Tomato', 'Grains', 'Fruits']",Friday,t,3,w,0.93,1
14,179,Closed,P,"['Onion', 'Potato', 'Cotton', 'Tomato', 'Grains', 'Fruits']",Thursday,t,2,w,0.5,0
12,195,Refrigerated,P,"['Onion', 'Potato', 'Cotton', 'Tomato', 'Grains', 'Fruits']",Sunday,t,6,w,0.59,0
6,595,Closed,P,"['Onion', 'Potato', 'Cotton', 'Tomato', 'Grains', 'Fruits']",Saturday,t,11,w,0.28,0
12,205,Refrigerated,P,"['Onion', 'Potato', 'Cotton', 'Tomato', 'Grains', 'Fruits']",Sunday,t,8,w,0.92,0
18,537,Closed,P,"['Onion', 'Potato', 'Cotton', 'Tomato', 'Grains', 'Fruits']",Tuesday,t,0,w,0.39,1
8,110,Closed,P,"['Onion', 'Potato', 'Cotton', 'Tomato', 'Grains', 'Fruits']",Tuesday,t,5,w,0.49,0
12,304,Closed,P,"['Onion', 'Potato', 'Cotton', 'Tomato', 'Grains', 'Fruits']",Tuesday,t,4,w,0.29,0
10,260,Closed,P,"['Onion', 'Potato', 'Cotton', 'Tomato', 'Grains', 'Fruits']",Saturday,t,10,w,0.68,0
20,287,Refrigerated,P,"['Onion', 'Potato', 'Cotton', 'Tomato', 'Grains', 'Fruits']",Wednesday,t,14,w,0.25,0
16,328,Open,P,"['Onion', 'Potato', 'Cotton', 'Tomato', 'Grains', 'Fruits']",Sunday,t,3,w,0.52,0
20,348,Open,P,"['Onion', 'Potato', 'Cotton', 'Tomato', 'Grains', 'Fruits']",Monday,t,7,w,0.83,0
8,336,Refrigerated,P,"['Onion', 'Potato', 'Cotton', 'Tomato', 'Grains', 'Fruits']",Wednesday,t,13,w,0.94,0
20,298,Refrigerated,P,"['Onion', 'Potato', 'Cotton', 'Tomato', 'Grains', 'Fruits']",Tuesday,t,8,w,0.95,0
18,581,Refrigerated,P,"['Onion', 'Potato', 'Cotton', 'Tomato', 'Grains', 'Fruits']",Monday,t,3,w,0.29,1
18,453,Refrigerated,P,"['Onion', 'Potato', 'Cotton', 'Tomato', 'Grains', 'Fruits']",Wednesday,t,14,w,0.91,0
18,76,Open,P,"['Onion', 'Potato', 'Cotton', 'Tomato', 'Grains', 'Fruits']",Monday,t,3,w,0.89,0
14,417,Refrigerated,P,"['Onion', 'Potato', 'Cotton', 'Tomato', 'Grains', 'Fruits']",Wednesday,t,8,w,0.79,0
14,214,Open,P,"['Onion', 'Potato', 'Cotton', 'Tomato', 'Grains', 'Fruits']",Saturday,t,11,w,0.83,0
12,374,Closed,P,"['Onion', 'Potato', 'Cotton', 'Tomato', 'Grains', 'Fruits']",Saturday,t,12,w,0.67,0
12,321,Refrigerated,P,"['Onion', 'Potato', 'Cotton', 'Tomato', 'Grains', 'Fruits']",Wednesday,t,14,w,0.77,0
8,244,Refrigerated,P,"['Onion', 'Potato', 'Cotton', 'Tomato', 'Grains', 'Fruits']",Friday,t,5,w,0.66,1
18,319,Open,P,"['Onion', 'Potato', 'Cotton', 'Tomato', 'Grains', 'Fruits']",Friday,t,12,w,0.89,0
14,134,Closed,P,"['Onion', 'Potato', 'Cotton', 'Tomato', 'Grains', 'Fruits']",Thursday,t,7,w,0.7,0
12,301,Open,P,"['Onion', 'Potato', 'Cotton', 'Tomato', 'Grains', 'Fruits']",Saturday,t,4,w,0.42,0
20,499,Closed,P,"['Onion', 'Potato', 'Cotton', 'Tomato', 'Grains', 'Fruits']",Thursday,t,12,w,0.76,0
14,491,Closed,P,"['Onion', 'Potato', 'Cotton', 'Tomato', 'Grains', 'Fruits']",Tuesday,t,11,w,0.92,0
12,181,Open,P,"['Onion', 'Potato', 'Cotton', 'Tomato', 'Grains', 'Fruits']",Friday,t,3,w,0.74,0
12,526,Closed,P,"['Onion', 'Potato', 'Cotton', 'Tomato', 'Grains', 'Fruits']",Thursday,t,15,w,0.25,1
20,108,Closed,P,"['Onion', 'Potato', 'Cotton', 'Tomato', 'Grains', 'Fruits']",Sunday,t,2,w,0.25,1
6,552,Closed,P,"['Onion', 'Potato', 'Cotton', 'Tomato', 'Grains', 'Fruits']",Thursday,t,14,w,0.6,1
18,197,Refrigerated,P,"['Onion', 'Potato', 'Cotton', 'Tomato', 'Grains', 'Fruits']",Sunday,t,1,w,0.64,1
8,592,Closed,P,"['Onion', 'Potato', 'Cotton', 'Tomato', 'Grains', 'Fruits']",Saturday,t,7,w,0.83,0
8,389,Open,P,"['Onion', 'Potato', 'Cotton', 'Tomato', 'Grains', 'Fruits']",Thursday,t,13,w,0.72,0
8,368,Closed,P,"['Onion', 'Potato', 'Cotton', 'Tomato', 'Grains', 'Fruits']",Saturday,t,8,w,0.27,1
16,133,Closed,P,"['Onion', 'Potato', 'Cotton', 'Tomato', 'Grains', 'Fruits']",Sunday,t,8,w,0.86,0
16,147,Open,P,"['Onion', 'Potato', 'Cotton', 'Tomato', 'Grains', 'Fruits']",Friday,t,0,w,0.49,0
16,121,Open,P,"['Onion', 'Potato', 'Cotton', 'Tomato', 'Grains', 'Fruits']",Saturday,t,5,w,0.93,0
10,433,Refrigerated,P,"['Onion', 'Potato', 'Cotton', 'Tomato', 'Grains', 'Fruits']",Thursday,t,4,w,0.22,1
8,369,Closed,P,"['Onion', 'Potato', 'Cotton', 'Tomato', 'Grains', 'Fruits']",Wednesday,t,5,w,0.57,0
16,515,Refrigerated,P,"['Onion', 'Potato', 'Cotton', 'Tomato', 'Grains', 'Fruits']",Sunday,t,3,w,0.45,1
20,242,Closed,P,"['Onion', 'Potato', 'Cotton', 'Tomato', 'Grains', 'Fruits']",Wednesday,t,15,w,0.84,0
18,255,Closed,P,"['Onion', 'Potato', 'Cotton', 'Tomato', 'Grains', 'Fruits']",Tuesday,t,6,w,0.91,0
8,552,Open,P,"['Onion', 'Potato', 'Cotton', 'Tomato', 'Grains', 'Fruits']",Monday,t,15,w,0.43,0
6,590,Open,P,"['Onion', 'Potato', 'Cotton', 'Tomato', 'Grains', 'Fruits']",Monday,t,5,w,0.75,1
14,444,Open,P,"['Onion', 'Potato', 'Cotton', 'Tomato', 'Grains', 'Fruits']",Friday,t,13,w,0.58,1
12,151,Closed,P,"['Onion', 'Potato', 'Cotton', 'Tomato', 'Grains', 'Fruits']",Tuesday,t,2,w,0.57,1
6,440,Open,P,"['Onion', 'Potato', 'Cotton', 'Tomato', 'Grains', 'Fruits']",Wednesday,t,7,w,0.94,0
16,461,Open,P,"['Onion', 'Potato', 'Cotton', 'Tomato', 'Grains', 'Fruits']",Tuesday,t,8,w,0.71,0
14,259,Refrigerated,P,"['Onion', 'Potato', 'Cotton', 'Tomato', 'Grains', 'Fruits']",Thursday,t,13,w,0.48,1
20,309,Refrigerated,P,"['Onion', 'Potato', 'Cotton', 'Tomato', 'Grains', 'Fruits']",Saturday,t,1,w,0.3,1
8,168,Open,P,"['Onion', 'Potato', 'Cotton', 'Tomato', 'Grains', 'Fruits']",Monday,t,10,w,0.91,0
18,341,Refrigerated,P,"['Onion', 'Potato', 'Cotton', 'Tomato', 'Grains', 'Fruits']",Wednesday,t,3,w,0.5,1
8,559,Open,P,"['Onion', 'Potato', 'Cotton', 'Tomato', 'Grains', 'Fruits']",Friday,t,15,w,0.28,0
10,135,Refrigerated,P,"['Onion', 'Potato', 'Cotton', 'Tomato', 'Grains', 'Fruits']",Tuesday,t,11,w,0.75,0
12,265,Refrigerated,P,"['Onion', 'Potato', 'Cotton', 'Tomato', 'Grains', 'Fruits']",Monday,t,4,w,0.84,1
20,255,Refrigerated,P,"['Onion', 'Potato', 'Cotton', 'Tomato', 'Grains', 'Fruits']",Thursday,t,4,w,0.58,0
16,499,Open,P,"['Onion', 'Potato', 'Cotton', 'Tomato', 'Grains', 'Fruits']",Monday,t,9,w,0.31,1
8,469,Refrigerated,P,"['Onion', 'Potato', 'Cotton', 'Tomato', 'Grains', 'Fruits']",Friday,t,10,w,0.23,0
6,440,Open,P,"['Onion', 'Potato', 'Cotton', 'Tomato', 'Grains', 'Fruits']",Sunday,t,3,w,0.77,0
6,537,Refrigerated,P,"['Onion', 'Potato', 'Cotton', 'Tomato', 'Grains', 'Fruits']",Wednesday,t,14,w,0.71,0
20,540,Open,P,"['Onion', 'Potato', 'Cotton', 'Tomato', 'Grains', 'Fruits']",Friday,t,7,w,0.42,0
18,313,Open,P,"['Onion', 'Potato', 'Cotton', 'Tomato', 'Grains', 'Fruits']",Saturday,t,13,w,0.31,0
12,461,Open,P,"['Onion', 'Potato', 'Cotton', 'Tomato', 'Grains', 'Fruits']",Tuesday,t,13,w,0.55,0
20,422,Closed,P,"['Onion', 'Potato', 'Cotton', 'Tomato', 'Grains', 'Fruits']",Saturday,t,4,w,0.38,1
16,524,Refrigerated,P,"['Onion', 'Potato', 'Cotton', 'Tomato', 'Grains', 'Fruits']",Wednesday,t,6,w,0.31,0
14,472,Open,P,"['Onion', 'Potato', 'Cotton', 'Tomato', 'Grains', 'Fruits']",Tuesday,t,5,w,0.9,0
6,261,Closed,P,"['Onion', 'Potato', 'Cotton', 'Tomato', 'Grains', 'Fruits']",Wednesday,t,12,w,0.31,1
10,548,Closed,P,"['Onion', 'Potato', 'Cotton', 'Tomato', 'Grains', 'Fruits']",Saturday,t,2,w,0.22,1
16,142,Closed,P,"['Onion', 'Potato', 'Cotton', 'Tomato', 'Grains', 'Fruits']",Tuesday,t,6,w,0.83,0
20,536,Closed,P,"['Onion', 'Potato', 'Cotton', 'Tomato', 'Grains', 'Fruits']",Wednesday,t,3,w,0.88,0
18,212,Refrigerated,P,"['Onion', 'Potato', 'Cotton', 'Tomato', 'Grains', 'Fruits']",Saturday,t,7,w,0.7,0
6,188,Closed,P,"['Onion', 'Potato', 'Cotton', 'Tomato', 'Grains', 'Fruits']",Thursday,t,5,w,0.64,1
20,236,Closed,P,"['Onion', 'Potato', 'Cotton', 'Tomato', 'Grains', 'Fruits']",Thursday,t,10,w,0.86,0
14,453,Open,P,"['Onion', 'Potato', 'Cotton', 'Tomato', 'Grains', 'Fruits']",Sunday,t,10,w,0.73,1
20,66,Refrigerated,P,"['Onion', 'Potato', 'Cotton', 'Tomato', 'Grains', 'Fruits']",Tuesday,t,8,w,0.59,0
6,551,Closed,P,"['Onion', 'Potato', 'Cotton', 'Tomato', 'Grains', 'Fruits']",Monday,t,9,w,0.54,1
20,132,Closed,P,"['Onion', 'Potato', 'Cotton', 'Tomato', 'Grains', 'Fruits']",Tuesday,t,0,w,0.49,1
6,326,Refrigerated,P,"['Onion', 'Potato', 'Cotton', 'Tomato', 'Grains', 'Fruits']",Wednesday,t,13,w,0.73,0
14,247,Closed,P,"['Onion', 'Potato', 'Cotton', 'Tomato', 'Grains', 'Fruits']",Wednesday,t,14,w,0.8,0
8,73,Open,P,"['Onion', 'Potato', 'Cotton', 'Tomato', 'Grains', 'Fruits']",Tuesday,t,5,w,0.25,1
8,127,Open,P,"['Onion', 'Potato', 'Cotton', 'Tomato', 'Grains', 'Fruits']",Saturday,t,2,w,0.64,0
16,158,Refrigerated,P,"['Onion', 'Potato', 'Cotton', 'Tomato', 'Grains', 'Fruits']",Monday,t,6,w,0.34,1
18,288,Open,P,"['Onion', 'Potato', 'Cotton', 'Tomato', 'Grains', 'Fruits']",Saturday,t,12,w,0.67,0
20,240,Closed,P,"['Onion', 'Potato', 'Cotton', 'Tomato', 'Grains', 'Fruits']",Saturday,t,14,w,0.58,0
14,197,Refrigerated,P,"['Onion', 'Potato', 'Cotton', 'Tomato', 'Grains', 'Fruits']",Saturday,t,2,w,0.34,0
10,454,Refrigerated,P,"['Onion', 'Potato', 'Cotton', 'Tomato', 'Grains', 'Fruits']",Friday,t,9,w,0.52,0
6,307,Closed,P,"['Onion', 'Potato', 'Cotton', 'Tomato', 'Grains', 'Fruits']",Monday,t,2,w,0.46,1
18,131,Refrigerated,P,"['Onion', 'Potato', 'Cotton', 'Tomato', 'Grains', 'Fruits']",Monday,t,10,w,0.72,0
14,376,Closed,P,"['Onion', 'Potato', 'Cotton', 'Tomato', 'Grains', 'Fruits']",Saturday,t,11,w,0.43,0
12,283,Refrigerated,P,"['Onion', 'Potato', 'Cotton', 'Tomato', 'Grains', 'Fruits']",Monday,t,13,w,0.86,0
18,524,Closed,P,"['Onion', 'Potato', 'Cotton', 'Tomato', 'Grains', 'Fruits']",Tuesday,t,12,w,0.91,0
18,202,Closed,P,"['Onion', 'Potato', 'Cotton', 'Tomato', 'Grains', 'Fruits']",Monday,t,5,w,0.64,1
18,533,Open,P,"['Onion', 'Potato', 'Cotton', 'Tomato', 'Grains', 'Fruits']",Wednesday,t,0,w,0.49,0
14,283,Open,P,"['Onion', 'Potato', 'Cotton', 'Tomato', 'Grains', 'Fruits']",Friday,t,13,w,0.91,0
6,411,Open,P,"['Onion', 'Potato', 'Cotton', 'Tomato', 'Grains', 'Fruits']",Wednesday,t,9,w,0.38,0
18,552,Open,P,"['Onion', 'Potato', 'Cotton', 'Tomato', 'Grains', 'Fruits']",Saturday,t,10,w,0.71,1
10,592,Closed,P,"['Onion', 'Potato', 'Cotton', 'Tomato', 'Grains', 'Fruits']",Saturday,t,4,w,0.62,1
16,477,Open,P,"['Onion', 'Potato', 'Cotton', 'Tomato', 'Grains', 'Fruits']",Wednesday,t,10,w,0.79,0
16,249,Open,P,"['Onion', 'Potato', 'Cotton', 'Tomato', 'Grains', 'Fruits']",Sunday,t,7,w,0.57,1
8,443,Open,P,"['Onion', 'Potato', 'Cotton', 'Tomato', 'Grains', 'Fruits']",Monday,t,14,w,0.25,1
14,196,Closed,P,"['Onion', 'Potato', 'Cotton', 'Tomato', 'Grains', 'Fruits']",Thursday,t,7,w,0.45,0
10,329,Closed,P,"['Onion', 'Potato', 'Cotton', 'Tomato', 'Grains', 'Fruits']",Wednesday,t,6,w,0.42,0
14,304,Closed,P,"['Onion', 'Potato', 'Cotton', 'Tomato', 'Grains', 'Fruits']",Saturday,t,9,w,0.35,1
18,130,Closed,P,"['Onion', 'Potato', 'Cotton', 'Tomato', 'Grains', 'Fruits']",Sunday,t,14,w,0.62,0
8,330,Closed,P,"['Onion', 'Potato', 'Cotton', 'Tomato', 'Grains', 'Fruits']",Tuesday,t,9,w,0.64,1
6,384,Refrigerated,P,"['Onion', 'Potato', 'Cotton', 'Tomato', 'Grains', 'Fruits']",Wednesday,t,10,w,0.61,0
18,232,Closed,P,"['Onion', 'Potato', 'Cotton', 'Tomato', 'Grains', 'Fruits']",Saturday,t,10,w,0.86,0
10,558,Open,P,"['Onion', 'Potato', 'Cotton', 'Tomato', 'Grains', 'Fruits']",Tuesday,t,3,w,0.91,0
16,396,Open,P,"['Onion', 'Potato', 'Cotton', 'Tomato', 'Grains', 'Fruits']",Wednesday,t,15,w,0.61,0
18,208,Refrigerated,P,"['Onion', 'Potato', 'Cotton', 'Tomato', 'Grains', 'Fruits']",Sunday,t,14,w,0.29,1
12,107,Refrigerated,P,"['Onion', 'Potato', 'Cotton', 'Tomato', 'Grains', 'Fruits']",Monday,t,15,w,0.23,0
10,562,Closed,P,"['Onion', 'Potato', 'Cotton', 'Tomato', 'Grains', 'Fruits']",Thursday,t,0,w,0.57,1
8,91,Open,P,"['Onion', 'Potato', 'Cotton', 'Tomato', 'Grains', 'Fruits']",Tuesday,t,15,w,0.46,0
10,456,Open,P,"['Onion', 'Potato', 'Cotton', 'Tomato', 'Grains', 'Fruits']",Friday,t,9,w,0.62,1
12,312,Closed,P,"['Onion', 'Potato', 'Cotton', 'Tomato', 'Grains', 'Fruits']",Wednesday,t,12,w,0.69,0
18,259,Open,P,"['Onion', 'Potato', 'Cotton', 'Tomato', 'Grains', 'Fruits']",Monday,t,3,w,0.35,0
12,360,Closed,P,"['Onion', 'Potato', 'Cotton', 'Tomato', 'Grains', 'Fruits']",Monday,t,8,w,0.58,0
10,391,Open,P,"['Onion', 'Potato', 'Cotton', 'Tomato', 'Grains', 'Fruits']",Saturday,t,10,w,0.94,1
20,541,Refrigerated,P,"['Onion', 'Potato', 'Cotton', 'Tomato', 'Grains', 'Fruits']",Sunday,t,2,w,0.86,1
6,330,Open,P,"['Onion', 'Potato', 'Cotton', 'Tomato', 'Grains', 'Fruits']",Thursday,t,5,w,0.24,1
18,431,Open,P,"['Onion', 'Potato', 'Cotton', 'Tomato', 'Grains', 'Fruits']",Thursday,t,9,w,0.87,0
12,173,Refrigerated,P,"['Onion', 'Potato', 'Cotton', 'Tomato', 'Grains', 'Fruits']",Thursday,t,0,w,0.26,0
14,326,Open,P,"['Onion', 'Potato', 'Cotton', 'Tomato', 'Grains', 'Fruits']",Monday,t,6,w,0.5,1
18,526,Closed,P,"['Onion', 'Potato', 'Cotton', 'Tomato', 'Grains', 'Fruits']",Monday,t,2,w,0.73,1
14,74,Refrigerated,P,"['Onion', 'Potato', 'Cotton', 'Tomato', 'Grains', 'Fruits']",Sunday,t,7,w,0.81,1
18,550,Open,P,"['Onion', 'Potato', 'Cotton', 'Tomato', 'Grains', 'Fruits']",Wednesday,t,2,w,0.54,1
16,199,Closed,P,"['Onion', 'Potato', 'Cotton', 'Tomato', 'Grains', 'Fruits']",Thursday,t,12,w,0.55,0
20,467,Closed,P,"['Onion', 'Potato', 'Cotton', 'Tomato', 'Grains', 'Fruits']",Monday,t,4,w,0.89,0
10,93,Closed,P,"['Onion', 'Potato', 'Cotton', 'Tomato', 'Grains', 'Fruits']",Friday,t,5,w,0.93,0
18,133,Closed,P,"['Onion', 'Potato', 'Cotton', 'Tomato', 'Grains', 'Fruits']",Friday,t,3,w,0.39,0
12,392,Closed,P,"['Onion', 'Potato', 'Cotton', 'Tomato', 'Grains', 'Fruits']",Wednesday,t,12,w,0.36,0
8,281,Refrigerated,P,"['Onion', 'Potato', 'Cotton', 'Tomato', 'Grains', 'Fruits']",Tuesday,t,0,w,0.57,0
14,297,Closed,P,"['Onion', 'Potato', 'Cotton', 'Tomato', 'Grains', 'Fruits']",Sunday,t,3,w,0.22,1
10,123,Open,P,"['Onion', 'Potato', 'Cotton', 'Tomato', 'Grains', 'Fruits']",Thursday,t,13,w,0.7,0
16,447,Closed,P,"['Onion', 'Potato', 'Cotton', 'Tomato', 'Grains', 'Fruits']",Wednesday,t,15,w,0.71,0
16,81,Closed,P,"['Onion', 'Potato', 'Cotton', 'Tomato', 'Grains', 'Fruits']",Sunday,t,3,w,0.72,0
20,77,Closed,P,"['Onion', 'Potato', 'Cotton', 'Tomato', 'Grains', 'Fruits']",Thursday,t,15,w,0.61,0
8,515,Closed,P,"['Onion', 'Potato', 'Cotton', 'Tomato', 'Grains', 'Fruits']",Tuesday,t,1,w,0.43,0
12,470,Open,P,"['Onion', 'Potato', 'Cotton', 'Tomato', 'Grains', 'Fruits']",Saturday,t,0,w,0.25,1
18,598,Refrigerated,P,"['Onion', 'Potato', 'Cotton', 'Tomato', 'Grains', 'Fruits']",Wednesday,t,15,w,0.88,1
14,389,Closed,P,"['Onion', 'Potato', 'Cotton', 'Tomato', 'Grains', 'Fruits']",Saturday,t,2,w,0.56,1
10,435,Open,P,"['Onion', 'Potato', 'Cotton', 'Tomato', 'Grains', 'Fruits']",Tuesday,t,10,w,0.37,0
8,153,Open,P,"['Onion', 'Potato', 'Cotton', 'Tomato', 'Grains', 'Fruits']",Tuesday,t,14,w,0.48,1
16,158,Closed,P,"['Onion', 'Potato', 'Cotton', 'Tomato', 'Grains', 'Fruits']",Monday,t,13,w,0.25,0
16,536,Closed,P,"['Onion', 'Potato', 'Cotton', 'Tomato', 'Grains', 'Fruits']",Tuesday,t,0,w,0.26,1
16,319,Closed,P,"['Onion', 'Potato', 'Cotton', 'Tomato', 'Grains', 'Fruits']",Sunday,t,13,w,0.62,0
10,450,Open,P,"['Onion', 'Potato', 'Cotton', 'Tomato', 'Grains', 'Fruits']",Monday,t,3,w,0.64,0
10,377,Open,P,"['Onion', 'Potato', 'Cotton', 'Tomato', 'Grains', 'Fruits']",Sunday,t,6,w,0.56,1
8,199,Refrigerated,P,"['Onion', 'Potato', 'Cotton', 'Tomato', 'Grains', 'Fruits']",Sunday,t,2,w,0.59,1
12,473,Refrigerated,P,"['Onion', 'Potato', 'Cotton', 'Tomato', 'Grains', 'Fruits']",Tuesday,t,13,w,0.76,0
18,78,Open,P,"['Onion', 'Potato', 'Cotton', 'Tomato', 'Grains', 'Fruits']",Thursday,t,7,w,0.56,0
18,211,Open,P,"['Onion', 'Potato', 'Cotton', 'Tomato', 'Grains', 'Fruits']",Thursday,t,13,w,0.51,0
10,90,Closed,P,"['Onion', 'Potato', 'Cotton', 'Tomato', 'Grains', 'Fruits']",Thursday,t,14,w,0.43,0
14,531,Refrigerated,P,"['Onion', 'Potato', 'Cotton', 'Tomato', 'Grains', 'Fruits']",Thursday,t,15,w,0.27,1
8,307,Refrigerated,P,"['Onion', 'Potato', 'Cotton', 'Tomato', 'Grains', 'Fruits']",Wednesday,t,7,w,0.9,0
12,406,Closed,P,"['Onion', 'Potato', 'Cotton', 'Tomato', 'Grains', 'Fruits']",Sunday,t,13,w,0.4,0
10,352,Open,P,"['Onion', 'Potato', 'Cotton', 'Tomato', 'Grains', 'Fruits']",Saturday,t,6,w,0.64,0
14,302,Open,P,"['Onion', 'Potato', 'Cotton', 'Tomato', 'Grains', 'Fruits']",Tuesday,t,11,w,0.49,0
20,600,Closed,P,"['Onion', 'Potato', 'Cotton', 'Tomato', 'Grains', 'Fruits']",Wednesday,t,8,w,0.92,0
6,118,Open,P,"['Onion', 'Potato', 'Cotton', 'Tomato', 'Grains', 'Fruits']",Thursday,t,8,w,0.35,0
20,160,Closed,P,"['Onion', 'Potato', 'Cotton', 'Tomato', 'Grains', 'Fruits']",Thursday,t,3,w,0.34,0
6,92,Open,P,"['Onion', 'Potato', 'Cotton', 'Tomato', 'Grains', 'Fruits']",Monday,t,4,w,0.89,1
6,60,Open,P,"['Onion', 'Potato', 'Cotton', 'Tomato', 'Grains', 'Fruits']",Friday,t,9,w,0.38,0
14,412,Open,P,"['Onion', 'Potato', 'Cotton', 'Tomato', 'Grains', 'Fruits']",Monday,t,7,w,0.8,1
6,214,Open,P,"['Onion', 'Potato', 'Cotton', 'Tomato', 'Grains', 'Fruits']",Sunday,t,3,w,0.38,1
10,227,Open,P,"['Onion', 'Potato', 'Cotton', 'Tomato', 'Grains', 'Fruits']",Monday,t,7,w,0.53,0
20,268,Open,P,"['Onion', 'Potato', 'Cotton', 'Tomato', 'Grains', 'Fruits']",Sunday,t,13,w,0.53,0
18,73,Refrigerated,P,"['Onion', 'Potato', 'Cotton', 'Tomato', 'Grains', 'Fruits']",Tuesday,t,13,w,0.44,0
20,260,Closed,P,"['Onion', 'Potato', 'Cotton', 'Tomato', 'Grains', 'Fruits']",Saturday,t,12,w,0.79,0
18,330,Open,P,"['Onion', 'Potato', 'Cotton', 'Tomato', 'Grains', 'Fruits']",Tuesday,t,15,w,0.71,0
8,513,Refrigerated,P,"['Onion', 'Potato', 'Cotton', 'Tomato', 'Grains', 'Fruits']",Thursday,t,11,w,0.22,1
18,141,Closed,P,"['Onion', 'Potato', 'Cotton', 'Tomato', 'Grains', 'Fruits']",Wednesday,t,8,w,0.88,0
12,579,Refrigerated,P,"['Onion', 'Potato', 'Cotton', 'Tomato', 'Grains', 'Fruits']",Sunday,t,12,w,0.24,0
10,144,Refrigerated,P,"['Onion', 'Potato', 'Cotton', 'Tomato', 'Grains', 'Fruits']",Wednesday,t,8,w,0.31,0
10,284,Closed,P,"['Onion', 'Potato', 'Cotton', 'Tomato', 'Grains', 'Fruits']",Tuesday,t,7,w,0.67,0
10,345,Refrigerated,P,"['Onion', 'Potato', 'Cotton', 'Tomato', 'Grains', 'Fruits']",Thursday,t,7,w,0.81,0
8,153,Closed,P,"['Onion', 'Potato', 'Cotton', 'Tomato', 'Grains', 'Fruits']",Friday,t,14,w,0.74,0
12,58,Closed,P,"['Onion', 'Potato', 'Cotton', 'Tomato', 'Grains', 'Fruits']",Sunday,t,0,w,0.5,1
10,297,Refrigerated,P,"['Onion', 'Potato', 'Cotton', 'Tomato', 'Grains', 'Fruits']",Friday,t,14,w,0.54,0
10,93,Open,P,"['Onion', 'Potato', 'Cotton', 'Tomato', 'Grains', 'Fruits']",Tuesday,t,9,w,0.6,0
18,587,Closed,P,"['Onion', 'Potato', 'Cotton', 'Tomato', 'Grains', 'Fruits']",Sunday,t,8,w,0.33,1
6,261,Open,P,"['Onion', 'Potato', 'Cotton', 'Tomato', 'Grains', 'Fruits']",Sunday,t,3,w,0.49,1
20,253,Open,P,"['Onion', 'Potato', 'Cotton', 'Tomato', 'Grains', 'Fruits']",Thursday,t,14,w,0.69,0
6,282,Closed,P,"['Onion', 'Potato', 'Cotton', 'Tomato', 'Grains', 'Fruits']",Thursday,t,14,w,0.48,1
6,301,Open,P,"['Onion', 'Potato', 'Cotton', 'Tomato', 'Grains', 'Fruits']",Wednesday,t,1,w,0.55,0
18,129,Refrigerated,P,"['Onion', 'Potato', 'Cotton', 'Tomato', 'Grains', 'Fruits']",Wednesday,t,1,w,0.25,1
10,61,Open,P,"['Onion', 'Potato', 'Cotton', 'Tomato', 'Grains', 'Fruits']",Saturday,t,1,w,0.58,1
20,463,Closed,P,"['Onion', 'Potato', 'Cotton', 'Tomato', 'Grains', 'Fruits']",Wednesday,t,9,w,0.24,1
20,549,Closed,P,"['Onion', 'Potato', 'Cotton', 'Tomato', 'Grains', 'Fruits']",Saturday,t,4,w,0.45,0
14,197,Open,P,"['Onion', 'Potato', 'Cotton', 'Tomato', 'Grains', 'Fruits']",Monday,t,8,w,0.37,1
10,249,Closed,P,"['Onion', 'Potato', 'Cotton', 'Tomato', 'Grains', 'Fruits']",Thursday,t,13,w,0.94,0
10,88,Closed,P,"['Onion', 'Potato', 'Cotton', 'Tomato', 'Grains', 'Fruits']",Sunday,t,7,w,0.89,0
8,131,Refrigerated,P,"['Onion', 'Potato', 'Cotton', 'Tomato', 'Grains', 'Fruits']",Sunday,t,11,w,0.92,0
16,384,Refrigerated,P,"['Onion', 'Potato', 'Cotton', 'Tomato', 'Grains', 'Fruits']",Saturday,t,7,w,0.81,0
14,560,Refrigerated,P,"['Onion', 'Potato', 'Cotton', 'Tomato', 'Grains', 'Fruits']",Monday,t,8,w,0.82,0
12,304,Closed,P,"['Onion', 'Potato', 'Cotton', 'Tomato', 'Grains', 'Fruits']",Monday,t,13,w,0.51,1
10,542,Refrigerated,P,"['Onion', 'Potato', 'Cotton', 'Tomato', 'Grains', 'Fruits']",Sunday,t,1,w,0.5,1
6,391,Closed,P,"['Onion', 'Potato', 'Cotton', 'Tomato', 'Grains', 'Fruits']",Wednesday,t,15,w,0.9,0
18,290,Closed,P,"['Onion', 'Potato', 'Cotton', 'Tomato', 'Grains', 'Fruits']",Friday,t,10,w,0.65,0
8,134,Open,P,"['Onion', 'Potato', 'Cotton', 'Tomato', 'Grains', 'Fruits']",Tuesday,t,15,w,0.9,0
10,102,Open,P,"['Onion', 'Potato', 'Cotton', 'Tomato', 'Grains', 'Fruits']",Tuesday,t,4,w,0.94,0
16,139,Open,P,"['Onion', 'Potato', 'Cotton', 'Tomato', 'Grains', 'Fruits']",Wednesday,t,3,w,0.95,1
6,246,Open,P,"['Onion', 'Potato', 'Cotton', 'Tomato', 'Grains', 'Fruits']",Sunday,t,3,w,0.65,0
14,191,Open,P,"['Onion', 'Potato', 'Cotton', 'Tomato', 'Grains', 'Fruits']",Friday,t,5,w,0.57,1
18,396,Refrigerated,P,"['Onion', 'Potato', 'Cotton', 'Tomato', 'Grains', 'Fruits']",Saturday,t,14,w,0.91,0
18,478,Open,P,"['Onion', 'Potato', 'Cotton', 'Tomato', 'Grains', 'Fruits']",Saturday,t,6,w,0.55,1
6,170,Open,P,"['Onion', 'Potato', 'Cotton', 'Tomato', 'Grains', 'Fruits']",Thursday,t,4,w,0.41,1
12,543,Closed,P,"['Onion', 'Potato', 'Cotton', 'Tomato', 'Grains', 'Fruits']",Monday,t,6,w,0.69,0
16,117,Open,P,"['Onion', 'Potato', 'Cotton', 'Tomato', 'Grains', 'Fruits']",Sunday,t,12,w,0.81,0
16,510,Open,P,"['Onion', 'Potato', 'Cotton', 'Tomato', 'Grains', 'Fruits']",Saturday,t,10,w,0.21,0
18,145,Closed,P,"['Onion', 'Potato', 'Cotton', 'Tomato', 'Grains', 'Fruits']",Tuesday,t,4,w,0.58,1
12,234,Closed,P,"['Onion', 'Potato', 'Cotton', 'Tomato', 'Grains', 'Fruits']",Sunday,t,11,w,0.8,1
20,563,Open,P,"['Onion', 'Potato', 'Cotton', 'Tomato', 'Grains', 'Fruits']",Tuesday,t,8,w,0.87,0
12,495,Refrigerated,P,"['Onion', 'Potato', 'Cotton', 'Tomato', 'Grains', 'Fruits']",Thursday,t,14,w,0.41,0
8,535,Closed,P,"['Onion', 'Potato', 'Cotton', 'Tomato', 'Grains', 'Fruits']",Friday,t,10,w,0.54,0
6,284,Refrigerated,P,"['Onion', 'Potato', 'Cotton', 'Tomato', 'Grains', 'Fruits']",Thursday,t,0,w,0.23,1
18,52,Closed,P,"['Onion', 'Potato', 'Cotton', 'Tomato', 'Grains', 'Fruits']",Monday,t,13,w,0.58,0
14,102,Closed,P,"['Onion', 'Potato', 'Cotton', 'Tomato', 'Grains', 'Fruits']",Friday,t,3,w,0.89,0
10,255,Open,P,"['Onion', 'Potato', 'Cotton', 'Tomato', 'Grains', 'Fruits']",Monday,t,7,w,0.22,0
14,223,Refrigerated,P,"['Onion', 'Potato', 'Cotton', 'Tomato', 'Grains', 'Fruits']",Saturday,t,13,w,0.88,0
8,345,Closed,P,"['Onion', 'Potato', 'Cotton', 'Tomato', 'Grains', 'Fruits']",Monday,t,3,w,0.92,0
14,233,Open,P,"['Onion', 'Potato', 'Cotton', 'Tomato', 'Grains', 'Fruits']",Wednesday,t,14,w,0.56,0
16,144,Closed,P,"['Onion', 'Potato', 'Cotton', 'Tomato', 'Grains', 'Fruits']",Thursday,t,8,w,0.88,0
8,114,Open,P,"['Onion', 'Potato', 'Cotton', 'Tomato', 'Grains', 'Fruits']",Wednesday,t,6,w,0.94,0
16,448,Closed,P,"['Onion', 'Potato', 'Cotton', 'Tomato', 'Grains', 'Fruits']",Sunday,t,6,w,0.34,0
8,282,Refrigerated,P,"['Onion', 'Potato', 'Cotton', 'Tomato', 'Grains', 'Fruits']",Friday,t,12,w,0.68,1
20,242,Open,P,"['Onion', 'Potato', 'Cotton', 'Tomato', 'Grains', 'Fruits']",Monday,t,10,w,0.76,0
20,137,Open,P,"['Onion', 'Potato', 'Cotton', 'Tomato', 'Grains', 'Fruits']",Friday,t,4,w,0.57,0
16,172,Refrigerated,P,"['Onion', 'Potato', 'Cotton', 'Tomato', 'Grains', 'Fruits']",Sunday,t,7,w,0.6,1
8,106,Closed,P,"['Onion', 'Potato', 'Cotton', 'Tomato', 'Grains', 'Fruits']",Saturday,t,12,w,0.41,0
16,126,Closed,P,"['Onion', 'Potato', 'Cotton', 'Tomato', 'Grains', 'Fruits']",Saturday,t,13,w,0.22,1
8,190,Refrigerated,P,"['Onion', 'Potato', 'Cotton', 'Tomato', 'Grains', 'Fruits']",Wednesday,t,3,w,0.78,1
12,130,Open,P,"['Onion', 'Potato', 'Cotton', 'Tomato', 'Grains', 'Fruits']",Wednesday,t,2,w,0.88,1
18,91,Closed,P,"['Onion', 'Potato', 'Cotton', 'Tomato', 'Grains', 'Fruits']",Monday,t,8,w,0.3,0
6,159,Closed,P,"['Onion', 'Potato', 'Cotton', 'Tomato', 'Grains', 'Fruits']",Thursday,t,12,w,0.4,0
12,133,Closed,P,"['Onion', 'Potato', 'Cotton', 'Tomato', 'Grains', 'Fruits']",Tuesday,t,0,w,0.36,1
12,467,Open,P,"['Onion', 'Potato', 'Cotton', 'Tomato', 'Grains', 'Fruits']",Friday,t,15,w,0.24,0
12,590,Closed,P,"['Onion', 'Potato', 'Cotton', 'Tomato', 'Grains', 'Fruits']",Tuesday,t,13,w,0.4,0
18,311,Refrigerated,P,"['Onion', 'Potato', 'Cotton', 'Tomato', 'Grains', 'Fruits']",Monday,t,12,w,0.76,0
8,304,Open,P,"['Onion', 'Potato', 'Cotton', 'Tomato', 'Grains', 'Fruits']",Tuesday,t,1,w,0.71,1
8,52,Refrigerated,P,"['Onion', 'Potato', 'Cotton', 'Tomato', 'Grains', 'Fruits']",Saturday,t,0,w,0.28,1
8,427,Closed,P,"['Onion', 'Potato', 'Cotton', 'Tomato', 'Grains', 'Fruits']",Thursday,t,14,w,0.84,0
12,298,Closed,P,"['Onion', 'Potato', 'Cotton', 'Tomato', 'Grains', 'Fruits']",Wednesday,t,1,w,0.2,1
6,519,Refrigerated,P,"['Onion', 'Potato', 'Cotton', 'Tomato', 'Grains', 'Fruits']",Tuesday,t,3,w,0.31,1
6,534,Refrigerated,P,"['Onion', 'Potato', 'Cotton', 'Tomato', 'Grains', 'Fruits']",Friday,t,11,w,0.68,0
14,538,Closed,P,"['Onion', 'Potato', 'Cotton', 'Tomato', 'Grains', 'Fruits']",Tuesday,t,7,w,0.88,0
20,443,Open,P,"['Onion', 'Potato', 'Cotton', 'Tomato', 'Grains', 'Fruits']",Monday,t,11,w,0.72,0
14,463,Open,P,"['Onion', 'Potato', 'Cotton', 'Tomato', 'Grains', 'Fruits']",Friday,t,7,w,0.39,0
10,558,Refrigerated,P,"['Onion', 'Potato', 'Cotton', 'Tomato', 'Grains', 'Fruits']",Tuesday,t,10,w,0.63,0
8,363,Refrigerated,P,"['Onion', 'Potato', 'Cotton', 'Tomato', 'Grains', 'Fruits']",Wednesday,t,6,w,0.7,0
16,148,Closed,P,"['Onion', 'Potato', 'Cotton', 'Tomato', 'Grains', 'Fruits']",Friday,t,7,w,0.23,0
12,595,Closed,P,"['Onion', 'Potato', 'Cotton', 'Tomato', 'Grains', 'Fruits']",Tuesday,t,0,w,0.28,1
6,259,Closed,P,"['Onion', 'Potato', 'Cotton', 'Tomato', 'Grains', 'Fruits']",Friday,t,3,w,0.74,1
16,149,Open,P,"['Onion', 'Potato', 'Cotton', 'Tomato', 'Grains', 'Fruits']",Monday,t,3,w,0.68,0
8,398,Open,P,"['Onion', 'Potato', 'Cotton', 'Tomato', 'Grains', 'Fruits']",Monday,t,7,w,0.56,1
6,551,Open,P,"['Onion', 'Potato', 'Cotton', 'Tomato', 'Grains', 'Fruits']",Wednesday,t,2,w,0.89,1
16,415,Closed,P,"['Onion', 'Potato', 'Cotton', 'Tomato', 'Grains', 'Fruits']",Monday,t,0,w,0.34,1
6,233,Open,P,"['Onion', 'Potato', 'Cotton', 'Tomato', 'Grains', 'Fruits']",Tuesday,t,9,w,0.25,0
6,170,Refrigerated,P,"['Onion', 'Potato', 'Cotton', 'Tomato', 'Grains', 'Fruits']",Wednesday,t,13,w,0.72,1
18,57,Open,P,"['Onion', 'Potato', 'Cotton', 'Tomato', 'Grains', 'Fruits']",Monday,t,13,w,0.26,1
18,161,Closed,P,"['Onion', 'Potato', 'Cotton', 'Tomato', 'Grains', 'Fruits']",Saturday,t,8,w,0.86,0
12,509,Closed,P,"['Onion', 'Potato', 'Cotton', 'Tomato', 'Grains', 'Fruits']",Friday,t,8,w,0.4,0
6,250,Closed,P,"['Onion', 'Potato', 'Cotton', 'Tomato', 'Grains', 'Fruits']",Thursday,t,2,w,0.8,1
8,540,Closed,P,"['Onion', 'Potato', 'Cotton', 'Tomato', 'Grains', 'Fruits']",Monday,t,7,w,0.38,0
8,297,Refrigerated,P,"['Onion', 'Potato', 'Cotton', 'Tomato', 'Grains', 'Fruits']",Wednesday,t,8,w,0.45,0
18,552,Open,P,"['Onion', 'Potato', 'Cotton', 'Tomato', 'Grains', 'Fruits']",Sunday,t,2,w,0.67,0
8,379,Closed,P,"['Onion', 'Potato', 'Cotton', 'Tomato', 'Grains', 'Fruits']",Saturday,t,10,w,0.22,1
6,81,Open,P,"['Onion', 'Potato', 'Cotton', 'Tomato', 'Grains', 'Fruits']",Tuesday,t,2,w,0.56,1
16,108,Refrigerated,P,"['Onion', 'Potato', 'Cotton', 'Tomato', 'Grains', 'Fruits']",Saturday,t,11,w,0.48,0
14,349,Closed,P,"['Onion', 'Potato', 'Cotton', 'Tomato', 'Grains', 'Fruits']",Monday,t,15,w,0.57,1
10,345,Refrigerated,P,"['Onion', 'Potato', 'Cotton', 'Tomato', 'Grains', 'Fruits']",Wednesday,t,15,w,0.58,1
6,52,Refrigerated,P,"['Onion', 'Potato', 'Cotton', 'Tomato', 'Grains', 'Fruits']",Tuesday,t,11,w,0.27,1
10,464,Closed,P,"['Onion', 'Potato', 'Cotton', 'Tomato', 'Grains', 'Fruits']",Tuesday,t,4,w,0.58,1
6,424,Closed,P,"['Onion', 'Potato', 'Cotton', 'Tomato', 'Grains', 'Fruits']",Sunday,t,1,w,0.67,1
18,521,Refrigerated,P,"['Onion', 'Potato', 'Cotton', 'Tomato', 'Grains', 'Fruits']",Sunday,t,5,w,0.25,1
8,451,Closed,P,"['Onion', 'Potato', 'Cotton', 'Tomato', 'Grains', 'Fruits']",Friday,t,8,w,0.92,0
20,560,Open,P,"['Onion', 'Potato', 'Cotton', 'Tomato', 'Grains', 'Fruits']",Thursday,t,2,w,0.4,1
18,352,Refrigerated,P,"['Onion', 'Potato', 'Cotton', 'Tomato', 'Grains', 'Fruits']",Friday,t,13,w,0.32,0
10,427,Refrigerated,P,"['Onion', 'Potato', 'Cotton', 'Tomato', 'Grains', 'Fruits']",Tuesday,t,9,w,0.26,0
14,449,Open,P,"['Onion', 'Potato', 'Cotton', 'Tomato', 'Grains', 'Fruits']",Sunday,t,9,w,0.34,0
16,398,Refrigerated,P,"['Onion', 'Potato', 'Cotton', 'Tomato', 'Grains', 'Fruits']",Wednesday,t,0,w,0.55,0
14,575,Refrigerated,P,"['Onion', 'Potato', 'Cotton', 'Tomato', 'Grains', 'Fruits']",Sunday,t,3,w,0.38,1
14,389,Refrigerated,P,"['Onion', 'Potato', 'Cotton', 'Tomato', 'Grains', 'Fruits']",Thursday,t,10,w,0.42,0
14,294,Open,P,"['Onion', 'Potato', 'Cotton', 'Tomato', 'Grains', 'Fruits']",Tuesday,t,6,w,0.64,1
12,194,Open,P,"['Onion', 'Potato', 'Cotton', 'Tomato', 'Grains', 'Fruits']",Monday,t,14,w,0.61,0
8,252,Closed,P,"['Onion', 'Potato', 'Cotton', 'Tomato', 'Grains', 'Fruits']",Tuesday,t,10,w,0.23,1
8,135,Refrigerated,P,"['Onion', 'Potato', 'Cotton', 'Tomato', 'Grains', 'Fruits']",Sunday,t,12,w,0.55,0
6,60,Open,P,"['Onion', 'Potato', 'Cotton', 'Tomato', 'Grains', 'Fruits']",Sunday,t,0,w,0.45,1
6,300,Refrigerated,P,"['Onion', 'Potato', 'Cotton', 'Tomato', 'Grains', 'Fruits']",Wednesday,t,15,w,0.75,0
18,53,Refrigerated,P,"['Onion', 'Potato', 'Cotton', 'Tomato', 'Grains', 'Fruits']",Thursday,t,11,w,0.86,0
8,588,Refrigerated,P,"['Onion', 'Potato', 'Cotton', 'Tomato', 'Grains', 'Fruits']",Monday,t,7,w,0.5,0
10,467,Open,P,"['Onion', 'Potato', 'Cotton', 'Tomato', 'Grains', 'Fruits']",Sunday,t,6,w,0.26,1
18,128,Open,P,"['Onion', 'Potato', 'Cotton', 'Tomato', 'Grains', 'Fruits']",Monday,t,4,w,0.91,0
6,395,Open,P,"['Onion', 'Potato', 'Cotton', 'Tomato', 'Grains', 'Fruits']",Thursday,t,13,w,0.59,0
18,68,Open,P,"['Onion', 'Potato', 'Cotton', 'Tomato', 'Grains', 'Fruits']",Sunday,t,6,w,0.49,1
6,445,Open,P,"['Onion', 'Potato', 'Cotton', 'Tomato', 'Grains', 'Fruits']",Monday,t,6,w,0.91,1
16,414,Open,P,"['Onion', 'Potato', 'Cotton', 'Tomato', 'Grains', 'Fruits']",Friday,t,13,w,0.56,0
10,265,Refrigerated,P,"['Onion', 'Potato', 'Cotton', 'Tomato', 'Grains', 'Fruits']",Wednesday,t,3,w,0.43,0
20,248,Closed,P,"['Onion', 'Potato', 'Cotton', 'Tomato', 'Grains', 'Fruits']",Tuesday,t,4,w,0.23,1
8,104,Open,P,"['Onion', 'Potato', 'Cotton', 'Tomato', 'Grains', 'Fruits']",Thursday,t,1,w,0.94,1
14,342,Refrigerated,P,"['Onion', 'Potato', 'Cotton', 'Tomato', 'Grains', 'Fruits']",Monday,t,8,w,0.5,0
18,434,Refrigerated,P,"['Onion', 'Potato', 'Cotton', 'Tomato', 'Grains', 'Fruits']",Sunday,t,2,w,0.31,1
12,200,Closed,P,"['Onion', 'Potato', 'Cotton', 'Tomato', 'Grains', 'Fruits']",Wednesday,t,9,w,0.91,1
12,351,Open,P,"['Onion', 'Potato', 'Cotton', 'Tomato', 'Grains', 'Fruits']",Thursday,t,13,w,0.94,0
8,518,Closed,P,"['Onion', 'Potato', 'Cotton', 'Tomato', 'Grains', 'Fruits']",Saturday,t,5,w,0.43,0
12,383,Refrigerated,P,"['Onion', 'Potato', 'Cotton', 'Tomato', 'Grains', 'Fruits']",Saturday,t,4,w,0.83,0
16,467,Refrigerated,P,"['Onion', 'Potato', 'Cotton', 'Tomato', 'Grains', 'Fruits']",Tuesday,t,10,w,0.61,1
16,200,Closed,P,"['Onion', 'Potato', 'Cotton', 'Tomato', 'Grains', 'Fruits']",Monday,t,12,w,0.51,0
6,543,Closed,P,"['Onion', 'Potato', 'Cotton', 'Tomato', 'Grains', 'Fruits']",Saturday,t,6,w,0.63,0
14,246,Closed,P,"['Onion', 'Potato', 'Cotton', 'Tomato', 'Grains', 'Fruits']",Friday,t,7,w,0.84,0
6,218,Closed,P,"['Onion', 'Potato', 'Cotton', 'Tomato', 'Grains', 'Fruits']",Monday,t,13,w,0.88,0
8,446,Refrigerated,P,"['Onion', 'Potato', 'Cotton', 'Tomato', 'Grains', 'Fruits']",Monday,t,6,w,0.82,1
8,434,Refrigerated,P,"['Onion', 'Potato', 'Cotton', 'Tomato', 'Grains', 'Fruits']",Friday,t,2,w,0.67,0
6,514,Closed,P,"['Onion', 'Potato', 'Cotton', 'Tomato', 'Grains', 'Fruits']",Sunday,t,14,w,0.67,0
14,326,Open,P,"['Onion', 'Potato', 'Cotton', 'Tomato', 'Grains', 'Fruits']",Thursday,t,9,w,0.32,0
10,462,Closed,P,"['Onion', 'Potato', 'Cotton', 'Tomato', 'Grains', 'Fruits']",Friday,t,11,w,0.62,0
20,443,Open,P,"['Onion', 'Potato', 'Cotton', 'Tomato', 'Grains', 'Fruits']",Friday,t,8,w,0.5,0
8,249,Open,P,"['Onion', 'Potato', 'Cotton', 'Tomato', 'Grains', 'Fruits']",Thursday,t,2,w,0.92,0
10,257,Closed,P,"['Onion', 'Potato', 'Cotton', 'Tomato', 'Grains', 'Fruits']",Monday,t,2,w,0.21,0
10,154,Open,P,"['Onion', 'Potato', 'Cotton', 'Tomato', 'Grains', 'Fruits']",Monday,t,3,w,0.76,0
16,185,Closed,P,"['Onion', 'Potato', 'Cotton', 'Tomato', 'Grains', 'Fruits']",Friday,t,12,w,0.34,0
14,364,Closed,P,"['Onion', 'Potato', 'Cotton', 'Tomato', 'Grains', 'Fruits']",Saturday,t,10,w,0.31,0
8,491,Closed,P,"['Onion', 'Potato', 'Cotton', 'Tomato', 'Grains', 'Fruits']",Monday,t,14,w,0.71,0
8,195,Closed,P,"['Onion', 'Potato', 'Cotton', 'Tomato', 'Grains', 'Fruits']",Saturday,t,5,w,0.21,1
20,599,Open,P,"['Onion', 'Potato', 'Cotton', 'Tomato', 'Grains', 'Fruits']",Saturday,t,8,w,0.33,0
20,498,Open,P,"['Onion', 'Potato', 'Cotton', 'Tomato', 'Grains', 'Fruits']",Sunday,t,7,w,0.84,0
16,468,Open,P,"['Onion', 'Potato', 'Cotton', 'Tomato', 'Grains', 'Fruits']",Tuesday,t,0,w,0.79,0
18,462,Refrigerated,P,"['Onion', 'Potato', 'Cotton', 'Tomato', 'Grains', 'Fruits']",Thursday,t,1,w,0.85,0
10,65,Closed,P,"['Onion', 'Potato', 'Cotton', 'Tomato', 'Grains', 'Fruits']",Thursday,t,2,w,0.34,1
10,138,Closed,P,"['Onion', 'Potato', 'Cotton', 'Tomato', 'Grains', 'Fruits']",Monday,t,14,w,0.72,0
8,585,Refrigerated,P,"['Onion', 'Potato', 'Cotton', 'Tomato', 'Grains', 'Fruits']",Monday,t,10,w,0.93,0
14,290,Closed,P,"['Onion', 'Potato', 'Cotton', 'Tomato', 'Grains', 'Fruits']",Sunday,t,5,w,0.87,0
6,285,Refrigerated,P,"['Onion', 'Potato', 'Cotton', 'Tomato', 'Grains', 'Fruits']",Saturday,t,9,w,0.42,0
8,136,Closed,P,"['Onion', 'Potato', 'Cotton', 'Tomato', 'Grains', 'Fruits']",Thursday,t,1,w,0.27,1
18,508,Closed,P,"['Onion', 'Potato', 'Cotton', 'Tomato', 'Grains', 'Fruits']",Tuesday,t,0,w,0.41,0
8,522,Closed,P,"['Onion', 'Potato', 'Cotton', 'Tomato', 'Grains', 'Fruits']",Thursday,t,13,w,0.74,0
16,578,Refrigerated,P,"['Onion', 'Potato', 'Cotton', 'Tomato', 'Grains', 'Fruits']",Thursday,t,10,w,0.5,0
12,427,Open,P,"['Onion', 'Potato', 'Cotton', 'Tomato', 'Grains', 'Fruits']",Monday,t,12,w,0.75,0
6,81,Refrigerated,P,"['Onion', 'Potato', 'Cotton', 'Tomato', 'Grains', 'Fruits']",Tuesday,t,5,w,0.84,1
18,521,Refrigerated,P,"['Onion', 'Potato', 'Cotton', 'Tomato', 'Grains', 'Fruits']",Tuesday,t,11,w,0.34,0
14,450,Open,P,"['Onion', 'Potato', 'Cotton', 'Tomato', 'Grains', 'Fruits']",Friday,t,10,w,0.32,0
16,241,Refrigerated,P,"['Onion', 'Potato', 'Cotton', 'Tomato', 'Grains', 'Fruits']",Saturday,t,5,w,0.49,1
12,277,Closed,P,"['Onion', 'Potato', 'Cotton', 'Tomato', 'Grains', 'Fruits']",Monday,t,3,w,0.48,0
14,445,Refrigerated,P,"['Onion', 'Potato', 'Cotton', 'Tomato', 'Grains', 'Fruits']",Monday,t,15,w,0.82,1
8,574,Refrigerated,P,"['Onion', 'Potato', 'Cotton', 'Tomato', 'Grains', 'Fruits']",Sunday,t,15,w,0.32,0
16,291,Closed,P,"['Onion', 'Potato', 'Cotton', 'Tomato', 'Grains', 'Fruits']",Monday,t,6,w,0.43,0
16,385,Open,P,"['Onion', 'Potato', 'Cotton', 'Tomato', 'Grains', 'Fruits']",Tuesday,t,11,w,0.81,0
8,293,Closed,P,"['Onion', 'Potato', 'Cotton', 'Tomato', 'Grains', 'Fruits']",Sunday,t,1,w,0.92,0
8,340,Open,P,"['Onion', 'Potato', 'Cotton', 'Tomato', 'Grains', 'Fruits']",Sunday,t,5,w,0.49,0
20,111,Refrigerated,P,"['Onion', 'Potato', 'Cotton', 'Tomato', 'Grains', 'Fruits']",Sunday,t,0,w,0.47,1
16,461,Open,P,"['Onion', 'Potato', 'Cotton', 'Tomato', 'Grains', 'Fruits']",Wednesday,t,13,w,0.92,0
18,510,Refrigerated,P,"['Onion', 'Potato', 'Cotton', 'Tomato', 'Grains', 'Fruits']",Wednesday,t,5,w,0.57,1
14,397,Refrigerated,P,"['Onion', 'Potato', 'Cotton', 'Tomato', 'Grains', 'Fruits']",Wednesday,t,9,w,0.58,0
8,134,Refrigerated,P,"['Onion', 'Potato', 'Cotton', 'Tomato', 'Grains', 'Fruits']",Wednesday,t,4,w,0.86,0
16,285,Refrigerated,P,"['Onion', 'Potato', 'Cotton', 'Tomato', 'Grains', 'Fruits']",Monday,t,4,w,0.8,1
6,381,Closed,P,"['Onion', 'Potato', 'Cotton', 'Tomato', 'Grains', 'Fruits']",Monday,t,13,w,0.71,0
18,445,Refrigerated,P,"['Onion', 'Potato', 'Cotton', 'Tomato', 'Grains', 'Fruits']",Tuesday,t,7,w,0.54,0
14,473,Open,P,"['Onion', 'Potato', 'Cotton', 'Tomato', 'Grains', 'Fruits']",Tuesday,t,5,w,0.42,1
12,227,Refrigerated,P,"['Onion', 'Potato', 'Cotton', 'Tomato', 'Grains', 'Fruits']",Saturday,t,6,w,0.29,0
6,362,Refrigerated,P,"['Onion', 'Potato', 'Cotton', 'Tomato', 'Grains', 'Fruits']",Monday,t,0,w,0.59,1
12,524,Closed,P,"['Onion', 'Potato', 'Cotton', 'Tomato', 'Grains', 'Fruits']",Friday,t,15,w,0.59,0
10,408,Closed,P,"['Onion', 'Potato', 'Cotton', 'Tomato', 'Grains', 'Fruits']",Wednesday,t,11,w,0.56,0
6,383,Open,P,"['Onion', 'Potato', 'Cotton', 'Tomato', 'Grains', 'Fruits']",Friday,t,12,w,0.75,0
10,500,Open,P,"['Onion', 'Potato', 'Cotton', 'Tomato', 'Grains', 'Fruits']",Tuesday,t,14,w,0.35,0
10,79,Closed,P,"['Onion', 'Potato', 'Cotton', 'Tomato', 'Grains', 'Fruits']",Tuesday,t,6,w,0.86,0
16,127,Refrigerated,P,"['Onion', 'Potato', 'Cotton', 'Tomato', 'Grains', 'Fruits']",Tuesday,t,7,w,0.44,0
12,377,Refrigerated,P,"['Onion', 'Potato', 'Cotton', 'Tomato', 'Grains', 'Fruits']",Wednesday,t,3,w,0.74,0
20,274,Open,P,"['Onion', 'Potato', 'Cotton', 'Tomato', 'Grains', 'Fruits']",Wednesday,t,0,w,0.4,0
20,169,Open,P,"['Onion', 'Potato', 'Cotton', 'Tomato', 'Grains', 'Fruits']",Friday,t,0,w,0.63,1
16,302,Refrigerated,P,"['Onion', 'Potato', 'Cotton', 'Tomato', 'Grains', 'Fruits']",Sunday,t,3,w,0.57,1
12,183,Open,P,"['Onion', 'Potato', 'Cotton', 'Tomato', 'Grains', 'Fruits']",Sunday,t,4,w,0.5,0
12,227,Open,P,"['Onion', 'Potato', 'Cotton', 'Tomato', 'Grains', 'Fruits']",Wednesday,t,14,w,0.46,0
16,576,Closed,P,"['Onion', 'Potato', 'Cotton', 'Tomato', 'Grains', 'Fruits']",Tuesday,t,1,w,0.35,1
18,133,Refrigerated,P,"['Onion', 'Potato', 'Cotton', 'Tomato', 'Grains', 'Fruits']",Monday,t,2,w,0.83,1
8,73,Open,P,"['Onion', 'Potato', 'Cotton', 'Tomato', 'Grains', 'Fruits']",Sunday,t,0,w,0.43,0
12,108,Refrigerated,P,"['Onion', 'Potato', 'Cotton', 'Tomato', 'Grains', 'Fruits']",Monday,t,15,w,0.36,1
8,198,Closed,P,"['Onion', 'Potato', 'Cotton', 'Tomato', 'Grains', 'Fruits']",Saturday,t,4,w,0.36,0
20,469,Closed,P,"['Onion', 'Potato', 'Cotton', 'Tomato', 'Grains', 'Fruits']",Monday,t,2,w,0.28,1
10,92,Open,P,"['Onion', 'Potato', 'Cotton', 'Tomato', 'Grains', 'Fruits']",Thursday,t,10,w,0.9,0
12,87,Closed,P,"['Onion', 'Potato', 'Cotton', 'Tomato', 'Grains', 'Fruits']",Thursday,t,10,w,0.6,0
14,583,Open,P,"['Onion', 'Potato', 'Cotton', 'Tomato', 'Grains', 'Fruits']",Sunday,t,5,w,0.27,0
18,587,Open,P,"['Onion', 'Potato', 'Cotton', 'Tomato', 'Grains', 'Fruits']",Sunday,t,10,w,0.31,1
12,425,Closed,P,"['Onion', 'Potato', 'Cotton', 'Tomato', 'Grains', 'Fruits']",Sunday,t,0,w,0.74,1
20,67,Open,P,"['Onion', 'Potato', 'Cotton', 'Tomato', 'Grains', 'Fruits']",Thursday,t,4,w,0.34,1
16,446,Closed,P,"['Onion', 'Potato', 'Cotton', 'Tomato', 'Grains', 'Fruits']",Tuesday,t,8,w,0.87,1
20,105,Closed,P,"['Onion', 'Potato', 'Cotton', 'Tomato', 'Grains', 'Fruits']",Wednesday,t,15,w,0.62,0
6,503,Refrigerated,P,"['Onion', 'Potato', 'Cotton', 'Tomato', 'Grains', 'Fruits']",Thursday,t,0,w,0.37,1
8,400,Closed,P,"['Onion', 'Potato', 'Cotton', 'Tomato', 'Grains', 'Fruits']",Sunday,t,0,w,0.73,1
6,177,Open,P,"['Onion', 'Potato', 'Cotton', 'Tomato', 'Grains', 'Fruits']",Thursday,t,14,w,0.52,0
16,503,Refrigerated,P,"['Onion', 'Potato', 'Cotton', 'Tomato', 'Grains', 'Fruits']",Wednesday,t,13,w,0.91,0
10,307,Closed,P,"['Onion', 'Potato', 'Cotton', 'Tomato', 'Grains', 'Fruits']",Monday,t,1,w,0.78,1
6,262,Open,P,"['Onion', 'Potato', 'Cotton', 'Tomato', 'Grains', 'Fruits']",Friday,t,3,w,0.5,1
10,483,Refrigerated,P,"['Onion', 'Potato', 'Cotton', 'Tomato', 'Grains', 'Fruits']",Friday,t,3,w,0.54,1
8,400,Refrigerated,P,"['Onion', 'Potato', 'Cotton', 'Tomato', 'Grains', 'Fruits']",Thursday,t,6,w,0.51,1
12,390,Open,P,"['Onion', 'Potato', 'Cotton', 'Tomato', 'Grains', 'Fruits']",Sunday,t,11,w,0.57,0
8,251,Open,P,"['Onion', 'Potato', 'Cotton', 'Tomato', 'Grains', 'Fruits']",Friday,t,5,w,0.6,1
18,489,Refrigerated,P,"['Onion', 'Potato', 'Cotton', 'Tomato', 'Grains', 'Fruits']",Thursday,t,6,w,0.62,0
12,462,Open,P,"['Onion', 'Potato', 'Cotton', 'Tomato', 'Grains', 'Fruits']",Wednesday,t,12,w,0.82,0
12,191,Refrigerated,P,"['Onion', 'Potato', 'Cotton', 'Tomato', 'Grains', 'Fruits']",Monday,t,1,w,0.5,1
16,75,Open,P,"['Onion', 'Potato', 'Cotton', 'Tomato', 'Grains', 'Fruits']",Monday,t,15,w,0.29,1
14,291,Refrigerated,P,"['Onion', 'Potato', 'Cotton', 'Tomato', 'Grains', 'Fruits']",Sunday,t,0,w,0.39,1
10,93,Closed,P,"['Onion', 'Potato', 'Cotton', 'Tomato', 'Grains', 'Fruits']",Sunday,t,15,w,0.79,0
12,116,Open,P,"['Onion', 'Potato', 'Cotton', 'Tomato', 'Grains', 'Fruits']",Friday,t,3,w,0.49,1
18,441,Open,P,"['Onion', 'Potato', 'Cotton', 'Tomato', 'Grains', 'Fruits']",Tuesday,t,9,w,0.56,1
10,380,Closed,P,"['Onion', 'Potato', 'Cotton', 'Tomato', 'Grains', 'Fruits']",Tuesday,t,3,w,0.81,0
14,219,Closed,P,"['Onion', 'Potato', 'Cotton', 'Tomato', 'Grains', 'Fruits']",Monday,t,14,w,0.59,0
10,158,Open,P,"['Onion', 'Potato', 'Cotton', 'Tomato', 'Grains', 'Fruits']",Monday,t,0,w,0.27,0
8,290,Closed,P,"['Onion', 'Potato', 'Cotton', 'Tomato', 'Grains', 'Fruits']",Tuesday,t,2,w,0.92,1
14,570,Open,P,"['Onion', 'Potato', 'Cotton', 'Tomato', 'Grains', 'Fruits']",Friday,t,8,w,0.6,1
16,584,Refrigerated,P,"['Onion', 'Potato', 'Cotton', 'Tomato', 'Grains', 'Fruits']",Friday,t,11,w,0.9,1
6,315,Refrigerated,P,"['Onion', 'Potato', 'Cotton', 'Tomato', 'Grains', 'Fruits']",Thursday,t,10,w,0.7,1
12,439,Refrigerated,P,"['Onion', 'Potato', 'Cotton', 'Tomato', 'Grains', 'Fruits']",Wednesday,t,2,w,0.9,1
14,219,Refrigerated,P,"['Onion', 'Potato', 'Cotton', 'Tomato', 'Grains', 'Fruits']",Friday,t,14,w,0.63,0
20,101,Closed,P,"['Onion', 'Potato', 'Cotton', 'Tomato', 'Grains', 'Fruits']",Friday,t,7,w,0.39,0
18,165,Closed,P,"['Onion', 'Potato', 'Cotton', 'Tomato', 'Grains', 'Fruits']",Monday,t,7,w,0.57,0
12,391,Refrigerated,P,"['Onion', 'Potato', 'Cotton', 'Tomato', 'Grains', 'Fruits']",Wednesday,t,14,w,0.34,0
18,339,Refrigerated,P,"['Onion', 'Potato', 'Cotton', 'Tomato', 'Grains', 'Fruits']",Thursday,t,8,w,0.22,1
8,504,Open,P,"['Onion', 'Potato', 'Cotton', 'Tomato', 'Grains', 'Fruits']",Friday,t,3,w,0.31,1
12,466,Closed,P,"['Onion', 'Potato', 'Cotton', 'Tomato', 'Grains', 'Fruits']",Monday,t,8,w,0.6,0
18,190,Closed,P,"['Onion', 'Potato', 'Cotton', 'Tomato', 'Grains', 'Fruits']",Thursday,t,14,w,0.52,1
14,125,Open,P,"['Onion', 'Potato', 'Cotton', 'Tomato', 'Grains', 'Fruits']",Friday,t,11,w,0.95,0
8,288,Open,P,"['Onion', 'Potato', 'Cotton', 'Tomato', 'Grains', 'Fruits']",Saturday,t,0,w,0.34,0
16,573,Open,P,"['Onion', 'Potato', 'Cotton', 'Tomato', 'Grains', 'Fruits']",Wednesday,t,5,w,0.88,1
10,318,Open,P,"['Onion', 'Potato', 'Cotton', 'Tomato', 'Grains', 'Fruits']",Thursday,t,1,w,0.72,0
18,461,Open,P,"['Onion', 'Potato', 'Cotton', 'Tomato', 'Grains', 'Fruits']",Sunday,t,2,w,0.73,1
6,52,Closed,P,"['Onion', 'Potato', 'Cotton', 'Tomato', 'Grains', 'Fruits']",Sunday,t,3,w,0.26,0
8,281,Closed,P,"['Onion', 'Potato', 'Cotton', 'Tomato', 'Grains', 'Fruits']",Thursday,t,8,w,0.66,0
12,455,Refrigerated,P,"['Onion', 'Potato', 'Cotton', 'Tomato', 'Grains', 'Fruits']",Wednesday,t,9,w,0.45,0
6,163,Open,P,"['Onion', 'Potato', 'Cotton', 'Tomato', 'Grains', 'Fruits']",Saturday,t,1,w,0.95,0
6,409,Open,P,"['Onion', 'Potato', 'Cotton', 'Tomato', 'Grains', 'Fruits']",Thursday,t,13,w,0.37,0
18,262,Closed,P,"['Onion', 'Potato', 'Cotton', 'Tomato', 'Grains', 'Fruits']",Tuesday,t,4,w,0.59,0
6,438,Closed,P,"['Onion', 'Potato', 'Cotton', 'Tomato', 'Grains', 'Fruits']",Monday,t,9,w,0.42,1
6,350,Closed,P,"['Onion', 'Potato', 'Cotton', 'Tomato', 'Grains', 'Fruits']",Saturday,t,13,w,0.57,0
14,215,Open,P,"['Onion', 'Potato', 'Cotton', 'Tomato', 'Grains', 'Fruits']",Wednesday,t,11,w,0.77,0
20,365,Closed,P,"['Onion', 'Potato', 'Cotton', 'Tomato', 'Grains', 'Fruits']",Tuesday,t,13,w,0.38,1
18,440,Open,P,"['Onion', 'Potato', 'Cotton', 'Tomato', 'Grains', 'Fruits']",Sunday,t,10,w,0.24,1
16,284,Open,P,"['Onion', 'Potato', 'Cotton', 'Tomato', 'Grains', 'Fruits']",Saturday,t,5,w,0.29,1
20,488,Closed,P,"['Onion', 'Potato', 'Cotton', 'Tomato', 'Grains', 'Fruits']",Wednesday,t,4,w,0.66,1
10,337,Refrigerated,P,"['Onion', 'Potato', 'Cotton', 'Tomato', 'Grains', 'Fruits']",Monday,t,8,w,0.95,0
6,160,Closed,P,"['Onion', 'Potato', 'Cotton', 'Tomato', 'Grains', 'Fruits']",Thursday,t,4,w,0.86,0
16,504,Open,P,"['Onion', 'Potato', 'Cotton', 'Tomato', 'Grains', 'Fruits']",Thursday,t,13,w,0.84,0
10,163,Open,P,"['Onion', 'Potato', 'Cotton', 'Tomato', 'Grains', 'Fruits']",Tuesday,t,7,w,0.46,0
18,595,Open,P,"['Onion', 'Potato', 'Cotton', 'Tomato', 'Grains', 'Fruits']",Friday,t,5,w,0.94,1
10,176,Refrigerated,P,"['Onion', 'Potato', 'Cotton', 'Tomato', 'Grains', 'Fruits']",Friday,t,8,w,0.8,0
6,489,Closed,P,"['Onion', 'Potato', 'Cotton', 'Tomato', 'Grains', 'Fruits']",Saturday,t,9,w,0.45,1
8,164,Open,P,"['Onion', 'Potato', 'Cotton', 'Tomato', 'Grains', 'Fruits']",Tuesday,t,9,w,0.71,0
8,511,Closed,P,"['Onion', 'Potato', 'Cotton', 'Tomato', 'Grains', 'Fruits']",Sunday,t,7,w,0.68,1
10,81,Open,P,"['Onion', 'Potato', 'Cotton', 'Tomato', 'Grains', 'Fruits']",Saturday,t,2,w,0.47,0
8,446,Open,P,"['Onion', 'Potato', 'Cotton', 'Tomato', 'Grains', 'Fruits']",Wednesday,t,6,w,0.49,0
16,565,Open,P,"['Onion', 'Potato', 'Cotton', 'Tomato', 'Grains', 'Fruits']",Friday,t,10,w,0.86,0
8,577,Open,P,"['Onion', 'Potato', 'Cotton', 'Tomato', 'Grains', 'Fruits']",Thursday,t,9,w,0.83,1
14,310,Refrigerated,P,"['Onion', 'Potato', 'Cotton', 'Tomato', 'Grains', 'Fruits']",Wednesday,t,13,w,0.82,0
16,117,Closed,P,"['Onion', 'Potato', 'Cotton', 'Tomato', 'Grains', 'Fruits']",Thursday,t,0,w,0.38,1
20,564,Refrigerated,P,"['Onion', 'Potato', 'Cotton', 'Tomato', 'Grains', 'Fruits']",Sunday,t,13,w,0.86,0
14,372,Closed,P,"['Onion', 'Potato', 'Cotton', 'Tomato', 'Grains', 'Fruits']",Sunday,t,3,w,0.83,1
12,87,Open,P,"['Onion', 'Potato', 'Cotton', 'Tomato', 'Grains', 'Fruits']",Saturday,t,5,w,0.3,0
12,510,Open,P,"['Onion', 'Potato', 'Cotton', 'Tomato', 'Grains', 'Fruits']",Tuesday,t,4,w,0.94,0
18,210,Refrigerated,P,"['Onion', 'Potato', 'Cotton', 'Tomato', 'Grains', 'Fruits']",Tuesday,t,6,w,0.31,1
10,285,Open,P,"['Onion', 'Potato', 'Cotton', 'Tomato', 'Grains', 'Fruits']",Monday,t,12,w,0.53,0
20,445,Open,P,"['Onion', 'Potato', 'Cotton', 'Tomato', 'Grains', 'Fruits']",Friday,t,9,w,0.48,1
12,346,Closed,P,"['Onion', 'Potato', 'Cotton', 'Tomato', 'Grains', 'Fruits']",Saturday,t,1,w,0.41,0
10,249,Closed,P,"['Onion', 'Potato', 'Cotton', 'Tomato', 'Grains', 'Fruits']",Thursday,t,3,w,0.2,0
20,463,Open,P,"['Onion', 'Potato', 'Cotton', 'Tomato', 'Grains', 'Fruits']",Wednesday,t,10,w,0.53,1
6,496,Closed,P,"['Onion', 'Potato', 'Cotton', 'Tomato', 'Grains', 'Fruits']",Thursday,t,2,w,0.21,0
14,138,Refrigerated,P,"['Onion', 'Potato', 'Cotton', 'Tomato', 'Grains', 'Fruits']",Saturday,t,9,w,0.81,1
14,530,Open,P,"['Onion', 'Potato', 'Cotton', 'Tomato', 'Grains', 'Fruits']",Wednesday,t,13,w,0.61,1
18,213,Closed,P,"['Onion', 'Potato', 'Cotton', 'Tomato', 'Grains', 'Fruits']",Sunday,t,7,w,0.62,0
8,533,Refrigerated,P,"['Onion', 'Potato', 'Cotton', 'Tomato', 'Grains', 'Fruits']",Sunday,t,11,w,0.48,1
20,129,Refrigerated,P,"['Onion', 'Potato', 'Cotton', 'Tomato', 'Grains', 'Fruits']",Thursday,t,7,w,0.22,0
16,515,Refrigerated,P,"['Onion', 'Potato', 'Cotton', 'Tomato', 'Grains', 'Fruits']",Thursday,t,9,w,0.61,0
16,192,Open,P,"['Onion', 'Potato', 'Cotton', 'Tomato', 'Grains', 'Fruits']",Wednesday,t,10,w,0.55,0
10,549,Closed,P,"['Onion', 'Potato', 'Cotton', 'Tomato', 'Grains', 'Fruits']",Friday,t,2,w,0.61,1
10,337,Open,P,"['Onion', 'Potato', 'Cotton', 'Tomato', 'Grains', 'Fruits']",Tuesday,t,8,w,0.32,0
8,510,Open,P,"['Onion', 'Potato', 'Cotton', 'Tomato', 'Grains', 'Fruits']",Saturday,t,8,w,0.28,0
16,547,Open,P,"['Onion', 'Potato', 'Cotton', 'Tomato', 'Grains', 'Fruits']",Thursday,t,0,w,0.29,1
6,68,Refrigerated,P,"['Onion', 'Potato', 'Cotton', 'Tomato', 'Grains', 'Fruits']",Monday,t,7,w,0.51,0
12,189,Closed,P,"['Onion', 'Potato', 'Cotton', 'Tomato', 'Grains', 'Fruits']",Tuesday,t,10,w,0.2,0
10,214,Refrigerated,P,"['Onion', 'Potato', 'Cotton', 'Tomato', 'Grains', 'Fruits']",Saturday,t,7,w,0.3,0
16,56,Closed,P,"['Onion', 'Potato', 'Cotton', 'Tomato', 'Grains', 'Fruits']",Monday,t,1,w,0.29,1
10,524,Open,P,"['Onion', 'Potato', 'Cotton', 'Tomato', 'Grains', 'Fruits']",Wednesday,t,13,w,0.76,0
20,104,Refrigerated,P,"['Onion', 'Potato', 'Cotton', 'Tomato', 'Grains', 'Fruits']",Tuesday,t,1,w,0.25,1
6,54,Closed,P,"['Onion', 'Potato', 'Cotton', 'Tomato', 'Grains', 'Fruits']",Saturday,t,9,w,0.72,0
20,473,Refrigerated,P,"['Onion', 'Potato', 'Cotton', 'Tomato', 'Grains', 'Fruits']",Sunday,t,11,w,0.65,0
8,473,Refrigerated,P,"['Onion', 'Potato', 'Cotton', 'Tomato', 'Grains', 'Fruits']",Friday,t,15,w,0.8,1
8,86,Closed,P,"['Onion', 'Potato', 'Cotton', 'Tomato', 'Grains', 'Fruits']",Monday,t,11,w,0.37,0
14,268,Refrigerated,P,"['Onion', 'Potato', 'Cotton', 'Tomato', 'Grains', 'Fruits']",Thursday,t,7,w,0.85,0
18,329,Refrigerated,P,"['Onion', 'Potato', 'Cotton', 'Tomato', 'Grains', 'Fruits']",Monday,t,14,w,0.64,0
14,356,Refrigerated,P,"['Onion', 'Potato', 'Cotton', 'Tomato', 'Grains', 'Fruits']",Friday,t,5,w,0.8,0
14,465,Open,P,"['Onion', 'Potato', 'Cotton', 'Tomato', 'Grains', 'Fruits']",Wednesday,t,1,w,0.81,0
18,418,Closed,P,"['Onion', 'Potato', 'Cotton', 'Tomato', 'Grains', 'Fruits']",Wednesday,t,11,w,0.32,0
6,84,Refrigerated,P,"['Onion', 'Potato', 'Cotton', 'Tomato', 'Grains', 'Fruits']",Sunday,t,3,w,0.57,0
8,289,Open,P,"['Onion', 'Potato', 'Cotton', 'Tomato', 'Grains', 'Fruits']",Monday,t,12,w,0.65,1
14,505,Refrigerated,P,"['Onion', 'Potato', 'Cotton', 'Tomato', 'Grains', 'Fruits']",Monday,t,5,w,0.5,0
16,324,Refrigerated,P,"['Onion', 'Potato', 'Cotton', 'Tomato', 'Grains', 'Fruits']",Saturday,t,0,w,0.7,0
16,110,Open,P,"['Onion', 'Potato', 'Cotton', 'Tomato', 'Grains', 'Fruits']",Sunday,t,1,w,0.44,0
10,405,Refrigerated,P,"['Onion', 'Potato', 'Cotton', 'Tomato', 'Grains', 'Fruits']",Thursday,t,1,w,0.41,1
20,245,Open,P,"['Onion', 'Potato', 'Cotton', 'Tomato', 'Grains', 'Fruits']",Friday,t,11,w,0.68,0
8,99,Open,P,"['Onion', 'Potato', 'Cotton', 'Tomato', 'Grains', 'Fruits']",Wednesday,t,9,w,0.35,1
14,406,Open,P,"['Onion', 'Potato', 'Cotton', 'Tomato', 'Grains', 'Fruits']",Tuesday,t,1,w,0.25,1
8,276,Refrigerated,P,"['Onion', 'Potato', 'Cotton', 'Tomato', 'Grains', 'Fruits']",Friday,t,11,w,0.77,0
16,200,Open,P,"['Onion', 'Potato', 'Cotton', 'Tomato', 'Grains', 'Fruits']",Thursday,t,1,w,0.51,0
6,69,Closed,P,"['Onion', 'Potato', 'Cotton', 'Tomato', 'Grains', 'Fruits']",Sunday,t,2,w,0.74,1
12,540,Refrigerated,P,"['Onion', 'Potato', 'Cotton', 'Tomato', 'Grains', 'Fruits']",Saturday,t,6,w,0.63,0
16,280,Open,P,"['Onion', 'Potato', 'Cotton', 'Tomato', 'Grains', 'Fruits']",Thursday,t,14,w,0.77,0
6,273,Open,P,"['Onion', 'Potato', 'Cotton', 'Tomato', 'Grains', 'Fruits']",Sunday,t,2,w,0.36,1
18,238,Closed,P,"['Onion', 'Potato', 'Cotton', 'Tomato', 'Grains', 'Fruits']",Thursday,t,5,w,0.67,0
10,274,Open,P,"['Onion', 'Potato', 'Cotton', 'Tomato', 'Grains', 'Fruits']",Wednesday,t,2,w,0.75,1
18,97,Closed,P,"['Onion', 'Potato', 'Cotton', 'Tomato', 'Grains', 'Fruits']",Monday,t,8,w,0.21,1
18,452,Closed,P,"['Onion', 'Potato', 'Cotton', 'Tomato', 'Grains', 'Fruits']",Sunday,t,0,w,0.87,0
20,392,Refrigerated,P,"['Onion', 'Potato', 'Cotton', 'Tomato', 'Grains', 'Fruits']",Wednesday,t,2,w,0.65,1
10,454,Open,P,"['Onion', 'Potato', 'Cotton', 'Tomato', 'Grains', 'Fruits']",Sunday,t,13,w,0.8,1
16,412,Refrigerated,P,"['Onion', 'Potato', 'Cotton', 'Tomato', 'Grains', 'Fruits']",Monday,t,14,w,0.87,1
20,167,Open,P,"['Onion', 'Potato', 'Cotton', 'Tomato', 'Grains', 'Fruits']",Sunday,t,7,w,0.34,0
8,225,Open,P,"['Onion', 'Potato', 'Cotton', 'Tomato', 'Grains', 'Fruits']",Friday,t,15,w,0.71,0
8,565,Closed,P,"['Onion', 'Potato', 'Cotton', 'Tomato', 'Grains', 'Fruits']",Friday,t,10,w,0.75,0
20,531,Open,P,"['Onion', 'Potato', 'Cotton', 'Tomato', 'Grains', 'Fruits']",Thursday,t,1,w,0.89,0
12,118,Refrigerated,P,"['Onion', 'Potato', 'Cotton', 'Tomato', 'Grains', 'Fruits']",Friday,t,15,w,0.8,0
14,104,Refrigerated,P,"['Onion', 'Potato', 'Cotton', 'Tomato', 'Grains', 'Fruits']",Friday,t,5,w,0.32,0
14,599,Open,P,"['Onion', 'Potato', 'Cotton', 'Tomato', 'Grains', 'Fruits']",Tuesday,t,1,w,0.27,0
12,184,Refrigerated,P,"['Onion', 'Potato', 'Cotton', 'Tomato', 'Grains', 'Fruits']",Monday,t,11,w,0.73,0
6,180,Open,P,"['Onion', 'Potato', 'Cotton', 'Tomato', 'Grains', 'Fruits']",Monday,t,4,w,0.84,0
16,180,Refrigerated,P,"['Onion', 'Potato', 'Cotton', 'Tomato', 'Grains', 'Fruits']",Tuesday,t,6,w,0.87,0
18,393,Open,P,"['Onion', 'Potato', 'Cotton', 'Tomato', 'Grains', 'Fruits']",Wednesday,t,6,w,0.71,0
12,500,Closed,P,"['Onion', 'Potato', 'Cotton', 'Tomato', 'Grains', 'Fruits']",Wednesday,t,3,w,0.3,1
10,141,Closed,P,"['Onion', 'Potato', 'Cotton', 'Tomato', 'Grains', 'Fruits']",Thursday,t,12,w,0.85,0
12,172,Open,P,"['Onion', 'Potato', 'Cotton', 'Tomato', 'Grains', 'Fruits']",Tuesday,t,2,w,0.49,1
12,171,Closed,P,"['Onion', 'Potato', 'Cotton', 'Tomato', 'Grains', 'Fruits']",Monday,t,11,w,0.62,0
18,521,Open,P,"['Onion', 'Potato', 'Cotton', 'Tomato', 'Grains', 'Fruits']",Tuesday,t,4,w,0.63,1
6,360,Refrigerated,P,"['Onion', 'Potato', 'Cotton', 'Tomato', 'Grains', 'Fruits']",Sunday,t,9,w,0.53,0
14,243,Refrigerated,P,"['Onion', 'Potato', 'Cotton', 'Tomato', 'Grains', 'Fruits']",Friday,t,11,w,0.43,1
12,182,Open,P,"['Onion', 'Potato', 'Cotton', 'Tomato', 'Grains', 'Fruits']",Tuesday,t,3,w,0.42,1
18,190,Refrigerated,P,"['Onion', 'Potato', 'Cotton', 'Tomato', 'Grains', 'Fruits']",Saturday,t,8,w,0.28,0
6,596,Refrigerated,P,"['Onion', 'Potato', 'Cotton', 'Tomato', 'Grains', 'Fruits']",Friday,t,13,w,0.68,0
8,439,Closed,P,"['Onion', 'Potato', 'Cotton', 'Tomato', 'Grains', 'Fruits']",Tuesday,t,7,w,0.74,1
20,241,Closed,P,"['Onion', 'Potato', 'Cotton', 'Tomato', 'Grains', 'Fruits']",Wednesday,t,7,w,0.4,0
12,129,Open,P,"['Onion', 'Potato', 'Cotton', 'Tomato', 'Grains', 'Fruits']",Sunday,t,12,w,0.48,0
20,449,Refrigerated,P,"['Onion', 'Potato', 'Cotton', 'Tomato', 'Grains', 'Fruits']",Thursday,t,14,w,0.64,0
14,393,Open,P,"['Onion', 'Potato', 'Cotton', 'Tomato', 'Grains', 'Fruits']",Tuesday,t,11,w,0.94,0
18,115,Closed,P,"['Onion', 'Potato', 'Cotton', 'Tomato', 'Grains', 'Fruits']",Wednesday,t,2,w,0.46,1
6,390,Refrigerated,P,"['Onion', 'Potato', 'Cotton', 'Tomato', 'Grains', 'Fruits']",Friday,t,10,w,0.77,0
16,440,Closed,P,"['Onion', 'Potato', 'Cotton', 'Tomato', 'Grains', 'Fruits']",Sunday,t,5,w,0.84,0
14,189,Open,P,"['Onion', 'Potato', 'Cotton', 'Tomato', 'Grains', 'Fruits']",Sunday,t,8,w,0.49,1
14,250,Open,P,"['Onion', 'Potato', 'Cotton', 'Tomato', 'Grains', 'Fruits']",Thursday,t,9,w,0.86,0
20,472,Open,P,"['Onion', 'Potato', 'Cotton', 'Tomato', 'Grains', 'Fruits']",Tuesday,t,0,w,0.6,1
16,221,Open,P,"['Onion', 'Potato', 'Cotton', 'Tomato', 'Grains', 'Fruits']",Monday,t,14,w,0.89,0
12,421,Refrigerated,P,"['Onion', 'Potato', 'Cotton', 'Tomato', 'Grains', 'Fruits']",Saturday,t,13,w,0.39,0
20,99,Open,P,"['Onion', 'Potato', 'Cotton', 'Tomato', 'Grains', 'Fruits']",Tuesday,t,0,w,0.8,0
12,505,Closed,P,"['Onion', 'Potato', 'Cotton', 'Tomato', 'Grains', 'Fruits']",Tuesday,t,12,w,0.51,1
14,113,Refrigerated,P,"['Onion', 'Potato', 'Cotton', 'Tomato', 'Grains', 'Fruits']",Sunday,t,4,w,0.9,0
16,383,Refrigerated,P,"['Onion', 'Potato', 'Cotton', 'Tomato', 'Grains', 'Fruits']",Monday,t,4,w,0.84,1
14,240,Closed,P,"['Onion', 'Potato', 'Cotton', 'Tomato', 'Grains', 'Fruits']",Saturday,t,3,w,0.22,0
8,272,Closed,P,"['Onion', 'Potato', 'Cotton', 'Tomato', 'Grains', 'Fruits']",Thursday,t,1,w,0.29,1
10,580,Closed,P,"['Onion', 'Potato', 'Cotton', 'Tomato', 'Grains', 'Fruits']",Saturday,t,5,w,0.79,0
16,268,Open,P,"['Onion', 'Potato', 'Cotton', 'Tomato', 'Grains', 'Fruits']",Tuesday,t,14,w,0.72,0
10,51,Closed,P,"['Onion', 'Potato', 'Cotton', 'Tomato', 'Grains', 'Fruits']",Sunday,t,7,w,0.37,0
16,85,Closed,P,"['Onion', 'Potato', 'Cotton', 'Tomato', 'Grains', 'Fruits']",Monday,t,14,w,0.58,0
8,567,Open,P,"['Onion', 'Potato', 'Cotton', 'Tomato', 'Grains', 'Fruits']",Thursday,t,3,w,0.57,1
12,237,Refrigerated,P,"['Onion', 'Potato', 'Cotton', 'Tomato', 'Grains', 'Fruits']",Sunday,t,13,w,0.6,0
12,382,Closed,P,"['Onion', 'Potato', 'Cotton', 'Tomato', 'Grains', 'Fruits']",Tuesday,t,6,w,0.94,1
10,570,Open,P,"['Onion', 'Potato', 'Cotton', 'Tomato', 'Grains', 'Fruits']",Sunday,t,8,w,0.46,0
10,238,Open,P,"['Onion', 'Potato', 'Cotton', 'Tomato', 'Grains', 'Fruits']",Thursday,t,12,w,0.82,0
12,430,Refrigerated,P,"['Onion', 'Potato', 'Cotton', 'Tomato', 'Grains', 'Fruits']",Thursday,t,15,w,0.25,0
14,456,Refrigerated,P,"['Onion', 'Potato', 'Cotton', 'Tomato', 'Grains', 'Fruits']",Wednesday,t,7,w,0.56,0
14,174,Refrigerated,P,"['Onion', 'Potato', 'Cotton', 'Tomato', 'Grains', 'Fruits']",Tuesday,t,2,w,0.78,0
14,458,Open,P,"['Onion', 'Potato', 'Cotton', 'Tomato', 'Grains', 'Fruits']",Saturday,t,12,w,0.44,0
16,376,Closed,P,"['Onion', 'Potato', 'Cotton', 'Tomato', 'Grains', 'Fruits']",Sunday,t,2,w,0.26,1
8,400,Closed,P,"['Onion', 'Potato', 'Cotton', 'Tomato', 'Grains', 'Fruits']",Wednesday,t,2,w,0.64,1
20,416,Open,P,"['Onion', 'Potato', 'Cotton', 'Tomato', 'Grains', 'Fruits']",Thursday,t,4,w,0.39,1
6,122,Refrigerated,P,"['Onion', 'Potato', 'Cotton', 'Tomato', 'Grains', 'Fruits']",Monday,t,2,w,0.43,1
18,463,Closed,P,"['Onion', 'Potato', 'Cotton', 'Tomato', 'Grains', 'Fruits']",Thursday,t,15,w,0.26,0
12,131,Refrigerated,P,"['Onion', 'Potato', 'Cotton', 'Tomato', 'Grains', 'Fruits']",Tuesday,t,12,w,0.55,0
20,480,Closed,P,"['Onion', 'Potato', 'Cotton', 'Tomato', 'Grains', 'Fruits']",Sunday,t,9,w,0.29,0
16,366,Open,P,"['Onion', 'Potato', 'Cotton', 'Tomato', 'Grains', 'Fruits']",Friday,t,5,w,0.29,1
8,410,Open,P,"['Onion', 'Potato', 'Cotton', 'Tomato', 'Grains', 'Fruits']",Thursday,t,8,w,0.62,0
20,57,Refrigerated,P,"['Onion', 'Potato', 'Cotton', 'Tomato', 'Grains', 'Fruits']",Monday,t,13,w,0.5,0
18,558,Closed,P,"['Onion', 'Potato', 'Cotton', 'Tomato', 'Grains', 'Fruits']",Friday,t,14,w,0.86,0
18,405,Closed,P,"['Onion', 'Potato', 'Cotton', 'Tomato', 'Grains', 'Fruits']",Wednesday,t,1,w,0.51,0
20,253,Open,P,"['Onion', 'Potato', 'Cotton', 'Tomato', 'Grains', 'Fruits']",Wednesday,t,5,w,0.53,0
16,190,Refrigerated,P,"['Onion', 'Potato', 'Cotton', 'Tomato', 'Grains', 'Fruits']",Tuesday,t,6,w,0.72,0
10,426,Closed,P,"['Onion', 'Potato', 'Cotton', 'Tomato', 'Grains', 'Fruits']",Tuesday,t,14,w,0.71,1
8,371,Refrigerated,P,"['Onion', 'Potato', 'Cotton', 'Tomato', 'Grains', 'Fruits']",Friday,t,12,w,0.89,0
14,388,Closed,P,"['Onion', 'Potato', 'Cotton', 'Tomato', 'Grains', 'Fruits']",Saturday,t,9,w,0.79,0
8,455,Refrigerated,P,"['Onion', 'Potato', 'Cotton', 'Tomato', 'Grains', 'Fruits']",Sunday,t,8,w,0.63,0
14,469,Closed,P,"['Onion', 'Potato', 'Cotton', 'Tomato', 'Grains', 'Fruits']",Friday,t,4,w,0.24,1
20,273,Refrigerated,P,"['Onion', 'Potato', 'Cotton', 'Tomato', 'Grains', 'Fruits']",Monday,t,5,w,0.93,0
20,182,Open,P,"['Onion', 'Potato', 'Cotton', 'Tomato', 'Grains', 'Fruits']",Monday,t,1,w,0.45,1
12,343,Refrigerated,P,"['Onion', 'Potato', 'Cotton', 'Tomato', 'Grains', 'Fruits']",Wednesday,t,15,w,0.84,0
6,359,Closed,P,"['Onion', 'Potato', 'Cotton', 'Tomato', 'Grains', 'Fruits']",Sunday,t,12,w,0.31,0
6,194,Refrigerated,P,"['Onion', 'Potato', 'Cotton', 'Tomato', 'Grains', 'Fruits']",Monday,t,3,w,0.75,0
16,591,Refrigerated,P,"['Onion', 'Potato', 'Cotton', 'Tomato', 'Grains', 'Fruits']",Tuesday,t,10,w,0.92,0
8,273,Open,P,"['Onion', 'Potato', 'Cotton', 'Tomato', 'Grains', 'Fruits']",Saturday,t,9,w,0.39,0
8,124,Open,P,"['Onion', 'Potato', 'Cotton', 'Tomato', 'Grains', 'Fruits']",Monday,t,9,w,0.34,0
10,84,Open,P,"['Onion', 'Potato', 'Cotton', 'Tomato', 'Grains', 'Fruits']",Wednesday,t,9,w,0.4,1
14,287,Refrigerated,P,"['Onion', 'Potato', 'Cotton', 'Tomato', 'Grains', 'Fruits']",Saturday,t,12,w,0.22,0
16,194,Refrigerated,P,"['Onion', 'Potato', 'Cotton', 'Tomato', 'Grains', 'Fruits']",Thursday,t,4,w,0.68,0
14,115,Closed,P,"['Onion', 'Potato', 'Cotton', 'Tomato', 'Grains', 'Fruits']",Tuesday,t,9,w,0.83,0
16,98,Open,P,"['Onion', 'Potato', 'Cotton', 'Tomato', 'Grains', 'Fruits']",Sunday,t,13,w,0.45,0
10,253,Open,P,"['Onion', 'Potato', 'Cotton', 'Tomato', 'Grains', 'Fruits']",Friday,t,7,w,0.3,0
8,270,Open,P,"['Onion', 'Potato', 'Cotton', 'Tomato', 'Grains', 'Fruits']",Tuesday,t,7,w,0.39,1
8,488,Closed,P,"['Onion', 'Potato', 'Cotton', 'Tomato', 'Grains', 'Fruits']",Sunday,t,14,w,0.31,0
16,305,Refrigerated,P,"['Onion', 'Potato', 'Cotton', 'Tomato', 'Grains', 'Fruits']",Tuesday,t,11,w,0.24,1
12,314,Closed,P,"['Onion', 'Potato', 'Cotton', 'Tomato', 'Grains', 'Fruits']",Tuesday,t,6,w,0.74,1
10,353,Closed,P,"['Onion', 'Potato', 'Cotton', 'Tomato', 'Grains', 'Fruits']",Sunday,t,2,w,0.74,0
10,349,Open,P,"['Onion', 'Potato', 'Cotton', 'Tomato', 'Grains', 'Fruits']",Monday,t,13,w,0.7,0
8,537,Refrigerated,P,"['Onion', 'Potato', 'Cotton', 'Tomato', 'Grains', 'Fruits']",Wednesday,t,13,w,0.67,0
10,320,Open,P,"['Onion', 'Potato', 'Cotton', 'Tomato', 'Grains', 'Fruits']",Wednesday,t,14,w,0.79,0
8,234,Open,P,"['Onion', 'Potato', 'Cotton', 'Tomato', 'Grains', 'Fruits']",Friday,t,10,w,0.5,0
10,303,Closed,P,"['Onion', 'Potato', 'Cotton', 'Tomato', 'Grains', 'Fruits']",Saturday,t,14,w,0.8,0
6,172,Refrigerated,P,"['Onion', 'Potato', 'Cotton', 'Tomato', 'Grains', 'Fruits']",Friday,t,7,w,0.94,0
6,125,Closed,P,"['Onion', 'Potato', 'Cotton', 'Tomato', 'Grains', 'Fruits']",Sunday,t,9,w,0.8,0
16,156,Refrigerated,P,"['Onion', 'Potato', 'Cotton', 'Tomato', 'Grains', 'Fruits']",Saturday,t,5,w,0.75,1
8,226,Open,P,"['Onion', 'Potato', 'Cotton', 'Tomato', 'Grains', 'Fruits']",Thursday,t,8,w,0.37,1
16,346,Open,P,"['Onion', 'Potato', 'Cotton', 'Tomato', 'Grains', 'Fruits']",Monday,t,5,w,0.71,1
18,246,Open,P,"['Onion', 'Potato', 'Cotton', 'Tomato', 'Grains', 'Fruits']",Saturday,t,6,w,0.42,0
6,362,Refrigerated,P,"['Onion', 'Potato', 'Cotton', 'Tomato', 'Grains', 'Fruits']",Friday,t,0,w,0.55,1
16,436,Refrigerated,P,"['Onion', 'Potato', 'Cotton', 'Tomato', 'Grains', 'Fruits']",Monday,t,6,w,0.57,0
18,487,Refrigerated,P,"['Onion', 'Potato', 'Cotton', 'Tomato', 'Grains', 'Fruits']",Tuesday,t,13,w,0.4,0
16,224,Open,P,"['Onion', 'Potato', 'Cotton', 'Tomato', 'Grains', 'Fruits']",Friday,t,0,w,0.26,1
10,187,Open,P,"['Onion', 'Potato', 'Cotton', 'Tomato', 'Grains', 'Fruits']",Friday,t,4,w,0.29,0
18,273,Open,P,"['Onion', 'Potato', 'Cotton', 'Tomato', 'Grains', 'Fruits']",Friday,t,10,w,0.37,0
10,468,Open,P,"['Onion', 'Potato', 'Cotton', 'Tomato', 'Grains', 'Fruits']",Saturday,t,1,w,0.48,1
6,397,Open,P,"['Onion', 'Potato', 'Cotton', 'Tomato', 'Grains', 'Fruits']",Tuesday,t,7,w,0.23,0
12,210,Open,P,"['Onion', 'Potato', 'Cotton', 'Tomato', 'Grains', 'Fruits']",Tuesday,t,3,w,0.79,0
8,431,Refrigerated,P,"['Onion', 'Potato', 'Cotton', 'Tomato', 'Grains', 'Fruits']",Sunday,t,13,w,0.94,1
8,593,Closed,P,"['Onion', 'Potato', 'Cotton', 'Tomato', 'Grains', 'Fruits']",Friday,t,12,w,0.94,0
6,93,Closed,P,"['Onion', 'Potato', 'Cotton', 'Tomato', 'Grains', 'Fruits']",Friday,t,14,w,0.38,1
18,461,Closed,P,"['Onion', 'Potato', 'Cotton', 'Tomato', 'Grains', 'Fruits']",Saturday,t,3,w,0.74,0
8,194,Refrigerated,P,"['Onion', 'Potato', 'Cotton', 'Tomato', 'Grains', 'Fruits']",Sunday,t,5,w,0.34,0
6,341,Open,P,"['Onion', 'Potato', 'Cotton', 'Tomato', 'Grains', 'Fruits']",Friday,t,3,w,0.75,0
8,142,Closed,P,"['Onion', 'Potato', 'Cotton', 'Tomato', 'Grains', 'Fruits']",Tuesday,t,8,w,0.69,0
6,108,Open,P,"['Onion', 'Potato', 'Cotton', 'Tomato', 'Grains', 'Fruits']",Thursday,t,0,w,0.73,1
12,215,Refrigerated,P,"['Onion', 'Potato', 'Cotton', 'Tomato', 'Grains', 'Fruits']",Tuesday,t,6,w,0.2,1
10,326,Open,P,"['Onion', 'Potato', 'Cotton', 'Tomato', 'Grains', 'Fruits']",Friday,t,11,w,0.89,0
6,111,Closed,P,"['Onion', 'Potato', 'Cotton', 'Tomato', 'Grains', 'Fruits']",Friday,t,5,w,0.77,0
10,261,Refrigerated,P,"['Onion', 'Potato', 'Cotton', 'Tomato', 'Grains', 'Fruits']",Saturday,t,6,w,0.51,0
8,462,Open,P,"['Onion', 'Potato', 'Cotton', 'Tomato', 'Grains', 'Fruits']",Thursday,t,7,w,0.61,1
8,244,Open,P,"['Onion', 'Potato', 'Cotton', 'Tomato', 'Grains', 'Fruits']",Tuesday,t,4,w,0.7,0
12,407,Open,P,"['Onion', 'Potato', 'Cotton', 'Tomato', 'Grains', 'Fruits']",Saturday,t,15,w,0.73,0
6,465,Closed,P,"['Onion', 'Potato', 'Cotton', 'Tomato', 'Grains', 'Fruits']",Thursday,t,1,w,0.77,0
10,56,Refrigerated,P,"['Onion', 'Potato', 'Cotton', 'Tomato', 'Grains', 'Fruits']",Sunday,t,7,w,0.67,0
18,169,Closed,P,"['Onion', 'Potato', 'Cotton', 'Tomato', 'Grains', 'Fruits']",Wednesday,t,7,w,0.46,0
6,204,Refrigerated,P,"['Onion', 'Potato', 'Cotton', 'Tomato', 'Grains', 'Fruits']",Thursday,t,12,w,0.77,0
8,191,Closed,P,"['Onion', 'Potato', 'Cotton', 'Tomato', 'Grains', 'Fruits']",Tuesday,t,5,w,0.44,0
6,505,Refrigerated,P,"['Onion', 'Potato', 'Cotton', 'Tomato', 'Grains', 'Fruits']",Tuesday,t,14,w,0.67,0
18,361,Open,P,"['Onion', 'Potato', 'Cotton', 'Tomato', 'Grains', 'Fruits']",Friday,t,15,w,0.62,0
14,559,Closed,P,"['Onion', 'Potato', 'Cotton', 'Tomato', 'Grains', 'Fruits']",Saturday,t,12,w,0.26,0
14,165,Closed,P,"['Onion', 'Potato', 'Cotton', 'Tomato', 'Grains', 'Fruits']",Tuesday,t,14,w,0.35,0
8,439,Closed,P,"['Onion', 'Potato', 'Cotton', 'Tomato', 'Grains', 'Fruits']",Wednesday,t,10,w,0.79,0
18,60,Closed,P,"['Onion', 'Potato', 'Cotton', 'Tomato', 'Grains', 'Fruits']",Monday,t,5,w,0.3,1
14,112,Open,P,"['Onion', 'Potato', 'Cotton', 'Tomato', 'Grains', 'Fruits']",Wednesday,t,11,w,0.78,0
12,92,Closed,P,"['Onion', 'Potato', 'Cotton', 'Tomato', 'Grains', 'Fruits']",Wednesday,t,15,w,0.83,1
16,475,Open,P,"['Onion', 'Potato', 'Cotton', 'Tomato', 'Grains', 'Fruits']",Tuesday,t,11,w,0.24,0
18,462,Open,P,"['Onion', 'Potato', 'Cotton', 'Tomato', 'Grains', 'Fruits']",Saturday,t,0,w,0.49,1
12,498,Refrigerated,P,"['Onion', 'Potato', 'Cotton', 'Tomato', 'Grains', 'Fruits']",Thursday,t,1,w,0.89,1
20,215,Closed,P,"['Onion', 'Potato', 'Cotton', 'Tomato', 'Grains', 'Fruits']",Monday,t,6,w,0.48,1
14,352,Closed,P,"['Onion', 'Potato', 'Cotton', 'Tomato', 'Grains', 'Fruits']",Tuesday,t,12,w,0.41,0
18,433,Open,P,"['Onion', 'Potato', 'Cotton', 'Tomato', 'Grains', 'Fruits']",Monday,t,4,w,0.29,1
18,539,Open,P,"['Onion', 'Potato', 'Cotton', 'Tomato', 'Grains', 'Fruits']",Thursday,t,5,w,0.29,1
14,500,Open,P,"['Onion', 'Potato', 'Cotton', 'Tomato', 'Grains', 'Fruits']",Thursday,t,15,w,0.43,0
16,278,Refrigerated,P,"['Onion', 'Potato', 'Cotton', 'Tomato', 'Grains', 'Fruits']",Wednesday,t,3,w,0.6,0
8,190,Closed,P,"['Onion', 'Potato', 'Cotton', 'Tomato', 'Grains', 'Fruits']",Saturday,t,6,w,0.32,0
6,53,Refrigerated,P,"['Onion', 'Potato', 'Cotton', 'Tomato', 'Grains', 'Fruits']",Thursday,t,5,w,0.9,0
20,292,Refrigerated,P,"['Onion', 'Potato', 'Cotton', 'Tomato', 'Grains', 'Fruits']",Saturday,t,15,w,0.52,0
12,404,Refrigerated,P,"['Onion', 'Potato', 'Cotton', 'Tomato', 'Grains', 'Fruits']",Saturday,t,10,w,0.34,1
16,193,Refrigerated,P,"['Onion', 'Potato', 'Cotton', 'Tomato', 'Grains', 'Fruits']",Monday,t,3,w,0.57,0
6,394,Open,P,"['Onion', 'Potato', 'Cotton', 'Tomato', 'Grains', 'Fruits']",Wednesday,t,2,w,0.54,1
16,269,Closed,P,"['Onion', 'Potato', 'Cotton', 'Tomato', 'Grains', 'Fruits']",Wednesday,t,9,w,0.82,1
14,520,Open,P,"['Onion', 'Potato', 'Cotton', 'Tomato', 'Grains', 'Fruits']",Wednesday,t,1,w,0.37,1
12,177,Refrigerated,P,"['Onion', 'Potato', 'Cotton', 'Tomato', 'Grains', 'Fruits']",Thursday,t,2,w,0.38,0
10,487,Open,P,"['Onion', 'Potato', 'Cotton', 'Tomato', 'Grains', 'Fruits']",Friday,t,2,w,0.8,1
6,342,Refrigerated,P,"['Onion', 'Potato', 'Cotton', 'Tomato', 'Grains', 'Fruits']",Tuesday,t,2,w,0.34,1
16,267,Closed,P,"['Onion', 'Potato', 'Cotton', 'Tomato', 'Grains', 'Fruits']",Thursday,t,3,w,0.47,1
14,440,Closed,P,"['Onion', 'Potato', 'Cotton', 'Tomato', 'Grains', 'Fruits']",Saturday,t,14,w,0.9,0
8,367,Open,P,"['Onion', 'Potato', 'Cotton', 'Tomato', 'Grains', 'Fruits']",Sunday,t,4,w,0.87,0
16,103,Refrigerated,P,"['Onion', 'Potato', 'Cotton', 'Tomato', 'Grains', 'Fruits']",Saturday,t,3,w,0.6,0
6,594,Open,P,"['Onion', 'Potato', 'Cotton', 'Tomato', 'Grains', 'Fruits']",Tuesday,t,2,w,0.7,1
14,449,Closed,P,"['Onion', 'Potato', 'Cotton', 'Tomato', 'Grains', 'Fruits']",Friday,t,11,w,0.33,1
20,386,Refrigerated,P,"['Onion', 'Potato', 'Cotton', 'Tomato', 'Grains', 'Fruits']",Sunday,t,3,w,0.33,0
20,125,Open,P,"['Onion', 'Potato', 'Cotton', 'Tomato', 'Grains', 'Fruits']",Friday,t,14,w,0.55,0
14,318,Closed,P,"['Onion', 'Potato', 'Cotton', 'Tomato', 'Grains', 'Fruits']",Sunday,t,6,w,0.57,0
18,585,Open,P,"['Onion', 'Potato', 'Cotton', 'Tomato', 'Grains', 'Fruits']",Tuesday,t,0,w,0.6,1
8,133,Refrigerated,P,"['Onion', 'Potato', 'Cotton', 'Tomato', 'Grains', 'Fruits']",Friday,t,2,w,0.91,1
6,220,Open,P,"['Onion', 'Potato', 'Cotton', 'Tomato', 'Grains', 'Fruits']",Thursday,t,11,w,0.31,0
12,276,Closed,P,"['Onion', 'Potato', 'Cotton', 'Tomato', 'Grains', 'Fruits']",Saturday,t,0,w,0.92,0
16,249,Open,P,"['Onion', 'Potato', 'Cotton', 'Tomato', 'Grains', 'Fruits']",Monday,t,3,w,0.79,0
10,535,Closed,P,"['Onion', 'Potato', 'Cotton', 'Tomato', 'Grains', 'Fruits']",Saturday,t,11,w,0.38,0
16,597,Open,P,"['Onion', 'Potato', 'Cotton', 'Tomato', 'Grains', 'Fruits']",Monday,t,10,w,0.86,0
12,460,Open,P,"['Onion', 'Potato', 'Cotton', 'Tomato', 'Grains', 'Fruits']",Saturday,t,6,w,0.77,0
12,407,Refrigerated,P,"['Onion', 'Potato', 'Cotton', 'Tomato', 'Grains', 'Fruits']",Friday,t,6,w,0.38,0
16,379,Closed,P,"['Onion', 'Potato', 'Cotton', 'Tomato', 'Grains', 'Fruits']",Wednesday,t,14,w,0.26,0
18,295,Refrigerated,P,"['Onion', 'Potato', 'Cotton', 'Tomato', 'Grains', 'Fruits']",Friday,t,11,w,0.79,0
12,452,Refrigerated,P,"['Onion', 'Potato', 'Cotton', 'Tomato', 'Grains', 'Fruits']",Saturday,t,7,w,0.56,0
18,437,Closed,P,"['Onion', 'Potato', 'Cotton', 'Tomato', 'Grains', 'Fruits']",Wednesday,t,9,w,0.59,1
8,472,Open,P,"['Onion', 'Potato', 'Cotton', 'Tomato', 'Grains', 'Fruits']",Monday,t,10,w,0.45,0
14,469,Closed,P,"['Onion', 'Potato', 'Cotton', 'Tomato', 'Grains', 'Fruits']",Wednesday,t,1,w,0.7,1
12,58,Closed,P,"['Onion', 'Potato', 'Cotton', 'Tomato', 'Grains', 'Fruits']",Thursday,t,6,w,0.3,0
14,315,Refrigerated,P,"['Onion', 'Potato', 'Cotton', 'Tomato', 'Grains', 'Fruits']",Thursday,t,7,w,0.8,0
6,478,Closed,P,"['Onion', 'Potato', 'Cotton', 'Tomato', 'Grains', 'Fruits']",Wednesday,t,5,w,0.58,1
20,326,Closed,P,"['Onion', 'Potato', 'Cotton', 'Tomato', 'Grains', 'Fruits']",Monday,t,10,w,0.3,0
12,71,Refrigerated,P,"['Onion', 'Potato', 'Cotton', 'Tomato', 'Grains', 'Fruits']",Sunday,t,3,w,0.83,0
6,257,Closed,P,"['Onion', 'Potato', 'Cotton', 'Tomato', 'Grains', 'Fruits']",Friday,t,15,w,0.61,0
12,289,Open,P,"['Onion', 'Potato', 'Cotton', 'Tomato', 'Grains', 'Fruits']",Wednesday,t,14,w,0.82,0
6,165,Closed,P,"['Onion', 'Potato', 'Cotton', 'Tomato', 'Grains', 'Fruits']",Friday,t,0,w,0.61,1
10,90,Closed,P,"['Onion', 'Potato', 'Cotton', 'Tomato', 'Grains', 'Fruits']",Saturday,t,7,w,0.66,0
20,187,Open,P,"['Onion', 'Potato', 'Cotton', 'Tomato', 'Grains', 'Fruits']",Sunday,t,2,w,0.24,1
14,152,Refrigerated,P,"['Onion', 'Potato', 'Cotton', 'Tomato', 'Grains', 'Fruits']",Tuesday,t,11,w,0.83,1
20,366,Open,P,"['Onion', 'Potato', 'Cotton', 'Tomato', 'Grains', 'Fruits']",Tuesday,t,14,w,0.64,0
18,311,Refrigerated,P,"['Onion', 'Potato', 'Cotton', 'Tomato', 'Grains', 'Fruits']",Tuesday,t,5,w,0.26,1
10,239,Closed,P,"['Onion', 'Potato', 'Cotton', 'Tomato', 'Grains', 'Fruits']",Wednesday,t,5,w,0.27,0
6,247,Closed,P,"['Onion', 'Potato', 'Cotton', 'Tomato', 'Grains', 'Fruits']",Friday,t,3,w,0.36,1
18,509,Refrigerated,P,"['Onion', 'Potato', 'Cotton', 'Tomato', 'Grains', 'Fruits']",Monday,t,1,w,0.65,1
18,188,Open,P,"['Onion', 'Potato', 'Cotton', 'Tomato', 'Grains', 'Fruits']",Tuesday,t,0,w,0.45,1
6,148,Closed,P,"['Onion', 'Potato', 'Cotton', 'Tomato', 'Grains', 'Fruits']",Tuesday,t,0,w,0.8,0
12,85,Refrigerated,P,"['Onion', 'Potato', 'Cotton', 'Tomato', 'Grains', 'Fruits']",Tuesday,t,2,w,0.35,1
20,127,Refrigerated,P,"['Onion', 'Potato', 'Cotton', 'Tomato', 'Grains', 'Fruits']",Thursday,t,5,w,0.22,1
14,467,Open,P,"['Onion', 'Potato', 'Cotton', 'Tomato', 'Grains', 'Fruits']",Monday,t,2,w,0.83,1
18,105,Open,P,"['Onion', 'Potato', 'Cotton', 'Tomato', 'Grains', 'Fruits']",Sunday,t,9,w,0.34,0
6,197,Closed,P,"['Onion', 'Potato', 'Cotton', 'Tomato', 'Grains', 'Fruits']",Tuesday,t,2,w,0.92,0
6,328,Closed,P,"['Onion', 'Potato', 'Cotton', 'Tomato', 'Grains', 'Fruits']",Sunday,t,5,w,0.66,1
16,373,Open,P,"['Onion', 'Potato', 'Cotton', 'Tomato', 'Grains', 'Fruits']",Tuesday,t,13,w,0.69,0
6,187,Closed,P,"['Onion', 'Potato', 'Cotton', 'Tomato', 'Grains', 'Fruits']",Sunday,t,11,w,0.49,1
8,377,Refrigerated,P,"['Onion', 'Potato', 'Cotton', 'Tomato', 'Grains', 'Fruits']",Tuesday,t,12,w,0.75,0
14,540,Refrigerated,P,"['Onion', 'Potato', 'Cotton', 'Tomato', 'Grains', 'Fruits']",Sunday,t,4,w,0.55,0
14,369,Closed,P,"['Onion', 'Potato', 'Cotton', 'Tomato', 'Grains', 'Fruits']",Monday,t,14,w,0.93,1
14,183,Open,P,"['Onion', 'Potato', 'Cotton', 'Tomato', 'Grains', 'Fruits']",Wednesday,t,1,w,0.63,1
12,452,Refrigerated,P,"['Onion', 'Potato', 'Cotton', 'Tomato', 'Grains', 'Fruits']",Sunday,t,10,w,0.41,0
20,90,Refrigerated,P,"['Onion', 'Potato', 'Cotton', 'Tomato', 'Grains', 'Fruits']",Monday,t,13,w,0.41,0
6,222,Open,P,"['Onion', 'Potato', 'Cotton', 'Tomato', 'Grains', 'Fruits']",Tuesday,t,4,w,0.47,0
12,52,Open,P,"['Onion', 'Potato', 'Cotton', 'Tomato', 'Grains', 'Fruits']",Monday,t,7,w,0.76,0
8,54,Open,P,"['Onion', 'Potato', 'Cotton', 'Tomato', 'Grains', 'Fruits']",Monday,t,3,w,0.8,0
8,443,Refrigerated,P,"['Onion', 'Potato', 'Cotton', 'Tomato', 'Grains', 'Fruits']",Sunday,t,4,w,0.35,0
20,95,Closed,P,"['Onion', 'Potato', 'Cotton', 'Tomato', 'Grains', 'Fruits']",Friday,t,9,w,0.91,0
20,314,Closed,P,"['Onion', 'Potato', 'Cotton', 'Tomato', 'Grains', 'Fruits']",Monday,t,0,w,0.71,1
8,300,Closed,P,"['Onion', 'Potato', 'Cotton', 'Tomato', 'Grains', 'Fruits']",Monday,t,10,w,0.7,0
14,387,Refrigerated,P,"['Onion', 'Potato', 'Cotton', 'Tomato', 'Grains', 'Fruits']",Sunday,t,4,w,0.34,0
6,120,Closed,P,"['Onion', 'Potato', 'Cotton', 'Tomato', 'Grains', 'Fruits']",Wednesday,t,8,w,0.51,0
14,340,Refrigerated,P,"['Onion', 'Potato', 'Cotton', 'Tomato', 'Grains', 'Fruits']",Sunday,t,13,w,0.31,1
10,323,Refrigerated,P,"['Onion', 'Potato', 'Cotton', 'Tomato', 'Grains', 'Fruits']",Sunday,t,2,w,0.89,1
14,51,Open,P,"['Onion', 'Potato', 'Cotton', 'Tomato', 'Grains', 'Fruits']",Tuesday,t,11,w,0.57,0
20,282,Closed,P,"['Onion', 'Potato', 'Cotton', 'Tomato', 'Grains', 'Fruits']",Thursday,t,5,w,0.46,1
8,213,Refrigerated,P,"['Onion', 'Potato', 'Cotton', 'Tomato', 'Grains', 'Fruits']",Sunday,t,10,w,0.61,0
10,385,Closed,P,"['Onion', 'Potato', 'Cotton', 'Tomato', 'Grains', 'Fruits']",Wednesday,t,3,w,0.25,1
14,486,Closed,P,"['Onion', 'Potato', 'Cotton', 'Tomato', 'Grains', 'Fruits']",Monday,t,4,w,0.59,1
10,255,Open,P,"['Onion', 'Potato', 'Cotton', 'Tomato', 'Grains', 'Fruits']",Monday,t,2,w,0.22,0
16,61,Closed,P,"['Onion', 'Potato', 'Cotton', 'Tomato', 'Grains', 'Fruits']",Thursday,t,7,w,0.43,0
14,231,Open,P,"['Onion', 'Potato', 'Cotton', 'Tomato', 'Grains', 'Fruits']",Thursday,t,9,w,0.82,0
16,292,Open,P,"['Onion', 'Potato', 'Cotton', 'Tomato', 'Grains', 'Fruits']",Thursday,t,9,w,0.83,0
18,135,Closed,P,"['Onion', 'Potato', 'Cotton', 'Tomato', 'Grains', 'Fruits']",Friday,t,5,w,0.77,1
20,237,Closed,P,"['Onion', 'Potato', 'Cotton', 'Tomato', 'Grains', 'Fruits']",Monday,t,13,w,0.9,0
10,183,Closed,P,"['Onion', 'Potato', 'Cotton', 'Tomato', 'Grains', 'Fruits']",Friday,t,13,w,0.58,0
14,534,Closed,P,"['Onion', 'Potato', 'Cotton', 'Tomato', 'Grains', 'Fruits']",Saturday,t,1,w,0.47,0
8,572,Closed,P,"['Onion', 'Potato', 'Cotton', 'Tomato', 'Grains', 'Fruits']",Wednesday,t,4,w,0.43,1
6,364,Refrigerated,P,"['Onion', 'Potato', 'Cotton', 'Tomato', 'Grains', 'Fruits']",Saturday,t,4,w,0.31,0
14,414,Open,P,"['Onion', 'Potato', 'Cotton', 'Tomato', 'Grains', 'Fruits']",Wednesday,t,0,w,0.69,1
8,176,Open,P,"['Onion', 'Potato', 'Cotton', 'Tomato', 'Grains', 'Fruits']",Sunday,t,2,w,0.55,0
12,364,Open,P,"['Onion', 'Potato', 'Cotton', 'Tomato', 'Grains', 'Fruits']",Saturday,t,5,w,0.6,0
6,464,Closed,P,"['Onion', 'Potato', 'Cotton', 'Tomato', 'Grains', 'Fruits']",Sunday,t,11,w,0.81,1
10,429,Closed,P,"['Onion', 'Potato', 'Cotton', 'Tomato', 'Grains', 'Fruits']",Saturday,t,2,w,0.39,1
6,368,Refrigerated,P,"['Onion', 'Potato', 'Cotton', 'Tomato', 'Grains', 'Fruits']",Monday,t,15,w,0.28,0
18,104,Open,P,"['Onion', 'Potato', 'Cotton', 'Tomato', 'Grains', 'Fruits']",Tuesday,t,6,w,0.65,0
6,132,Open,P,"['Onion', 'Potato', 'Cotton', 'Tomato', 'Grains', 'Fruits']",Monday,t,6,w,0.89,1
8,558,Refrigerated,P,"['Onion', 'Potato', 'Cotton', 'Tomato', 'Grains', 'Fruits']",Friday,t,13,w,0.79,0
18,209,Closed,P,"['Onion', 'Potato', 'Cotton', 'Tomato', 'Grains', 'Fruits']",Saturday,t,3,w,0.83,0
16,423,Open,P,"['Onion', 'Potato', 'Cotton', 'Tomato', 'Grains', 'Fruits']",Monday,t,14,w,0.37,0
6,533,Open,P,"['Onion', 'Potato', 'Cotton', 'Tomato', 'Grains', 'Fruits']",Friday,t,15,w,0.78,1
12,529,Open,P,"['Onion', 'Potato', 'Cotton', 'Tomato', 'Grains', 'Fruits']",Monday,t,0,w,0.78,0
10,257,Refrigerated,P,"['Onion', 'Potato', 'Cotton', 'Tomato', 'Grains', 'Fruits']",Wednesday,t,15,w,0.6,0
6,508,Closed,P,"['Onion', 'Potato', 'Cotton', 'Tomato', 'Grains', 'Fruits']",Monday,t,9,w,0.71,0
16,526,Refrigerated,P,"['Onion', 'Potato', 'Cotton', 'Tomato', 'Grains', 'Fruits']",Monday,t,8,w,0.35,1
18,240,Open,P,"['Onion', 'Potato', 'Cotton', 'Tomato', 'Grains', 'Fruits']",Thursday,t,12,w,0.61,0
20,70,Closed,P,"['Onion', 'Potato', 'Cotton', 'Tomato', 'Grains', 'Fruits']",Saturday,t,2,w,0.66,0
16,195,Open,P,"['Onion', 'Potato', 'Cotton', 'Tomato', 'Grains', 'Fruits']",Monday,t,13,w,0.82,1
6,272,Open,P,"['Onion', 'Potato', 'Cotton', 'Tomato', 'Grains', 'Fruits']",Monday,t,5,w,0.84,0
12,190,Closed,P,"['Onion', 'Potato', 'Cotton', 'Tomato', 'Grains', 'Fruits']",Friday,t,7,w,0.21,0
8,65,Closed,P,"['Onion', 'Potato', 'Cotton', 'Tomato', 'Grains', 'Fruits']",Monday,t,3,w,0.88,0
18,347,Closed,P,"['Onion', 'Potato', 'Cotton', 'Tomato', 'Grains', 'Fruits']",Tuesday,t,7,w,0.61,0
8,332,Closed,P,"['Onion', 'Potato', 'Cotton', 'Tomato', 'Grains', 'Fruits']",Wednesday,t,15,w,0.84,0
16,378,Refrigerated,P,"['Onion', 'Potato', 'Cotton', 'Tomato', 'Grains', 'Fruits']",Tuesday,t,14,w,0.45,0
16,559,Refrigerated,P,"['Onion', 'Potato', 'Cotton', 'Tomato', 'Grains', 'Fruits']",Wednesday,t,8,w,0.48,1
20,214,Open,P,"['Onion', 'Potato', 'Cotton', 'Tomato', 'Grains', 'Fruits']",Monday,t,9,w,0.53,0
14,482,Closed,P,"['Onion', 'Potato', 'Cotton', 'Tomato', 'Grains', 'Fruits']",Tuesday,t,11,w,0.53,1
20,175,Closed,P,"['Onion', 'Potato', 'Cotton', 'Tomato', 'Grains', 'Fruits']",Sunday,t,15,w,0.56,1
20,375,Closed,P,"['Onion', 'Potato', 'Cotton', 'Tomato', 'Grains', 'Fruits']",Friday,t,5,w,0.42,1
16,520,Refrigerated,P,"['Onion', 'Potato', 'Cotton', 'Tomato', 'Grains', 'Fruits']",Thursday,t,5,w,0.45,1
18,201,Closed,P,"['Onion', 'Potato', 'Cotton', 'Tomato', 'Grains', 'Fruits']",Friday,t,1,w,0.51,1
18,261,Open,P,"['Onion', 'Potato', 'Cotton', 'Tomato', 'Grains', 'Fruits']",Monday,t,10,w,0.74,0
18,191,Closed,P,"['Onion', 'Potato', 'Cotton', 'Tomato', 'Grains', 'Fruits']",Tuesday,t,15,w,0.5,1
14,579,Refrigerated,P,"['Onion', 'Potato', 'Cotton', 'Tomato', 'Grains', 'Fruits']",Friday,t,5,w,0.72,0
14,56,Closed,P,"['Onion', 'Potato', 'Cotton', 'Tomato', 'Grains', 'Fruits']",Saturday,t,15,w,0.63,0
16,510,Closed,P,"['Onion', 'Potato', 'Cotton', 'Tomato', 'Grains', 'Fruits']",Sunday,t,10,w,0.71,0
6,535,Refrigerated,P,"['Onion', 'Potato', 'Cotton', 'Tomato', 'Grains', 'Fruits']",Thursday,t,11,w,0.32,0
6,297,Refrigerated,P,"['Onion', 'Potato', 'Cotton', 'Tomato', 'Grains', 'Fruits']",Tuesday,t,15,w,0.85,1
12,234,Open,P,"['Onion', 'Potato', 'Cotton', 'Tomato', 'Grains', 'Fruits']",Tuesday,t,15,w,0.28,0
16,551,Closed,P,"['Onion', 'Potato', 'Cotton', 'Tomato', 'Grains', 'Fruits']",Thursday,t,13,w,0.24,0
16,166,Closed,P,"['Onion', 'Potato', 'Cotton', 'Tomato', 'Grains', 'Fruits']",Sunday,t,7,w,0.48,0
6,262,Refrigerated,P,"['Onion', 'Potato', 'Cotton', 'Tomato', 'Grains', 'Fruits']",Tuesday,t,5,w,0.95,0
6,147,Closed,P,"['Onion', 'Potato', 'Cotton', 'Tomato', 'Grains', 'Fruits']",Saturday,t,8,w,0.82,0
8,511,Closed,P,"['Onion', 'Potato', 'Cotton', 'Tomato', 'Grains', 'Fruits']",Tuesday,t,12,w,0.53,0
6,83,Closed,P,"['Onion', 'Potato', 'Cotton', 'Tomato', 'Grains', 'Fruits']",Tuesday,t,13,w,0.34,1
12,165,Closed,P,"['Onion', 'Potato', 'Cotton', 'Tomato', 'Grains', 'Fruits']",Friday,t,14,w,0.93,1
12,83,Refrigerated,P,"['Onion', 'Potato', 'Cotton', 'Tomato', 'Grains', 'Fruits']",Sunday,t,8,w,0.32,0
16,161,Refrigerated,P,"['Onion', 'Potato', 'Cotton', 'Tomato', 'Grains', 'Fruits']",Saturday,t,4,w,0.73,0
8,213,Refrigerated,P,"['Onion', 'Potato', 'Cotton', 'Tomato', 'Grains', 'Fruits']",Sunday,t,7,w,0.69,0
18,110,Open,P,"['Onion', 'Potato', 'Cotton', 'Tomato', 'Grains', 'Fruits']",Saturday,t,14,w,0.68,0
10,361,Closed,P,"['Onion', 'Potato', 'Cotton', 'Tomato', 'Grains', 'Fruits']",Friday,t,8,w,0.22,0
18,358,Open,P,"['Onion', 'Potato', 'Cotton', 'Tomato', 'Grains', 'Fruits']",Saturday,t,11,w,0.83,1
6,155,Refrigerated,P,"['Onion', 'Potato', 'Cotton', 'Tomato', 'Grains', 'Fruits']",Friday,t,5,w,0.78,0
14,293,Refrigerated,P,"['Onion', 'Potato', 'Cotton', 'Tomato', 'Grains', 'Fruits']",Wednesday,t,1,w,0.33,0
12,261,Open,P,"['Onion', 'Potato', 'Cotton', 'Tomato', 'Grains', 'Fruits']",Tuesday,t,11,w,0.23,0
16,402,Open,P,"['Onion', 'Potato', 'Cotton', 'Tomato', 'Grains', 'Fruits']",Friday,t,10,w,0.45,0
12,464,Refrigerated,P,"['Onion', 'Potato', 'Cotton', 'Tomato', 'Grains', 'Fruits']",Saturday,t,6,w,0.34,0
18,217,Refrigerated,P,"['Onion', 'Potato', 'Cotton', 'Tomato', 'Grains', 'Fruits']",Tuesday,t,0,w,0.62,0
12,175,Open,P,"['Onion', 'Potato', 'Cotton', 'Tomato', 'Grains', 'Fruits']",Sunday,t,2,w,0.86,0
18,370,Refrigerated,P,"['Onion', 'Potato', 'Cotton', 'Tomato', 'Grains', 'Fruits']",Monday,t,4,w,0.93,1
20,366,Refrigerated,P,"['Onion', 'Potato', 'Cotton', 'Tomato', 'Grains', 'Fruits']",Wednesday,t,2,w,0.49,0
8,258,Closed,P,"['Onion', 'Potato', 'Cotton', 'Tomato', 'Grains', 'Fruits']",Friday,t,4,w,0.5,1
20,431,Open,P,"['Onion', 'Potato', 'Cotton', 'Tomato', 'Grains', 'Fruits']",Tuesday,t,8,w,0.44,0
18,307,Closed,P,"['Onion', 'Potato', 'Cotton', 'Tomato', 'Grains', 'Fruits']",Tuesday,t,13,w,0.54,1
10,595,Closed,P,"['Onion', 'Potato', 'Cotton', 'Tomato', 'Grains', 'Fruits']",Sunday,t,8,w,0.34,1
12,389,Closed,P,"['Onion', 'Potato', 'Cotton', 'Tomato', 'Grains', 'Fruits']",Wednesday,t,8,w,0.74,0
8,356,Open,P,"['Onion', 'Potato', 'Cotton', 'Tomato', 'Grains', 'Fruits']",Friday,t,15,w,0.68,0
10,433,Refrigerated,P,"['Onion', 'Potato', 'Cotton', 'Tomato', 'Grains', 'Fruits']",Sunday,t,4,w,0.58,0
16,162,Refrigerated,P,"['Onion', 'Potato', 'Cotton', 'Tomato', 'Grains', 'Fruits']",Saturday,t,9,w,0.57,0
12,263,Open,P,"['Onion', 'Potato', 'Cotton', 'Tomato', 'Grains', 'Fruits']",Friday,t,11,w,0.47,1
16,528,Refrigerated,P,"['Onion', 'Potato', 'Cotton', 'Tomato', 'Grains', 'Fruits']",Thursday,t,1,w,0.68,1
12,225,Closed,P,"['Onion', 'Potato', 'Cotton', 'Tomato', 'Grains', 'Fruits']",Saturday,t,4,w,0.79,0
18,543,Open,P,"['Onion', 'Potato', 'Cotton', 'Tomato', 'Grains', 'Fruits']",Wednesday,t,6,w,0.75,0
10,212,Open,P,"['Onion', 'Potato', 'Cotton', 'Tomato', 'Grains', 'Fruits']",Sunday,t,0,w,0.6,0
18,222,Closed,P,"['Onion', 'Potato', 'Cotton', 'Tomato', 'Grains', 'Fruits']",Tuesday,t,6,w,0.86,1
10,216,Open,P,"['Onion', 'Potato', 'Cotton', 'Tomato', 'Grains', 'Fruits']",Monday,t,5,w,0.79,0
18,224,Refrigerated,P,"['Onion', 'Potato', 'Cotton', 'Tomato', 'Grains', 'Fruits']",Monday,t,13,w,0.2,0
6,419,Closed,P,"['Onion', 'Potato', 'Cotton', 'Tomato', 'Grains', 'Fruits']",Tuesday,t,15,w,0.69,0
8,101,Refrigerated,P,"['Onion', 'Potato', 'Cotton', 'Tomato', 'Grains', 'Fruits']",Friday,t,7,w,0.77,0
10,355,Closed,P,"['Onion', 'Potato', 'Cotton', 'Tomato', 'Grains', 'Fruits']",Monday,t,12,w,0.72,1
10,522,Closed,P,"['Onion', 'Potato', 'Cotton', 'Tomato', 'Grains', 'Fruits']",Wednesday,t,8,w,0.28,1
6,535,Closed,P,"['Onion', 'Potato', 'Cotton', 'Tomato', 'Grains', 'Fruits']",Thursday,t,6,w,0.21,1
10,254,Closed,P,"['Onion', 'Potato', 'Cotton', 'Tomato', 'Grains', 'Fruits']",Monday,t,13,w,0.84,0
12,470,Open,P,"['Onion', 'Potato', 'Cotton', 'Tomato', 'Grains', 'Fruits']",Saturday,t,9,w,0.92,0
8,448,Closed,P,"['Onion', 'Potato', 'Cotton', 'Tomato', 'Grains', 'Fruits']",Sunday,t,3,w,0.54,0
18,585,Closed,P,"['Onion', 'Potato', 'Cotton', 'Tomato', 'Grains', 'Fruits']",Thursday,t,13,w,0.79,1
6,334,Closed,P,"['Onion', 'Potato', 'Cotton', 'Tomato', 'Grains', 'Fruits']",Thursday,t,10,w,0.58,0
20,243,Open,P,"['Onion', 'Potato', 'Cotton', 'Tomato', 'Grains', 'Fruits']",Saturday,t,1,w,0.42,1
14,129,Closed,P,"['Onion', 'Potato', 'Cotton', 'Tomato', 'Grains', 'Fruits']",Tuesday,t,11,w,0.79,0
18,311,Closed,P,"['Onion', 'Potato', 'Cotton', 'Tomato', 'Grains', 'Fruits']",Tuesday,t,9,w,0.76,0
18,92,Closed,P,"['Onion', 'Potato', 'Cotton', 'Tomato', 'Grains', 'Fruits']",Tuesday,t,13,w,0.25,0
16,282,Refrigerated,P,"['Onion', 'Potato', 'Cotton', 'Tomato', 'Grains', 'Fruits']",Saturday,t,15,w,0.33,1
16,66,Open,P,"['Onion', 'Potato', 'Cotton', 'Tomato', 'Grains', 'Fruits']",Thursday,t,8,w,0.24,0
18,146,Closed,P,"['Onion', 'Potato', 'Cotton', 'Tomato', 'Grains', 'Fruits']",Thursday,t,8,w,0.54,0
20,409,Closed,P,"['Onion', 'Potato', 'Cotton', 'Tomato', 'Grains', 'Fruits']",Thursday,t,4,w,0.77,0
8,426,Refrigerated,P,"['Onion', 'Potato', 'Cotton', 'Tomato', 'Grains', 'Fruits']",Saturday,t,11,w,0.9,0
10,162,Open,P,"['Onion', 'Potato', 'Cotton', 'Tomato', 'Grains', 'Fruits']",Wednesday,t,14,w,0.22,1
18,84,Closed,P,"['Onion', 'Potato', 'Cotton', 'Tomato', 'Grains', 'Fruits']",Tuesday,t,14,w,0.89,0
6,455,Closed,P,"['Onion', 'Potato', 'Cotton', 'Tomato', 'Grains', 'Fruits']",Saturday,t,0,w,0.55,0
10,237,Refrigerated,P,"['Onion', 'Potato', 'Cotton', 'Tomato', 'Grains', 'Fruits']",Thursday,t,15,w,0.78,0
20,570,Refrigerated,P,"['Onion', 'Potato', 'Cotton', 'Tomato', 'Grains', 'Fruits']",Wednesday,t,10,w,0.49,0
12,361,Refrigerated,P,"['Onion', 'Potato', 'Cotton', 'Tomato', 'Grains', 'Fruits']",Saturday,t,12,w,0.76,0
16,72,Refrigerated,P,"['Onion', 'Potato', 'Cotton', 'Tomato', 'Grains', 'Fruits']",Friday,t,4,w,0.72,0
18,129,Refrigerated,P,"['Onion', 'Potato', 'Cotton', 'Tomato', 'Grains', 'Fruits']",Saturday,t,0,w,0.49,1
8,461,Open,P,"['Onion', 'Potato', 'Cotton', 'Tomato', 'Grains', 'Fruits']",Thursday,t,5,w,0.7,0
10,552,Open,P,"['Onion', 'Potato', 'Cotton', 'Tomato', 'Grains', 'Fruits']",Thursday,t,6,w,0.55,0
6,596,Closed,P,"['Onion', 'Potato', 'Cotton', 'Tomato', 'Grains', 'Fruits']",Friday,t,5,w,0.64,1
12,139,Refrigerated,P,"['Onion', 'Potato', 'Cotton', 'Tomato', 'Grains', 'Fruits']",Wednesday,t,0,w,0.41,1
18,510,Open,P,"['Onion', 'Potato', 'Cotton', 'Tomato', 'Grains', 'Fruits']",Friday,t,2,w,0.81,1
14,593,Open,P,"['Onion', 'Potato', 'Cotton', 'Tomato', 'Grains', 'Fruits']",Tuesday,t,7,w,0.72,0
8,527,Refrigerated,P,"['Onion', 'Potato', 'Cotton', 'Tomato', 'Grains', 'Fruits']",Thursday,t,0,w,0.68,1
12,166,Closed,P,"['Onion', 'Potato', 'Cotton', 'Tomato', 'Grains', 'Fruits']",Monday,t,8,w,0.88,1
6,254,Closed,P,"['Onion', 'Potato', 'Cotton', 'Tomato', 'Grains', 'Fruits']",Monday,t,1,w,0.51,1
6,258,Open,P,"['Onion', 'Potato', 'Cotton', 'Tomato', 'Grains', 'Fruits']",Friday,t,14,w,0.5,0
18,228,Refrigerated,P,"['Onion', 'Potato', 'Cotton', 'Tomato', 'Grains', 'Fruits']",Sunday,t,10,w,0.7,0
16,238,Refrigerated,P,"['Onion', 'Potato', 'Cotton', 'Tomato', 'Grains', 'Fruits']",Saturday,t,2,w,0.51,0
8,444,Open,P,"['Onion', 'Potato', 'Cotton', 'Tomato', 'Grains', 'Fruits']",Sunday,t,12,w,0.3,0
6,295,Refrigerated,P,"['Onion', 'Potato', 'Cotton', 'Tomato', 'Grains', 'Fruits']",Thursday,t,5,w,0.35,1
14,273,Closed,P,"['Onion', 'Potato', 'Cotton', 'Tomato', 'Grains', 'Fruits']",Saturday,t,8,w,0.95,0
6,133,Open,P,"['Onion', 'Potato', 'Cotton', 'Tomato', 'Grains', 'Fruits']",Saturday,t,4,w,0.32,1
6,142,Open,P,"['Onion', 'Potato', 'Cotton', 'Tomato', 'Grains', 'Fruits']",Thursday,t,7,w,0.34,0
18,110,Open,P,"['Onion', 'Potato', 'Cotton', 'Tomato', 'Grains', 'Fruits']",Saturday,t,0,w,0.89,1
10,365,Open,P,"['Onion', 'Potato', 'Cotton', 'Tomato', 'Grains', 'Fruits']",Wednesday,t,13,w,0.58,0
20,426,Closed,P,"['Onion', 'Potato', 'Cotton', 'Tomato', 'Grains', 'Fruits']",Tuesday,t,8,w,0.29,1
20,304,Refrigerated,P,"['Onion', 'Potato', 'Cotton', 'Tomato', 'Grains', 'Fruits']",Wednesday,t,13,w,0.95,1
6,440,Closed,P,"['Onion', 'Potato', 'Cotton', 'Tomato', 'Grains', 'Fruits']",Friday,t,9,w,0.3,0
20,228,Open,P,"['Onion', 'Potato', 'Cotton', 'Tomato', 'Grains', 'Fruits']",Wednesday,t,12,w,0.32,0
6,443,Closed,P,"['Onion', 'Potato', 'Cotton', 'Tomato', 'Grains', 'Fruits']",Monday,t,13,w,0.34,0
10,303,Open,P,"['Onion', 'Potato', 'Cotton', 'Tomato', 'Grains', 'Fruits']",Sunday,t,12,w,0.73,0
18,62,Closed,P,"['Onion', 'Potato', 'Cotton', 'Tomato', 'Grains', 'Fruits']",Tuesday,t,5,w,0.59,1
12,147,Closed,P,"['Onion', 'Potato', 'Cotton', 'Tomato', 'Grains', 'Fruits']",Friday,t,2,w,0.94,1
8,346,Closed,P,"['Onion', 'Potato', 'Cotton', 'Tomato', 'Grains', 'Fruits']",Saturday,t,12,w,0.83,0
14,282,Open,P,"['Onion', 'Potato', 'Cotton', 'Tomato', 'Grains', 'Fruits']",Saturday,t,6,w,0.29,0
20,379,Open,P,"['Onion', 'Potato', 'Cotton', 'Tomato', 'Grains', 'Fruits']",Tuesday,t,13,w,0.82,0
10,353,Open,P,"['Onion', 'Potato', 'Cotton', 'Tomato', 'Grains', 'Fruits']",Friday,t,1,w,0.38,1
20,486,Closed,P,"['Onion', 'Potato', 'Cotton', 'Tomato', 'Grains', 'Fruits']",Friday,t,12,w,0.89,0
6,428,Closed,P,"['Onion', 'Potato', 'Cotton', 'Tomato', 'Grains', 'Fruits']",Monday,t,15,w,0.38,1
18,468,Open,P,"['Onion', 'Potato', 'Cotton', 'Tomato', 'Grains', 'Fruits']",Friday,t,15,w,0.77,0
14,56,Closed,P,"['Onion', 'Potato', 'Cotton', 'Tomato', 'Grains', 'Fruits']",Sunday,t,15,w,0.29,1
8,248,Closed,P,"['Onion', 'Potato', 'Cotton', 'Tomato', 'Grains', 'Fruits']",Sunday,t,3,w,0.24,1
10,125,Closed,P,"['Onion', 'Potato', 'Cotton', 'Tomato', 'Grains', 'Fruits']",Monday,t,13,w,0.77,1
6,200,Refrigerated,P,"['Onion', 'Potato', 'Cotton', 'Tomato', 'Grains', 'Fruits']",Sunday,t,6,w,0.35,1
10,350,Closed,P,"['Onion', 'Potato', 'Cotton', 'Tomato', 'Grains', 'Fruits']",Sunday,t,9,w,0.78,1
18,181,Open,P,"['Onion', 'Potato', 'Cotton', 'Tomato', 'Grains', 'Fruits']",Monday,t,15,w,0.44,0
20,84,Refrigerated,P,"['Onion', 'Potato', 'Cotton', 'Tomato', 'Grains', 'Fruits']",Monday,t,7,w,0.85,1
16,442,Open,P,"['Onion', 'Potato', 'Cotton', 'Tomato', 'Grains', 'Fruits']",Monday,t,11,w,0.46,1
8,378,Closed,P,"['Onion', 'Potato', 'Cotton', 'Tomato', 'Grains', 'Fruits']",Wednesday,t,11,w,0.65,0
20,534,Open,P,"['Onion', 'Potato', 'Cotton', 'Tomato', 'Grains', 'Fruits']",Wednesday,t,7,w,0.74,0
14,68,Open,P,"['Onion', 'Potato', 'Cotton', 'Tomato', 'Grains', 'Fruits']",Tuesday,t,0,w,0.64,1
6,294,Refrigerated,P,"['Onion', 'Potato', 'Cotton', 'Tomato', 'Grains', 'Fruits']",Sunday,t,8,w,0.7,1
18,379,Open,P,"['Onion', 'Potato', 'Cotton', 'Tomato', 'Grains', 'Fruits']",Monday,t,9,w,0.73,0
12,400,Refrigerated,P,"['Onion', 'Potato', 'Cotton', 'Tomato', 'Grains', 'Fruits']",Tuesday,t,1,w,0.65,1
6,565,Refrigerated,P,"['Onion', 'Potato', 'Cotton', 'Tomato', 'Grains', 'Fruits']",Sunday,t,15,w,0.58,0
6,222,Open,P,"['Onion', 'Potato', 'Cotton', 'Tomato', 'Grains', 'Fruits']",Friday,t,9,w,0.26,0
10,449,Closed,P,"['Onion', 'Potato', 'Cotton', 'Tomato', 'Grains', 'Fruits']",Monday,t,8,w,0.62,0
12,240,Refrigerated,P,"['Onion', 'Potato', 'Cotton', 'Tomato', 'Grains', 'Fruits']",Monday,t,1,w,0.95,0
10,200,Open,P,"['Onion', 'Potato', 'Cotton', 'Tomato', 'Grains', 'Fruits']",Tuesday,t,0,w,0.56,0
14,541,Refrigerated,P,"['Onion', 'Potato', 'Cotton', 'Tomato', 'Grains', 'Fruits']",Sunday,t,6,w,0.53,0
8,397,Refrigerated,P,"['Onion', 'Potato', 'Cotton', 'Tomato', 'Grains', 'Fruits']",Friday,t,13,w,0.8,1
18,234,Open,P,"['Onion', 'Potato', 'Cotton', 'Tomato', 'Grains', 'Fruits']",Saturday,t,0,w,0.37,0
8,597,Closed,P,"['Onion', 'Potato', 'Cotton', 'Tomato', 'Grains', 'Fruits']",Tuesday,t,15,w,0.2,1
6,388,Open,P,"['Onion', 'Potato', 'Cotton', 'Tomato', 'Grains', 'Fruits']",Tuesday,t,12,w,0.38,1
10,593,Refrigerated,P,"['Onion', 'Potato', 'Cotton', 'Tomato', 'Grains', 'Fruits']",Saturday,t,8,w,0.67,1
12,94,Refrigerated,P,"['Onion', 'Potato', 'Cotton', 'Tomato', 'Grains', 'Fruits']",Tuesday,t,7,w,0.31,0
16,211,Refrigerated,P,"['Onion', 'Potato', 'Cotton', 'Tomato', 'Grains', 'Fruits']",Sunday,t,11,w,0.72,0
10,451,Open,P,"['Onion', 'Potato', 'Cotton', 'Tomato', 'Grains', 'Fruits']",Friday,t,1,w,0.85,0
20,352,Refrigerated,P,"['Onion', 'Potato', 'Cotton', 'Tomato', 'Grains', 'Fruits']",Wednesday,t,4,w,0.44,0
14,342,Closed,P,"['Onion', 'Potato', 'Cotton', 'Tomato', 'Grains', 'Fruits']",Friday,t,3,w,0.67,0
18,406,Refrigerated,P,"['Onion', 'Potato', 'Cotton', 'Tomato', 'Grains', 'Fruits']",Friday,t,9,w,0.77,0
10,429,Open,P,"['Onion', 'Potato', 'Cotton', 'Tomato', 'Grains', 'Fruits']",Thursday,t,1,w,0.72,1
18,155,Closed,P,"['Onion', 'Potato', 'Cotton', 'Tomato', 'Grains', 'Fruits']",Wednesday,t,0,w,0.21,1
18,465,Open,P,"['Onion', 'Potato', 'Cotton', 'Tomato', 'Grains', 'Fruits']",Tuesday,t,2,w,0.58,1
12,54,Open,P,"['Onion', 'Potato', 'Cotton', 'Tomato', 'Grains', 'Fruits']",Tuesday,t,13,w,0.81,1
20,113,Closed,P,"['Onion', 'Potato', 'Cotton', 'Tomato', 'Grains', 'Fruits']",Tuesday,t,9,w,0.36,1
14,107,Refrigerated,P,"['Onion', 'Potato', 'Cotton', 'Tomato', 'Grains', 'Fruits']",Wednesday,t,6,w,0.71,0
20,105,Closed,P,"['Onion', 'Potato', 'Cotton', 'Tomato', 'Grains', 'Fruits']",Monday,t,12,w,0.92,0
18,269,Closed,P,"['Onion', 'Potato', 'Cotton', 'Tomato', 'Grains', 'Fruits']",Thursday,t,7,w,0.86,0
20,455,Refrigerated,P,"['Onion', 'Potato', 'Cotton', 'Tomato', 'Grains', 'Fruits']",Wednesday,t,1,w,0.93,1
20,140,Refrigerated,P,"['Onion', 'Potato', 'Cotton', 'Tomato', 'Grains', 'Fruits']",Tuesday,t,3,w,0.32,1
12,272,Open,P,"['Onion', 'Potato', 'Cotton', 'Tomato', 'Grains', 'Fruits']",Saturday,t,6,w,0.36,1
14,90,Open,P,"['Onion', 'Potato', 'Cotton', 'Tomato', 'Grains', 'Fruits']",Wednesday,t,5,w,0.9,0
10,314,Open,P,"['Onion', 'Potato', 'Cotton', 'Tomato', 'Grains', 'Fruits']",Thursday,t,5,w,0.74,0
6,189,Open,P,"['Onion', 'Potato', 'Cotton', 'Tomato', 'Grains', 'Fruits']",Monday,t,8,w,0.25,1
10,578,Closed,P,"['Onion', 'Potato', 'Cotton', 'Tomato', 'Grains', 'Fruits']",Tuesday,t,9,w,0.69,0
6,544,Closed,P,"['Onion', 'Potato', 'Cotton', 'Tomato', 'Grains', 'Fruits']",Sunday,t,10,w,0.72,0
20,381,Closed,P,"['Onion', 'Potato', 'Cotton', 'Tomato', 'Grains', 'Fruits']",Tuesday,t,3,w,0.2,0
12,268,Refrigerated,P,"['Onion', 'Potato', 'Cotton', 'Tomato', 'Grains', 'Fruits']",Tuesday,t,4,w,0.57,1
8,474,Refrigerated,P,"['Onion', 'Potato', 'Cotton', 'Tomato', 'Grains', 'Fruits']",Thursday,t,9,w,0.22,1
16,103,Open,P,"['Onion', 'Potato', 'Cotton', 'Tomato', 'Grains', 'Fruits']",Sunday,t,10,w,0.33,1
14,136,Refrigerated,P,"['Onion', 'Potato', 'Cotton', 'Tomato', 'Grains', 'Fruits']",Saturday,t,9,w,0.3,1
18,534,Closed,P,"['Onion', 'Potato', 'Cotton', 'Tomato', 'Grains', 'Fruits']",Thursday,t,13,w,0.48,0
18,213,Open,P,"['Onion', 'Potato', 'Cotton', 'Tomato', 'Grains', 'Fruits']",Tuesday,t,6,w,0.68,0
14,471,Refrigerated,P,"['Onion', 'Potato', 'Cotton', 'Tomato', 'Grains', 'Fruits']",Wednesday,t,8,w,0.65,1
12,546,Refrigerated,P,"['Onion', 'Potato', 'Cotton', 'Tomato', 'Grains', 'Fruits']",Sunday,t,8,w,0.23,0
16,64,Closed,P,"['Onion', 'Potato', 'Cotton', 'Tomato', 'Grains', 'Fruits']",Tuesday,t,13,w,0.36,1
14,440,Open,P,"['Onion', 'Potato', 'Cotton', 'Tomato', 'Grains', 'Fruits']",Monday,t,2,w,0.45,0
12,307,Open,P,"['Onion', 'Potato', 'Cotton', 'Tomato', 'Grains', 'Fruits']",Saturday,t,5,w,0.53,0
10,190,Open,P,"['Onion', 'Potato', 'Cotton', 'Tomato', 'Grains', 'Fruits']",Thursday,t,5,w,0.46,0
20,115,Refrigerated,P,"['Onion', 'Potato', 'Cotton', 'Tomato', 'Grains', 'Fruits']",Tuesday,t,14,w,0.24,0
14,119,Closed,P,"['Onion', 'Potato', 'Cotton', 'Tomato', 'Grains', 'Fruits']",Thursday,t,6,w,0.63,0
14,450,Open,P,"['Onion', 'Potato', 'Cotton', 'Tomato', 'Grains', 'Fruits']",Friday,t,14,w,0.63,1
12,53,Refrigerated,P,"['Onion', 'Potato', 'Cotton', 'Tomato', 'Grains', 'Fruits']",Tuesday,t,12,w,0.24,0
10,477,Open,P,"['Onion', 'Potato', 'Cotton', 'Tomato', 'Grains', 'Fruits']",Thursday,t,0,w,0.51,1
20,568,Closed,P,"['Onion', 'Potato', 'Cotton', 'Tomato', 'Grains', 'Fruits']",Wednesday,t,12,w,0.45,0
16,152,Open,P,"['Onion', 'Potato', 'Cotton', 'Tomato', 'Grains', 'Fruits']",Thursday,t,8,w,0.21,0
18,593,Open,P,"['Onion', 'Potato', 'Cotton', 'Tomato', 'Grains', 'Fruits']",Saturday,t,11,w,0.51,0
10,229,Closed,P,"['Onion', 'Potato', 'Cotton', 'Tomato', 'Grains', 'Fruits']",Wednesday,t,15,w,0.2,0
12,591,Closed,P,"['Onion', 'Potato', 'Cotton', 'Tomato', 'Grains', 'Fruits']",Monday,t,10,w,0.85,0
12,468,Open,P,"['Onion', 'Potato', 'Cotton', 'Tomato', 'Grains', 'Fruits']",Friday,t,8,w,0.89,0
10,96,Refrigerated,P,"['Onion', 'Potato', 'Cotton', 'Tomato', 'Grains', 'Fruits']",Saturday,t,7,w,0.94,0
8,267,Closed,P,"['Onion', 'Potato', 'Cotton', 'Tomato', 'Grains', 'Fruits']",Friday,t,2,w,0.65,0
20,188,Closed,P,"['Onion', 'Potato', 'Cotton', 'Tomato', 'Grains', 'Fruits']",Tuesday,t,3,w,0.47,0
14,375,Open,P,"['Onion', 'Potato', 'Cotton', 'Tomato', 'Grains', 'Fruits']",Tuesday,t,12,w,0.42,0
16,560,Refrigerated,P,"['Onion', 'Potato', 'Cotton', 'Tomato', 'Grains', 'Fruits']",Friday,t,0,w,0.64,1
10,492,Open,P,"['Onion', 'Potato', 'Cotton', 'Tomato', 'Grains', 'Fruits']",Saturday,t,8,w,0.69,1
12,142,Closed,P,"['Onion', 'Potato', 'Cotton', 'Tomato', 'Grains', 'Fruits']",Wednesday,t,0,w,0.34,1
8,500,Refrigerated,P,"['Onion', 'Potato', 'Cotton', 'Tomato', 'Grains', 'Fruits']",Thursday,t,13,w,0.47,0
14,118,Refrigerated,P,"['Onion', 'Potato', 'Cotton', 'Tomato', 'Grains', 'Fruits']",Saturday,t,5,w,0.2,0
16,582,Closed,P,"['Onion', 'Potato', 'Cotton', 'Tomato', 'Grains', 'Fruits']",Monday,t,5,w,0.69,0
18,81,Refrigerated,P,"['Onion', 'Potato', 'Cotton', 'Tomato', 'Grains', 'Fruits']",Saturday,t,8,w,0.54,1
12,151,Closed,P,"['Onion', 'Potato', 'Cotton', 'Tomato', 'Grains', 'Fruits']",Saturday,t,12,w,0.34,0
8,430,Open,P,"['Onion', 'Potato', 'Cotton', 'Tomato', 'Grains', 'Fruits']",Thursday,t,9,w,0.86,0
14,474,Refrigerated,P,"['Onion', 'Potato', 'Cotton', 'Tomato', 'Grains', 'Fruits']",Thursday,t,7,w,0.55,0
8,511,Refrigerated,P,"['Onion', 'Potato', 'Cotton', 'Tomato', 'Grains', 'Fruits']",Tuesday,t,7,w,0.71,1
18,373,Closed,P,"['Onion', 'Potato', 'Cotton', 'Tomato', 'Grains', 'Fruits']",Monday,t,14,w,0.64,1
20,480,Closed,P,"['Onion', 'Potato', 'Cotton', 'Tomato', 'Grains', 'Fruits']",Wednesday,t,2,w,0.83,1
8,411,Refrigerated,P,"['Onion', 'Potato', 'Cotton', 'Tomato', 'Grains', 'Fruits']",Wednesday,t,1,w,0.48,1
18,221,Closed,P,"['Onion', 'Potato', 'Cotton', 'Tomato', 'Grains', 'Fruits']",Friday,t,14,w,0.35,1
6,540,Closed,P,"['Onion', 'Potato', 'Cotton', 'Tomato', 'Grains', 'Fruits']",Tuesday,t,12,w,0.34,0
6,391,Refrigerated,P,"['Onion', 'Potato', 'Cotton', 'Tomato', 'Grains', 'Fruits']",Friday,t,4,w,0.84,1
10,77,Refrigerated,P,"['Onion', 'Potato', 'Cotton', 'Tomato', 'Grains', 'Fruits']",Monday,t,12,w,0.85,0
12,542,Open,P,"['Onion', 'Potato', 'Cotton', 'Tomato', 'Grains', 'Fruits']",Thursday,t,7,w,0.88,0
18,361,Refrigerated,P,"['Onion', 'Potato', 'Cotton', 'Tomato', 'Grains', 'Fruits']",Monday,t,10,w,0.52,0
18,581,Refrigerated,P,"['Onion', 'Potato', 'Cotton', 'Tomato', 'Grains', 'Fruits']",Tuesday,t,11,w,0.21,1
8,224,Refrigerated,P,"['Onion', 'Potato', 'Cotton', 'Tomato', 'Grains', 'Fruits']",Monday,t,10,w,0.67,0
20,83,Closed,P,"['Onion', 'Potato', 'Cotton', 'Tomato', 'Grains', 'Fruits']",Saturday,t,15,w,0.59,1
6,368,Closed,P,"['Onion', 'Potato', 'Cotton', 'Tomato', 'Grains', 'Fruits']",Monday,t,9,w,0.43,1
8,206,Open,P,"['Onion', 'Potato', 'Cotton', 'Tomato', 'Grains', 'Fruits']",Sunday,t,6,w,0.6,0
18,596,Refrigerated,P,"['Onion', 'Potato', 'Cotton', 'Tomato', 'Grains', 'Fruits']",Saturday,t,14,w,0.66,0
10,287,Refrigerated,P,"['Onion', 'Potato', 'Cotton', 'Tomato', 'Grains', 'Fruits']",Sunday,t,11,w,0.58,0
14,75,Open,P,"['Onion', 'Potato', 'Cotton', 'Tomato', 'Grains', 'Fruits']",Saturday,t,9,w,0.25,1
16,541,Open,P,"['Onion', 'Potato', 'Cotton', 'Tomato', 'Grains', 'Fruits']",Friday,t,3,w,0.64,0
10,200,Refrigerated,P,"['Onion', 'Potato', 'Cotton', 'Tomato', 'Grains', 'Fruits']",Tuesday,t,12,w,0.73,0
16,427,Refrigerated,P,"['Onion', 'Potato', 'Cotton', 'Tomato', 'Grains', 'Fruits']",Saturday,t,7,w,0.33,0
16,120,Refrigerated,P,"['Onion', 'Potato', 'Cotton', 'Tomato', 'Grains', 'Fruits']",Saturday,t,7,w,0.8,0
12,357,Closed,P,"['Onion', 'Potato', 'Cotton', 'Tomato', 'Grains', 'Fruits']",Sunday,t,8,w,0.33,0
16,340,Refrigerated,P,"['Onion', 'Potato', 'Cotton', 'Tomato', 'Grains', 'Fruits']",Saturday,t,8,w,0.52,0
10,219,Open,P,"['Onion', 'Potato', 'Cotton', 'Tomato', 'Grains', 'Fruits']",Thursday,t,9,w,0.37,0
20,445,Refrigerated,P,"['Onion', 'Potato', 'Cotton', 'Tomato', 'Grains', 'Fruits']",Saturday,t,6,w,0.81,0
10,178,Refrigerated,P,"['Onion', 'Potato', 'Cotton', 'Tomato', 'Grains', 'Fruits']",Wednesday,t,6,w,0.81,0
16,80,Refrigerated,P,"['Onion', 'Potato', 'Cotton', 'Tomato', 'Grains', 'Fruits']",Saturday,t,3,w,0.51,1
18,475,Closed,P,"['Onion', 'Potato', 'Cotton', 'Tomato', 'Grains', 'Fruits']",Monday,t,4,w,0.76,1
6,187,Open,P,"['Onion', 'Potato', 'Cotton', 'Tomato', 'Grains', 'Fruits']",Saturday,t,8,w,0.25,0
18,276,Closed,P,"['Onion', 'Potato', 'Cotton', 'Tomato', 'Grains', 'Fruits']",Wednesday,t,3,w,0.85,0
14,332,Closed,P,"['Onion', 'Potato', 'Cotton', 'Tomato', 'Grains', 'Fruits']",Wednesday,t,0,w,0.36,1
20,361,Closed,P,"['Onion', 'Potato', 'Cotton', 'Tomato', 'Grains', 'Fruits']",Thursday,t,4,w,0.81,0
20,181,Closed,P,"['Onion', 'Potato', 'Cotton', 'Tomato', 'Grains', 'Fruits']",Monday,t,12,w,0.47,0
20,499,Closed,P,"['Onion', 'Potato', 'Cotton', 'Tomato', 'Grains', 'Fruits']",Sunday,t,9,w,0.22,0
16,52,Open,P,"['Onion', 'Potato', 'Cotton', 'Tomato', 'Grains', 'Fruits']",Wednesday,t,6,w,0.78,0
18,542,Open,P,"['Onion', 'Potato', 'Cotton', 'Tomato', 'Grains', 'Fruits']",Friday,t,0,w,0.55,1
14,419,Closed,P,"['Onion', 'Potato', 'Cotton', 'Tomato', 'Grains', 'Fruits']",Saturday,t,11,w,0.42,1
8,167,Closed,P,"['Onion', 'Potato', 'Cotton', 'Tomato', 'Grains', 'Fruits']",Friday,t,10,w,0.25,1
6,379,Closed,P,"['Onion', 'Potato', 'Cotton', 'Tomato', 'Grains', 'Fruits']",Thursday,t,13,w,0.27,0
16,564,Open,P,"['Onion', 'Potato', 'Cotton', 'Tomato', 'Grains', 'Fruits']",Monday,t,7,w,0.43,1
8,306,Open,P,"['Onion', 'Potato', 'Cotton', 'Tomato', 'Grains', 'Fruits']",Thursday,t,5,w,0.91,0
8,517,Open,P,"['Onion', 'Potato', 'Cotton', 'Tomato', 'Grains', 'Fruits']",Friday,t,10,w,0.43,0
6,466,Refrigerated,P,"['Onion', 'Potato', 'Cotton', 'Tomato', 'Grains', 'Fruits']",Tuesday,t,6,w,0.89,0
14,233,Refrigerated,P,"['Onion', 'Potato', 'Cotton', 'Tomato', 'Grains', 'Fruits']",Monday,t,1,w,0.34,0
18,393,Refrigerated,P,"['Onion', 'Potato', 'Cotton', 'Tomato', 'Grains', 'Fruits']",Saturday,t,10,w,0.33,1
10,77,Closed,P,"['Onion', 'Potato', 'Cotton', 'Tomato', 'Grains', 'Fruits']",Thursday,t,3,w,0.26,0
10,69,Open,P,"['Onion', 'Potato', 'Cotton', 'Tomato', 'Grains', 'Fruits']",Thursday,t,6,w,0.3,1
6,377,Open,P,"['Onion', 'Potato', 'Cotton', 'Tomato', 'Grains', 'Fruits']",Tuesday,t,1,w,0.48,1
6,127,Open,P,"['Onion', 'Potato', 'Cotton', 'Tomato', 'Grains', 'Fruits']",Wednesday,t,6,w,0.63,0
16,235,Refrigerated,P,"['Onion', 'Potato', 'Cotton', 'Tomato', 'Grains', 'Fruits']",Monday,t,5,w,0.75,0
18,340,Closed,P,"['Onion', 'Potato', 'Cotton', 'Tomato', 'Grains', 'Fruits']",Tuesday,t,5,w,0.42,0
18,55,Open,P,"['Onion', 'Potato', 'Cotton', 'Tomato', 'Grains', 'Fruits']",Friday,t,13,w,0.4,0
16,303,Closed,P,"['Onion', 'Potato', 'Cotton', 'Tomato', 'Grains', 'Fruits']",Saturday,t,7,w,0.7,0
10,533,Open,P,"['Onion', 'Potato', 'Cotton', 'Tomato', 'Grains', 'Fruits']",Thursday,t,10,w,0.95,0
16,117,Closed,P,"['Onion', 'Potato', 'Cotton', 'Tomato', 'Grains', 'Fruits']",Sunday,t,5,w,0.79,0
18,476,Closed,P,"['Onion', 'Potato', 'Cotton', 'Tomato', 'Grains', 'Fruits']",Wednesday,t,11,w,0.39,0
10,345,Closed,P,"['Onion', 'Potato', 'Cotton', 'Tomato', 'Grains', 'Fruits']",Sunday,t,13,w,0.7,0
18,180,Refrigerated,P,"['Onion', 'Potato', 'Cotton', 'Tomato', 'Grains', 'Fruits']",Saturday,t,4,w,0.35,0
18,555,Refrigerated,P,"['Onion', 'Potato', 'Cotton', 'Tomato', 'Grains', 'Fruits']",Wednesday,t,10,w,0.26,0
18,251,Refrigerated,P,"['Onion', 'Potato', 'Cotton', 'Tomato', 'Grains', 'Fruits']",Wednesday,t,6,w,0.51,0
12,76,Closed,P,"['Onion', 'Potato', 'Cotton', 'Tomato', 'Grains', 'Fruits']",Thursday,t,9,w,0.64,0
8,475,Open,P,"['Onion', 'Potato', 'Cotton', 'Tomato', 'Grains', 'Fruits']",Sunday,t,2,w,0.5,1
20,140,Open,P,"['Onion', 'Potato', 'Cotton', 'Tomato', 'Grains', 'Fruits']",Monday,t,6,w,0.3,0
6,147,Closed,P,"['Onion', 'Potato', 'Cotton', 'Tomato', 'Grains', 'Fruits']",Sunday,t,0,w,0.49,1
10,175,Closed,P,"['Onion', 'Potato', 'Cotton', 'Tomato', 'Grains', 'Fruits']",Sunday,t,9,w,0.5,0
10,218,Closed,P,"['Onion', 'Potato', 'Cotton', 'Tomato', 'Grains', 'Fruits']",Wednesday,t,6,w,0.65,0
14,61,Open,P,"['Onion', 'Potato', 'Cotton', 'Tomato', 'Grains', 'Fruits']",Sunday,t,2,w,0.34,0
14,521,Open,P,"['Onion', 'Potato', 'Cotton', 'Tomato', 'Grains', 'Fruits']",Thursday,t,13,w,0.36,1
8,448,Open,P,"['Onion', 'Potato', 'Cotton', 'Tomato', 'Grains', 'Fruits']",Wednesday,t,3,w,0.78,0
6,133,Open,P,"['Onion', 'Potato', 'Cotton', 'Tomato', 'Grains', 'Fruits']",Tuesday,t,8,w,0.56,0
12,330,Refrigerated,P,"['Onion', 'Potato', 'Cotton', 'Tomato', 'Grains', 'Fruits']",Wednesday,t,8,w,0.75,0
20,271,Open,P,"['Onion', 'Potato', 'Cotton', 'Tomato', 'Grains', 'Fruits']",Wednesday,t,3,w,0.21,0
8,75,Open,P,"['Onion', 'Potato', 'Cotton', 'Tomato', 'Grains', 'Fruits']",Saturday,t,1,w,0.6,1
18,171,Closed,P,"['Onion', 'Potato', 'Cotton', 'Tomato', 'Grains', 'Fruits']",Saturday,t,1,w,0.42,0
12,314,Refrigerated,P,"['Onion', 'Potato', 'Cotton', 'Tomato', 'Grains', 'Fruits']",Wednesday,t,4,w,0.36,1
20,148,Closed,P,"['Onion', 'Potato', 'Cotton', 'Tomato', 'Grains', 'Fruits']",Tuesday,t,1,w,0.44,0
8,557,Open,P,"['Onion', 'Potato', 'Cotton', 'Tomato', 'Grains', 'Fruits']",Tuesday,t,9,w,0.95,0
6,215,Refrigerated,P,"['Onion', 'Potato', 'Cotton', 'Tomato', 'Grains', 'Fruits']",Wednesday,t,3,w,0.83,0
16,189,Closed,P,"['Onion', 'Potato', 'Cotton', 'Tomato', 'Grains', 'Fruits']",Sunday,t,13,w,0.84,0
18,242,Refrigerated,P,"['Onion', 'Potato', 'Cotton', 'Tomato', 'Grains', 'Fruits']",Tuesday,t,1,w,0.43,1
18,175,Refrigerated,P,"['Onion', 'Potato', 'Cotton', 'Tomato', 'Grains', 'Fruits']",Tuesday,t,4,w,0.46,1
12,134,Closed,P,"['Onion', 'Potato', 'Cotton', 'Tomato', 'Grains', 'Fruits']",Wednesday,t,13,w,0.92,1
14,402,Closed,P,"['Onion', 'Potato', 'Cotton', 'Tomato', 'Grains', 'Fruits']",Wednesday,t,15,w,0.87,0
14,548,Refrigerated,P,"['Onion', 'Potato', 'Cotton', 'Tomato', 'Grains', 'Fruits']",Saturday,t,8,w,0.52,0
12,109,Open,P,"['Onion', 'Potato', 'Cotton', 'Tomato', 'Grains', 'Fruits']",Monday,t,13,w,0.46,0
16,422,Refrigerated,P,"['Onion', 'Potato', 'Cotton', 'Tomato', 'Grains', 'Fruits']",Tuesday,t,14,w,0.54,1
16,464,Closed,P,"['Onion', 'Potato', 'Cotton', 'Tomato', 'Grains', 'Fruits']",Wednesday,t,0,w,0.22,1
14,163,Open,P,"['Onion', 'Potato', 'Cotton', 'Tomato', 'Grains', 'Fruits']",Sunday,t,13,w,0.4,0
8,55,Open,P,"['Onion', 'Potato', 'Cotton', 'Tomato', 'Grains', 'Fruits']",Thursday,t,8,w,0.56,1
18,222,Open,P,"['Onion', 'Potato', 'Cotton', 'Tomato', 'Grains', 'Fruits']",Monday,t,5,w,0.37,1
10,340,Open,P,"['Onion', 'Potato', 'Cotton', 'Tomato', 'Grains', 'Fruits']",Thursday,t,4,w,0.47,0
6,51,Closed,P,"['Onion', 'Potato', 'Cotton', 'Tomato', 'Grains', 'Fruits']",Monday,t,14,w,0.37,1
8,302,Closed,P,"['Onion', 'Potato', 'Cotton', 'Tomato', 'Grains', 'Fruits']",Sunday,t,6,w,0.93,0
10,593,Refrigerated,P,"['Onion', 'Potato', 'Cotton', 'Tomato', 'Grains', 'Fruits']",Sunday,t,13,w,0.29,0
20,91,Refrigerated,P,"['Onion', 'Potato', 'Cotton', 'Tomato', 'Grains', 'Fruits']",Friday,t,0,w,0.89,1
14,154,Refrigerated,P,"['Onion', 'Potato', 'Cotton', 'Tomato', 'Grains', 'Fruits']",Sunday,t,7,w,0.26,0
8,318,Closed,P,"['Onion', 'Potato', 'Cotton', 'Tomato', 'Grains', 'Fruits']",Friday,t,14,w,0.75,0
10,137,Refrigerated,P,"['Onion', 'Potato', 'Cotton', 'Tomato', 'Grains', 'Fruits']",Monday,t,7,w,0.57,0
6,282,Closed,P,"['Onion', 'Potato', 'Cotton', 'Tomato', 'Grains', 'Fruits']",Saturday,t,3,w,0.82,0
20,306,Open,P,"['Onion', 'Potato', 'Cotton', 'Tomato', 'Grains', 'Fruits']",Friday,t,10,w,0.61,0
16,363,Refrigerated,P,"['Onion', 'Potato', 'Cotton', 'Tomato', 'Grains', 'Fruits']",Friday,t,5,w,0.83,0
6,355,Closed,P,"['Onion', 'Potato', 'Cotton', 'Tomato', 'Grains', 'Fruits']",Friday,t,0,w,0.25,1
20,296,Open,P,"['Onion', 'Potato', 'Cotton', 'Tomato', 'Grains', 'Fruits']",Sunday,t,11,w,0.87,0
20,474,Open,P,"['Onion', 'Potato', 'Cotton', 'Tomato', 'Grains', 'Fruits']",Thursday,t,9,w,0.31,1
14,249,Closed,P,"['Onion', 'Potato', 'Cotton', 'Tomato', 'Grains', 'Fruits']",Friday,t,12,w,0.4,0
10,380,Open,P,"['Onion', 'Potato', 'Cotton', 'Tomato', 'Grains', 'Fruits']",Saturday,t,7,w,0.88,0
6,82,Closed,P,"['Onion', 'Potato', 'Cotton', 'Tomato', 'Grains', 'Fruits']",Thursday,t,9,w,0.74,0
18,160,Closed,P,"['Onion', 'Potato', 'Cotton', 'Tomato', 'Grains', 'Fruits']",Wednesday,t,9,w,0.49,0
18,65,Open,P,"['Onion', 'Potato', 'Cotton', 'Tomato', 'Grains', 'Fruits']",Tuesday,t,14,w,0.38,1
10,396,Refrigerated,P,"['Onion', 'Potato', 'Cotton', 'Tomato', 'Grains', 'Fruits']",Wednesday,t,7,w,0.44,0
18,281,Open,P,"['Onion', 'Potato', 'Cotton', 'Tomato', 'Grains', 'Fruits']",Monday,t,13,w,0.34,0
8,503,Open,P,"['Onion', 'Potato', 'Cotton', 'Tomato', 'Grains', 'Fruits']",Thursday,t,5,w,0.82,1
20,231,Open,P,"['Onion', 'Potato', 'Cotton', 'Tomato', 'Grains', 'Fruits']",Saturday,t,5,w,0.49,0
6,455,Open,P,"['Onion', 'Potato', 'Cotton', 'Tomato', 'Grains', 'Fruits']",Sunday,t,1,w,0.29,1
6,359,Refrigerated,P,"['Onion', 'Potato', 'Cotton', 'Tomato', 'Grains', 'Fruits']",Monday,t,4,w,0.51,1
12,299,Open,P,"['Onion', 'Potato', 'Cotton', 'Tomato', 'Grains', 'Fruits']",Friday,t,15,w,0.26,1
6,238,Refrigerated,P,"['Onion', 'Potato', 'Cotton', 'Tomato', 'Grains', 'Fruits']",Thursday,t,12,w,0.34,0
14,554,Open,P,"['Onion', 'Potato', 'Cotton', 'Tomato', 'Grains', 'Fruits']",Wednesday,t,0,w,0.63,0
12,50,Closed,P,"['Onion', 'Potato', 'Cotton', 'Tomato', 'Grains', 'Fruits']",Saturday,t,4,w,0.26,0
20,597,Open,P,"['Onion', 'Potato', 'Cotton', 'Tomato', 'Grains', 'Fruits']",Wednesday,t,9,w,0.75,0
8,352,Closed,P,"['Onion', 'Potato', 'Cotton', 'Tomato', 'Grains', 'Fruits']",Saturday,t,2,w,0.93,1
18,398,Open,P,"['Onion', 'Potato', 'Cotton', 'Tomato', 'Grains', 'Fruits']",Tuesday,t,13,w,0.29,1
8,378,Closed,P,"['Onion', 'Potato', 'Cotton', 'Tomato', 'Grains', 'Fruits']",Thursday,t,1,w,0.3,1
20,502,Open,P,"['Onion', 'Potato', 'Cotton', 'Tomato', 'Grains', 'Fruits']",Saturday,t,13,w,0.45,1
20,176,Refrigerated,P,"['Onion', 'Potato', 'Cotton', 'Tomato', 'Grains', 'Fruits']",Friday,t,2,w,0.48,0
16,474,Open,P,"['Onion', 'Potato', 'Cotton', 'Tomato', 'Grains', 'Fruits']",Monday,t,9,w,0.65,1
12,514,Closed,P,"['Onion', 'Potato', 'Cotton', 'Tomato', 'Grains', 'Fruits']",Friday,t,7,w,0.36,1
18,439,Refrigerated,P,"['Onion', 'Potato', 'Cotton', 'Tomato', 'Grains', 'Fruits']",Tuesday,t,8,w,0.57,0
20,472,Closed,P,"['Onion', 'Potato', 'Cotton', 'Tomato', 'Grains', 'Fruits']",Wednesday,t,4,w,0.27,1
6,447,Closed,P,"['Onion', 'Potato', 'Cotton', 'Tomato', 'Grains', 'Fruits']",Saturday,t,12,w,0.34,0
12,427,Open,P,"['Onion', 'Potato', 'Cotton', 'Tomato', 'Grains', 'Fruits']",Thursday,t,8,w,0.91,0
12,550,Closed,P,"['Onion', 'Potato', 'Cotton', 'Tomato', 'Grains', 'Fruits']",Wednesday,t,15,w,0.4,1
18,213,Open,P,"['Onion', 'Potato', 'Cotton', 'Tomato', 'Grains', 'Fruits']",Sunday,t,11,w,0.22,1
6,473,Refrigerated,P,"['Onion', 'Potato', 'Cotton', 'Tomato', 'Grains', 'Fruits']",Friday,t,10,w,0.6,1
6,481,Open,P,"['Onion', 'Potato', 'Cotton', 'Tomato', 'Grains', 'Fruits']",Thursday,t,5,w,0.75,0
12,313,Refrigerated,P,"['Onion', 'Potato', 'Cotton', 'Tomato', 'Grains', 'Fruits']",Sunday,t,2,w,0.63,0
16,54,Open,P,"['Onion', 'Potato', 'Cotton', 'Tomato', 'Grains', 'Fruits']",Sunday,t,9,w,0.55,0
6,343,Closed,P,"['Onion', 'Potato', 'Cotton', 'Tomato', 'Grains', 'Fruits']",Saturday,t,4,w,0.29,0
6,519,Open,P,"['Onion', 'Potato', 'Cotton', 'Tomato', 'Grains', 'Fruits']",Tuesday,t,2,w,0.54,0
10,298,Open,P,"['Onion', 'Potato', 'Cotton', 'Tomato', 'Grains', 'Fruits']",Saturday,t,1,w,0.44,1
18,505,Open,P,"['Onion', 'Potato', 'Cotton', 'Tomato', 'Grains', 'Fruits']",Tuesday,t,7,w,0.84,0
18,255,Open,P,"['Onion', 'Potato', 'Cotton', 'Tomato', 'Grains', 'Fruits']",Monday,t,4,w,0.82,0
14,565,Closed,P,"['Onion', 'Potato', 'Cotton', 'Tomato', 'Grains', 'Fruits']",Thursday,t,6,w,0.94,0
18,73,Refrigerated,P,"['Onion', 'Potato', 'Cotton', 'Tomato', 'Grains', 'Fruits']",Saturday,t,15,w,0.72,0
14,342,Closed,P,"['Onion', 'Potato', 'Cotton', 'Tomato', 'Grains', 'Fruits']",Monday,t,13,w,0.63,1
12,199,Closed,P,"['Onion', 'Potato', 'Cotton', 'Tomato', 'Grains', 'Fruits']",Sunday,t,6,w,0.24,0
6,129,Open,P,"['Onion', 'Potato', 'Cotton', 'Tomato', 'Grains', 'Fruits']",Wednesday,t,3,w,0.46,0
6,99,Open,P,"['Onion', 'Potato', 'Cotton', 'Tomato', 'Grains', 'Fruits']",Wednesday,t,2,w,0.41,1
18,444,Refrigerated,P,"['Onion', 'Potato', 'Cotton', 'Tomato', 'Grains', 'Fruits']",Monday,t,10,w,0.59,1
12,538,Closed,P,"['Onion', 'Potato', 'Cotton', 'Tomato', 'Grains', 'Fruits']",Wednesday,t,1,w,0.23,1
18,578,Closed,P,"['Onion', 'Potato', 'Cotton', 'Tomato', 'Grains', 'Fruits']",Wednesday,t,3,w,0.83,1
8,88,Open,P,"['Onion', 'Potato', 'Cotton', 'Tomato', 'Grains', 'Fruits']",Sunday,t,12,w,0.56,1
16,578,Closed,P,"['Onion', 'Potato', 'Cotton', 'Tomato', 'Grains', 'Fruits']",Sunday,t,3,w,0.63,0
20,414,Refrigerated,P,"['Onion', 'Potato', 'Cotton', 'Tomato', 'Grains', 'Fruits']",Saturday,t,5,w,0.25,1
6,390,Refrigerated,P,"['Onion', 'Potato', 'Cotton', 'Tomato', 'Grains', 'Fruits']",Wednesday,t,8,w,0.68,0
16,500,Refrigerated,P,"['Onion', 'Potato', 'Cotton', 'Tomato', 'Grains', 'Fruits']",Friday,t,7,w,0.91,0
10,339,Open,P,"['Onion', 'Potato', 'Cotton', 'Tomato', 'Grains', 'Fruits']",Thursday,t,3,w,0.88,1
6,118,Refrigerated,P,"['Onion', 'Potato', 'Cotton', 'Tomato', 'Grains', 'Fruits']",Friday,t,13,w,0.61,0
12,56,Open,P,"['Onion', 'Potato', 'Cotton', 'Tomato', 'Grains', 'Fruits']",Tuesday,t,14,w,0.56,0
12,311,Closed,P,"['Onion', 'Potato', 'Cotton', 'Tomato', 'Grains', 'Fruits']",Saturday,t,1,w,0.44,1
14,486,Open,P,"['Onion', 'Potato', 'Cotton', 'Tomato', 'Grains', 'Fruits']",Monday,t,6,w,0.6,0
6,517,Open,P,"['Onion', 'Potato', 'Cotton', 'Tomato', 'Grains', 'Fruits']",Thursday,t,15,w,0.89,1
14,193,Closed,P,"['Onion', 'Potato', 'Cotton', 'Tomato', 'Grains', 'Fruits']",Saturday,t,12,w,0.2,1
8,199,Open,P,"['Onion', 'Potato', 'Cotton', 'Tomato', 'Grains', 'Fruits']",Sunday,t,8,w,0.35,0
6,407,Refrigerated,P,"['Onion', 'Potato', 'Cotton', 'Tomato', 'Grains', 'Fruits']",Sunday,t,15,w,0.77,0
18,173,Refrigerated,P,"['Onion', 'Potato', 'Cotton', 'Tomato', 'Grains', 'Fruits']",Monday,t,11,w,0.46,0
18,353,Open,P,"['Onion', 'Potato', 'Cotton', 'Tomato', 'Grains', 'Fruits']",Friday,t,6,w,0.78,0
16,205,Open,P,"['Onion', 'Potato', 'Cotton', 'Tomato', 'Grains', 'Fruits']",Tuesday,t,11,w,0.79,0
10,180,Open,P,"['Onion', 'Potato', 'Cotton', 'Tomato', 'Grains', 'Fruits']",Sunday,t,7,w,0.54,0
12,481,Open,P,"['Onion', 'Potato', 'Cotton', 'Tomato', 'Grains', 'Fruits']",Wednesday,t,3,w,0.88,0
8,94,Open,P,"['Onion', 'Potato', 'Cotton', 'Tomato', 'Grains', 'Fruits']",Saturday,t,13,w,0.22,0
12,317,Closed,P,"['Onion', 'Potato', 'Cotton', 'Tomato', 'Grains', 'Fruits']",Friday,t,6,w,0.44,0
16,553,Open,P,"['Onion', 'Potato', 'Cotton', 'Tomato', 'Grains', 'Fruits']",Monday,t,12,w,0.63,0
18,446,Closed,P,"['Onion', 'Potato', 'Cotton', 'Tomato', 'Grains', 'Fruits']",Sunday,t,0,w,0.27,1
10,467,Closed,P,"['Onion', 'Potato', 'Cotton', 'Tomato', 'Grains', 'Fruits']",Tuesday,t,9,w,0.6,0
10,560,Refrigerated,P,"['Onion', 'Potato', 'Cotton', 'Tomato', 'Grains', 'Fruits']",Wednesday,t,1,w,0.72,0
6,450,Refrigerated,P,"['Onion', 'Potato', 'Cotton', 'Tomato', 'Grains', 'Fruits']",Monday,t,12,w,0.44,0
16,336,Open,P,"['Onion', 'Potato', 'Cotton', 'Tomato', 'Grains', 'Fruits']",Thursday,t,12,w,0.75,0
12,290,Closed,P,"['Onion', 'Potato', 'Cotton', 'Tomato', 'Grains', 'Fruits']",Sunday,t,12,w,0.81,1
6,103,Refrigerated,P,"['Onion', 'Potato', 'Cotton', 'Tomato', 'Grains', 'Fruits']",Monday,t,3,w,0.81,0
6,227,Refrigerated,P,"['Onion', 'Potato', 'Cotton', 'Tomato', 'Grains', 'Fruits']",Wednesday,t,2,w,0.61,0
6,285,Open,P,"['Onion', 'Potato', 'Cotton', 'Tomato', 'Grains', 'Fruits']",Saturday,t,14,w,0.52,0
10,596,Refrigerated,P,"['Onion', 'Potato', 'Cotton', 'Tomato', 'Grains', 'Fruits']",Friday,t,4,w,0.71,1
14,519,Refrigerated,P,"['Onion', 'Potato', 'Cotton', 'Tomato', 'Grains', 'Fruits']",Sunday,t,0,w,0.88,0
8,87,Closed,P,"['Onion', 'Potato', 'Cotton', 'Tomato', 'Grains', 'Fruits']",Saturday,t,0,w,0.57,1
14,192,Open,P,"['Onion', 'Potato', 'Cotton', 'Tomato', 'Grains', 'Fruits']",Saturday,t,4,w,0.65,0
16,79,Refrigerated,P,"['Onion', 'Potato', 'Cotton', 'Tomato', 'Grains', 'Fruits']",Thursday,t,13,w,0.72,0
18,178,Refrigerated,P,"['Onion', 'Potato', 'Cotton', 'Tomato', 'Grains', 'Fruits']",Thursday,t,13,w,0.22,1
10,520,Closed,P,"['Onion', 'Potato', 'Cotton', 'Tomato', 'Grains', 'Fruits']",Friday,t,5,w,0.52,0
6,249,Closed,P,"['Onion', 'Potato', 'Cotton', 'Tomato', 'Grains', 'Fruits']",Monday,t,10,w,0.34,0
6,524,Closed,P,"['Onion', 'Potato', 'Cotton', 'Tomato', 'Grains', 'Fruits']",Sunday,t,3,w,0.44,1
10,494,Closed,P,"['Onion', 'Potato', 'Cotton', 'Tomato', 'Grains', 'Fruits']",Thursday,t,0,w,0.88,0
6,374,Open,P,"['Onion', 'Potato', 'Cotton', 'Tomato', 'Grains', 'Fruits']",Saturday,t,3,w,0.28,1
20,242,Refrigerated,P,"['Onion', 'Potato', 'Cotton', 'Tomato', 'Grains', 'Fruits']",Sunday,t,11,w,0.46,0
8,166,Closed,P,"['Onion', 'Potato', 'Cotton', 'Tomato', 'Grains', 'Fruits']",Monday,t,11,w,0.2,1
10,585,Closed,P,"['Onion', 'Potato', 'Cotton', 'Tomato', 'Grains', 'Fruits']",Wednesday,t,1,w,0.68,1
6,176,Open,P,"['Onion', 'Potato', 'Cotton', 'Tomato', 'Grains', 'Fruits']",Wednesday,t,2,w,0.83,1
6,461,Refrigerated,P,"['Onion', 'Potato', 'Cotton', 'Tomato', 'Grains', 'Fruits']",Tuesday,t,5,w,0.84,1
8,66,Closed,P,"['Onion', 'Potato', 'Cotton', 'Tomato', 'Grains', 'Fruits']",Monday,t,15,w,0.21,1
10,444,Refrigerated,P,"['Onion', 'Potato', 'Cotton', 'Tomato', 'Grains', 'Fruits']",Tuesday,t,14,w,0.38,0
14,75,Refrigerated,P,"['Onion', 'Potato', 'Cotton', 'Tomato', 'Grains', 'Fruits']",Thursday,t,8,w,0.49,0
18,557,Closed,P,"['Onion', 'Potato', 'Cotton', 'Tomato', 'Grains', 'Fruits']",Saturday,t,15,w,0.47,0
12,310,Closed,P,"['Onion', 'Potato', 'Cotton', 'Tomato', 'Grains', 'Fruits']",Wednesday,t,13,w,0.47,1
14,568,Open,P,"['Onion', 'Potato', 'Cotton', 'Tomato', 'Grains', 'Fruits']",Friday,t,11,w,0.67,0
12,494,Closed,P,"['Onion', 'Potato', 'Cotton', 'Tomato', 'Grains', 'Fruits']",Friday,t,7,w,0.22,1
16,587,Closed,P,"['Onion', 'Potato', 'Cotton', 'Tomato', 'Grains', 'Fruits']",Friday,t,7,w,0.78,0
12,307,Closed,P,"['Onion', 'Potato', 'Cotton', 'Tomato', 'Grains', 'Fruits']",Sunday,t,10,w,0.47,0
16,111,Closed,P,"['Onion', 'Potato', 'Cotton', 'Tomato', 'Grains', 'Fruits']",Friday,t,8,w,0.55,1
20,251,Closed,P,"['Onion', 'Potato', 'Cotton', 'Tomato', 'Grains', 'Fruits']",Sunday,t,1,w,0.54,1
10,372,Closed,P,"['Onion', 'Potato', 'Cotton', 'Tomato', 'Grains', 'Fruits']",Saturday,t,7,w,0.25,0
16,162,Closed,P,"['Onion', 'Potato', 'Cotton', 'Tomato', 'Grains', 'Fruits']",Saturday,t,0,w,0.94,1
8,369,Open,P,"['Onion', 'Potato', 'Cotton', 'Tomato', 'Grains', 'Fruits']",Tuesday,t,4,w,0.65,0
12,279,Closed,P,"['Onion', 'Potato', 'Cotton', 'Tomato', 'Grains', 'Fruits']",Tuesday,t,3,w,0.31,1
14,220,Closed,P,"['Onion', 'Potato', 'Cotton', 'Tomato', 'Grains', 'Fruits']",Tuesday,t,8,w,0.61,0
10,402,Open,P,"['Onion', 'Potato', 'Cotton', 'Tomato', 'Grains', 'Fruits']",Friday,t,15,w,0.6,0
16,349,Closed,P,"['Onion', 'Potato', 'Cotton', 'Tomato', 'Grains', 'Fruits']",Wednesday,t,1,w,0.64,1
14,402,Closed,P,"['Onion', 'Potato', 'Cotton', 'Tomato', 'Grains', 'Fruits']",Sunday,t,14,w,0.89,0
8,475,Closed,P,"['Onion', 'Potato', 'Cotton', 'Tomato', 'Grains', 'Fruits']",Tuesday,t,8,w,0.27,0
16,537,Closed,P,"['Onion', 'Potato', 'Cotton', 'Tomato', 'Grains', 'Fruits']",Saturday,t,13,w,0.86,0
14,588,Open,P,"['Onion', 'Potato', 'Cotton', 'Tomato', 'Grains', 'Fruits']",Thursday,t,0,w,0.52,1
18,296,Open,P,"['Onion', 'Potato', 'Cotton', 'Tomato', 'Grains', 'Fruits']",Friday,t,2,w,0.76,1
6,387,Refrigerated,P,"['Onion', 'Potato', 'Cotton', 'Tomato', 'Grains', 'Fruits']",Sunday,t,13,w,0.37,0
12,337,Open,P,"['Onion', 'Potato', 'Cotton', 'Tomato', 'Grains', 'Fruits']",Wednesday,t,2,w,0.69,1
12,460,Closed,P,"['Onion', 'Potato', 'Cotton', 'Tomato', 'Grains', 'Fruits']",Monday,t,5,w,0.28,1
16,502,Closed,P,"['Onion', 'Potato', 'Cotton', 'Tomato', 'Grains', 'Fruits']",Tuesday,t,3,w,0.42,1
14,248,Open,P,"['Onion', 'Potato', 'Cotton', 'Tomato', 'Grains', 'Fruits']",Saturday,t,7,w,0.86,0
8,89,Refrigerated,P,"['Onion', 'Potato', 'Cotton', 'Tomato', 'Grains', 'Fruits']",Saturday,t,15,w,0.71,1
10,167,Refrigerated,P,"['Onion', 'Potato', 'Cotton', 'Tomato', 'Grains', 'Fruits']",Friday,t,12,w,0.81,1
10,571,Open,P,"['Onion', 'Potato', 'Cotton', 'Tomato', 'Grains', 'Fruits']",Tuesday,t,1,w,0.37,1
12,456,Refrigerated,P,"['Onion', 'Potato', 'Cotton', 'Tomato', 'Grains', 'Fruits']",Sunday,t,14,w,0.71,0
6,417,Open,P,"['Onion', 'Potato', 'Cotton', 'Tomato', 'Grains', 'Fruits']",Thursday,t,14,w,0.46,0
8,432,Open,P,"['Onion', 'Potato', 'Cotton', 'Tomato', 'Grains', 'Fruits']",Wednesday,t,10,w,0.21,1
18,583,Open,P,"['Onion', 'Potato', 'Cotton', 'Tomato', 'Grains', 'Fruits']",Friday,t,6,w,0.68,1
16,565,Closed,P,"['Onion', 'Potato', 'Cotton', 'Tomato', 'Grains', 'Fruits']",Sunday,t,1,w,0.69,1
12,329,Closed,P,"['Onion', 'Potato', 'Cotton', 'Tomato', 'Grains', 'Fruits']",Saturday,t,9,w,0.6,1
18,567,Open,P,"['Onion', 'Potato', 'Cotton', 'Tomato', 'Grains', 'Fruits']",Monday,t,4,w,0.33,0
8,299,Open,P,"['Onion', 'Potato', 'Cotton', 'Tomato', 'Grains', 'Fruits']",Thursday,t,3,w,0.32,1
10,420,Open,P,"['Onion', 'Potato', 'Cotton', 'Tomato', 'Grains', 'Fruits']",Monday,t,2,w,0.59,1
12,475,Open,P,"['Onion', 'Potato', 'Cotton', 'Tomato', 'Grains', 'Fruits']",Friday,t,15,w,0.75,0
14,547,Closed,P,"['Onion', 'Potato', 'Cotton', 'Tomato', 'Grains', 'Fruits']",Tuesday,t,1,w,0.47,0
8,101,Closed,P,"['Onion', 'Potato', 'Cotton', 'Tomato', 'Grains', 'Fruits']",Thursday,t,13,w,0.4,0
16,156,Open,P,"['Onion', 'Potato', 'Cotton', 'Tomato', 'Grains', 'Fruits']",Thursday,t,11,w,0.77,0
8,321,Refrigerated,P,"['Onion', 'Potato', 'Cotton', 'Tomato', 'Grains', 'Fruits']",Wednesday,t,11,w,0.65,0
16,448,Open,P,"['Onion', 'Potato', 'Cotton', 'Tomato', 'Grains', 'Fruits']",Thursday,t,15,w,0.38,0
8,563,Refrigerated,P,"['Onion', 'Potato', 'Cotton', 'Tomato', 'Grains', 'Fruits']",Sunday,t,13,w,0.64,1
18,440,Closed,P,"['Onion', 'Potato', 'Cotton', 'Tomato', 'Grains', 'Fruits']",Monday,t,11,w,0.36,0
20,343,Open,P,"['Onion', 'Potato', 'Cotton', 'Tomato', 'Grains', 'Fruits']",Saturday,t,6,w,0.7,0
18,440,Open,P,"['Onion', 'Potato', 'Cotton', 'Tomato', 'Grains', 'Fruits']",Thursday,t,6,w,0.42,1
20,476,Open,P,"['Onion', 'Potato', 'Cotton', 'Tomato', 'Grains', 'Fruits']",Tuesday,t,11,w,0.42,0
18,262,Closed,P,"['Onion', 'Potato', 'Cotton', 'Tomato', 'Grains', 'Fruits']",Thursday,t,8,w,0.43,0
20,72,Open,P,"['Onion', 'Potato', 'Cotton', 'Tomato', 'Grains', 'Fruits']",Friday,t,0,w,0.41,0
12,461,Refrigerated,P,"['Onion', 'Potato', 'Cotton', 'Tomato', 'Grains', 'Fruits']",Saturday,t,11,w,0.76,0
8,221,Closed,P,"['Onion', 'Potato', 'Cotton', 'Tomato', 'Grains', 'Fruits']",Thursday,t,7,w,0.25,1
10,146,Open,P,"['Onion', 'Potato', 'Cotton', 'Tomato', 'Grains', 'Fruits']",Tuesday,t,5,w,0.56,1
8,507,Refrigerated,P,"['Onion', 'Potato', 'Cotton', 'Tomato', 'Grains', 'Fruits']",Saturday,t,15,w,0.71,0
14,538,Closed,P,"['Onion', 'Potato', 'Cotton', 'Tomato', 'Grains', 'Fruits']",Friday,t,10,w,0.9,0
8,335,Refrigerated,P,"['Onion', 'Potato', 'Cotton', 'Tomato', 'Grains', 'Fruits']",Sunday,t,13,w,0.59,0
8,59,Closed,P,"['Onion', 'Potato', 'Cotton', 'Tomato', 'Grains', 'Fruits']",Thursday,t,10,w,0.85,0
8,222,Refrigerated,P,"['Onion', 'Potato', 'Cotton', 'Tomato', 'Grains', 'Fruits']",Wednesday,t,14,w,0.76,1
14,470,Open,P,"['Onion', 'Potato', 'Cotton', 'Tomato', 'Grains', 'Fruits']",Friday,t,2,w,0.59,1
6,451,Refrigerated,P,"['Onion', 'Potato', 'Cotton', 'Tomato', 'Grains', 'Fruits']",Saturday,t,3,w,0.68,1
20,406,Open,P,"['Onion', 'Potato', 'Cotton', 'Tomato', 'Grains', 'Fruits']",Monday,t,7,w,0.52,0
8,531,Refrigerated,P,"['Onion', 'Potato', 'Cotton', 'Tomato', 'Grains', 'Fruits']",Wednesday,t,1,w,0.72,1
10,415,Refrigerated,P,"['Onion', 'Potato', 'Cotton', 'Tomato', 'Grains', 'Fruits']",Wednesday,t,7,w,0.72,0
12,176,Open,P,"['Onion', 'Potato', 'Cotton', 'Tomato', 'Grains', 'Fruits']",Sunday,t,6,w,0.31,0
16,158,Closed,P,"['Onion', 'Potato', 'Cotton', 'Tomato', 'Grains', 'Fruits']",Monday,t,10,w,0.67,0
14,555,Closed,P,"['Onion', 'Potato', 'Cotton', 'Tomato', 'Grains', 'Fruits']",Monday,t,6,w,0.81,0
12,317,Closed,P,"['Onion', 'Potato', 'Cotton', 'Tomato', 'Grains', 'Fruits']",Monday,t,8,w,0.38,1
6,298,Open,P,"['Onion', 'Potato', 'Cotton', 'Tomato', 'Grains', 'Fruits']",Friday,t,10,w,0.69,0
16,525,Open,P,"['Onion', 'Potato', 'Cotton', 'Tomato', 'Grains', 'Fruits']",Saturday,t,5,w,0.55,0
16,145,Closed,P,"['Onion', 'Potato', 'Cotton', 'Tomato', 'Grains', 'Fruits']",Friday,t,2,w,0.36,1
18,513,Open,P,"['Onion', 'Potato', 'Cotton', 'Tomato', 'Grains', 'Fruits']",Saturday,t,3,w,0.69,0
10,362,Open,P,"['Onion', 'Potato', 'Cotton', 'Tomato', 'Grains', 'Fruits']",Saturday,t,8,w,0.72,0
12,112,Closed,P,"['Onion', 'Potato', 'Cotton', 'Tomato', 'Grains', 'Fruits']",Tuesday,t,13,w,0.43,0
8,367,Closed,P,"['Onion', 'Potato', 'Cotton', 'Tomato', 'Grains', 'Fruits']",Tuesday,t,8,w,0.7,1
14,300,Closed,P,"['Onion', 'Potato', 'Cotton', 'Tomato', 'Grains', 'Fruits']",Saturday,t,14,w,0.46,1
18,116,Closed,P,"['Onion', 'Potato', 'Cotton', 'Tomato', 'Grains', 'Fruits']",Wednesday,t,9,w,0.43,0
8,247,Closed,P,"['Onion', 'Potato', 'Cotton', 'Tomato', 'Grains', 'Fruits']",Wednesday,t,4,w,0.83,0
6,570,Open,P,"['Onion', 'Potato', 'Cotton', 'Tomato', 'Grains', 'Fruits']",Sunday,t,2,w,0.68,1
14,235,Refrigerated,P,"['Onion', 'Potato', 'Cotton', 'Tomato', 'Grains', 'Fruits']",Monday,t,7,w,0.49,0
18,227,Open,P,"['Onion', 'Potato', 'Cotton', 'Tomato', 'Grains', 'Fruits']",Tuesday,t,12,w,0.63,1
12,66,Refrigerated,P,"['Onion', 'Potato', 'Cotton', 'Tomato', 'Grains', 'Fruits']",Sunday,t,4,w,0.69,1
18,484,Refrigerated,P,"['Onion', 'Potato', 'Cotton', 'Tomato', 'Grains', 'Fruits']",Friday,t,8,w,0.34,0
12,293,Closed,P,"['Onion', 'Potato', 'Cotton', 'Tomato', 'Grains', 'Fruits']",Thursday,t,3,w,0.53,0
18,420,Closed,P,"['Onion', 'Potato', 'Cotton', 'Tomato', 'Grains', 'Fruits']",Wednesday,t,5,w,0.91,0
16,71,Closed,P,"['Onion', 'Potato', 'Cotton', 'Tomato', 'Grains', 'Fruits']",Tuesday,t,0,w,0.32,1
16,328,Closed,P,"['Onion', 'Potato', 'Cotton', 'Tomato', 'Grains', 'Fruits']",Tuesday,t,13,w,0.45,1
20,464,Closed,P,"['Onion', 'Potato', 'Cotton', 'Tomato', 'Grains', 'Fruits']",Wednesday,t,3,w,0.2,0
16,330,Open,P,"['Onion', 'Potato', 'Cotton', 'Tomato', 'Grains', 'Fruits']",Tuesday,t,9,w,0.7,0
20,314,Closed,P,"['Onion', 'Potato', 'Cotton', 'Tomato', 'Grains', 'Fruits']",Thursday,t,14,w,0.85,0
6,137,Closed,P,"['Onion', 'Potato', 'Cotton', 'Tomato', 'Grains', 'Fruits']",Monday,t,0,w,0.8,0
20,155,Closed,P,"['Onion', 'Potato', 'Cotton', 'Tomato', 'Grains', 'Fruits']",Thursday,t,13,w,0.75,0
18,70,Refrigerated,P,"['Onion', 'Potato', 'Cotton', 'Tomato', 'Grains', 'Fruits']",Thursday,t,9,w,0.62,1
14,262,Closed,P,"['Onion', 'Potato', 'Cotton', 'Tomato', 'Grains', 'Fruits']",Friday,t,0,w,0.44,1
18,468,Refrigerated,P,"['Onion', 'Potato', 'Cotton', 'Tomato', 'Grains', 'Fruits']",Thursday,t,9,w,0.3,0
10,495,Open,P,"['Onion', 'Potato', 'Cotton', 'Tomato', 'Grains', 'Fruits']",Sunday,t,10,w,0.29,0
16,107,Refrigerated,P,"['Onion', 'Potato', 'Cotton', 'Tomato', 'Grains', 'Fruits']",Friday,t,15,w,0.76,0
14,576,Open,P,"['Onion', 'Potato', 'Cotton', 'Tomato', 'Grains', 'Fruits']",Sunday,t,9,w,0.77,0
6,444,Open,P,"['Onion', 'Potato', 'Cotton', 'Tomato', 'Grains', 'Fruits']",Friday,t,7,w,0.74,0
10,499,Refrigerated,P,"['Onion', 'Potato', 'Cotton', 'Tomato', 'Grains', 'Fruits']",Friday,t,2,w,0.2,0
16,200,Refrigerated,P,"['Onion', 'Potato', 'Cotton', 'Tomato', 'Grains', 'Fruits']",Thursday,t,12,w,0.24,1
10,102,Open,P,"['Onion', 'Potato', 'Cotton', 'Tomato', 'Grains', 'Fruits']",Tuesday,t,9,w,0.36,1
18,300,Open,P,"['Onion', 'Potato', 'Cotton', 'Tomato', 'Grains', 'Fruits']",Friday,t,4,w,0.37,1
20,98,Closed,P,"['Onion', 'Potato', 'Cotton', 'Tomato', 'Grains', 'Fruits']",Sunday,t,14,w,0.41,0
18,227,Refrigerated,P,"['Onion', 'Potato', 'Cotton', 'Tomato', 'Grains', 'Fruits']",Tuesday,t,7,w,0.53,1
20,557,Closed,P,"['Onion', 'Potato', 'Cotton', 'Tomato', 'Grains', 'Fruits']",Sunday,t,8,w,0.69,0
16,191,Refrigerated,P,"['Onion', 'Potato', 'Cotton', 'Tomato', 'Grains', 'Fruits']",Sunday,t,14,w,0.79,0
12,537,Closed,P,"['Onion', 'Potato', 'Cotton', 'Tomato', 'Grains', 'Fruits']",Thursday,t,9,w,0.4,0
20,481,Closed,P,"['Onion', 'Potato', 'Cotton', 'Tomato', 'Grains', 'Fruits']",Monday,t,14,w,0.35,1
20,262,Refrigerated,P,"['Onion', 'Potato', 'Cotton', 'Tomato', 'Grains', 'Fruits']",Monday,t,1,w,0.63,1
18,431,Closed,P,"['Onion', 'Potato', 'Cotton', 'Tomato', 'Grains', 'Fruits']",Saturday,t,7,w,0.74,0
16,482,Closed,P,"['Onion', 'Potato', 'Cotton', 'Tomato', 'Grains', 'Fruits']",Wednesday,t,6,w,0.91,1
6,87,Closed,P,"['Onion', 'Potato', 'Cotton', 'Tomato', 'Grains', 'Fruits']",Monday,t,2,w,0.75,0
16,481,Open,P,"['Onion', 'Potato', 'Cotton', 'Tomato', 'Grains', 'Fruits']",Friday,t,10,w,0.27,0
12,508,Closed,P,"['Onion', 'Potato', 'Cotton', 'Tomato', 'Grains', 'Fruits']",Thursday,t,9,w,0.55,1
18,573,Closed,P,"['Onion', 'Potato', 'Cotton', 'Tomato', 'Grains', 'Fruits']",Wednesday,t,13,w,0.7,0
10,66,Refrigerated,P,"['Onion', 'Potato', 'Cotton', 'Tomato', 'Grains', 'Fruits']",Saturday,t,11,w,0.46,0
8,332,Refrigerated,P,"['Onion', 'Potato', 'Cotton', 'Tomato', 'Grains', 'Fruits']",Saturday,t,7,w,0.75,0
18,342,Open,P,"['Onion', 'Potato', 'Cotton', 'Tomato', 'Grains', 'Fruits']",Wednesday,t,7,w,0.33,1
16,118,Open,P,"['Onion', 'Potato', 'Cotton', 'Tomato', 'Grains', 'Fruits']",Friday,t,12,w,0.43,0
12,142,Closed,P,"['Onion', 'Potato', 'Cotton', 'Tomato', 'Grains', 'Fruits']",Saturday,t,5,w,0.54,0
6,242,Closed,P,"['Onion', 'Potato', 'Cotton', 'Tomato', 'Grains', 'Fruits']",Wednesday,t,0,w,0.89,0
12,415,Open,P,"['Onion', 'Potato', 'Cotton', 'Tomato', 'Grains', 'Fruits']",Thursday,t,15,w,0.43,0
16,128,Refrigerated,P,"['Onion', 'Potato', 'Cotton', 'Tomato', 'Grains', 'Fruits']",Monday,t,11,w,0.35,0
16,597,Open,P,"['Onion', 'Potato', 'Cotton', 'Tomato', 'Grains', 'Fruits']",Tuesday,t,5,w,0.57,1
6,585,Closed,P,"['Onion', 'Potato', 'Cotton', 'Tomato', 'Grains', 'Fruits']",Tuesday,t,10,w,0.81,0
8,435,Closed,P,"['Onion', 'Potato', 'Cotton', 'Tomato', 'Grains', 'Fruits']",Sunday,t,6,w,0.91,0
8,92,Refrigerated,P,"['Onion', 'Potato', 'Cotton', 'Tomato', 'Grains', 'Fruits']",Tuesday,t,8,w,0.34,0
10,369,Open,P,"['Onion', 'Potato', 'Cotton', 'Tomato', 'Grains', 'Fruits']",Saturday,t,14,w,0.93,0
8,227,Open,P,"['Onion', 'Potato', 'Cotton', 'Tomato', 'Grains', 'Fruits']",Tuesday,t,6,w,0.27,0
8,251,Open,P,"['Onion', 'Potato', 'Cotton', 'Tomato', 'Grains', 'Fruits']",Wednesday,t,11,w,0.84,0
6,244,Open,P,"['Onion', 'Potato', 'Cotton', 'Tomato', 'Grains', 'Fruits']",Wednesday,t,14,w,0.6,1
6,467,Closed,P,"['Onion', 'Potato', 'Cotton', 'Tomato', 'Grains', 'Fruits']",Saturday,t,10,w,0.51,0
14,383,Closed,P,"['Onion', 'Potato', 'Cotton', 'Tomato', 'Grains', 'Fruits']",Sunday,t,3,w,0.5,0
14,399,Open,P,"['Onion', 'Potato', 'Cotton', 'Tomato', 'Grains', 'Fruits']",Thursday,t,2,w,0.22,0
18,439,Refrigerated,P,"['Onion', 'Potato', 'Cotton', 'Tomato', 'Grains', 'Fruits']",Monday,t,4,w,0.7,0
18,598,Open,P,"['Onion', 'Potato', 'Cotton', 'Tomato', 'Grains', 'Fruits']",Sunday,t,4,w,0.67,0
18,224,Refrigerated,P,"['Onion', 'Potato', 'Cotton', 'Tomato', 'Grains', 'Fruits']",Sunday,t,4,w,0.6,0
8,53,Open,P,"['Onion', 'Potato', 'Cotton', 'Tomato', 'Grains', 'Fruits']",Friday,t,4,w,0.57,0
20,100,Refrigerated,P,"['Onion', 'Potato', 'Cotton', 'Tomato', 'Grains', 'Fruits']",Tuesday,t,0,w,0.92,0
14,397,Refrigerated,P,"['Onion', 'Potato', 'Cotton', 'Tomato', 'Grains', 'Fruits']",Saturday,t,8,w,0.62,1
16,140,Closed,P,"['Onion', 'Potato', 'Cotton', 'Tomato', 'Grains', 'Fruits']",Tuesday,t,10,w,0.73,0
18,66,Closed,P,"['Onion', 'Potato', 'Cotton', 'Tomato', 'Grains', 'Fruits']",Wednesday,t,5,w,0.4,1
14,538,Closed,P,"['Onion', 'Potato', 'Cotton', 'Tomato', 'Grains', 'Fruits']",Sunday,t,10,w,0.74,0
16,496,Closed,P,"['Onion', 'Potato', 'Cotton', 'Tomato', 'Grains', 'Fruits']",Tuesday,t,3,w,0.45,1
10,275,Refrigerated,P,"['Onion', 'Potato', 'Cotton', 'Tomato', 'Grains', 'Fruits']",Friday,t,12,w,0.52,0
12,125,Open,P,"['Onion', 'Potato', 'Cotton', 'Tomato', 'Grains', 'Fruits']",Saturday,t,13,w,0.86,0
8,150,Refrigerated,P,"['Onion', 'Potato', 'Cotton', 'Tomato', 'Grains', 'Fruits']",Friday,t,0,w,0.56,0
20,131,Refrigerated,P,"['Onion', 'Potato', 'Cotton', 'Tomato', 'Grains', 'Fruits']",Tuesday,t,6,w,0.29,1
16,301,Refrigerated,P,"['Onion', 'Potato', 'Cotton', 'Tomato', 'Grains', 'Fruits']",Saturday,t,9,w,0.64,0
6,420,Open,P,"['Onion', 'Potato', 'Cotton', 'Tomato', 'Grains', 'Fruits']",Thursday,t,7,w,0.86,0
12,107,Refrigerated,P,"['Onion', 'Potato', 'Cotton', 'Tomato', 'Grains', 'Fruits']",Saturday,t,4,w,0.57,1
18,591,Refrigerated,P,"['Onion', 'Potato', 'Cotton', 'Tomato', 'Grains', 'Fruits']",Sunday,t,12,w,0.64,0
10,212,Refrigerated,P,"['Onion', 'Potato', 'Cotton', 'Tomato', 'Grains', 'Fruits']",Saturday,t,3,w,0.32,1
16,487,Refrigerated,P,"['Onion', 'Potato', 'Cotton', 'Tomato', 'Grains', 'Fruits']",Saturday,t,15,w,0.68,0
18,335,Closed,P,"['Onion', 'Potato', 'Cotton', 'Tomato', 'Grains', 'Fruits']",Thursday,t,8,w,0.82,0
12,415,Refrigerated,P,"['Onion', 'Potato', 'Cotton', 'Tomato', 'Grains', 'Fruits']",Monday,t,10,w,0.71,0
10,565,Refrigerated,P,"['Onion', 'Potato', 'Cotton', 'Tomato', 'Grains', 'Fruits']",Wednesday,t,8,w,0.93,0
18,210,Closed,P,"['Onion', 'Potato', 'Cotton', 'Tomato', 'Grains', 'Fruits']",Wednesday,t,3,w,0.52,1
18,414,Closed,P,"['Onion', 'Potato', 'Cotton', 'Tomato', 'Grains', 'Fruits']",Sunday,t,13,w,0.87,0
18,293,Refrigerated,P,"['Onion', 'Potato', 'Cotton', 'Tomato', 'Grains', 'Fruits']",Sunday,t,6,w,0.75,1
8,455,Open,P,"['Onion', 'Potato', 'Cotton', 'Tomato', 'Grains', 'Fruits']",Monday,t,15,w,0.33,1
14,270,Closed,P,"['Onion', 'Potato', 'Cotton', 'Tomato', 'Grains', 'Fruits']",Thursday,t,13,w,0.63,0
6,134,Refrigerated,P,"['Onion', 'Potato', 'Cotton', 'Tomato', 'Grains', 'Fruits']",Wednesday,t,6,w,0.88,1
16,274,Closed,P,"['Onion', 'Potato', 'Cotton', 'Tomato', 'Grains', 'Fruits']",Wednesday,t,12,w,0.28,1
18,66,Closed,P,"['Onion', 'Potato', 'Cotton', 'Tomato', 'Grains', 'Fruits']",Friday,t,12,w,0.66,0
18,191,Closed,P,"['Onion', 'Potato', 'Cotton', 'Tomato', 'Grains', 'Fruits']",Monday,t,6,w,0.89,0
8,159,Refrigerated,P,"['Onion', 'Potato', 'Cotton', 'Tomato', 'Grains', 'Fruits']",Saturday,t,13,w,0.75,1
16,93,Open,P,"['Onion', 'Potato', 'Cotton', 'Tomato', 'Grains', 'Fruits']",Wednesday,t,6,w,0.85,0
16,192,Open,P,"['Onion', 'Potato', 'Cotton', 'Tomato', 'Grains', 'Fruits']",Thursday,t,13,w,0.36,1
14,345,Refrigerated,P,"['Onion', 'Potato', 'Cotton', 'Tomato', 'Grains', 'Fruits']",Monday,t,0,w,0.82,0
8,566,Open,P,"['Onion', 'Potato', 'Cotton', 'Tomato', 'Grains', 'Fruits']",Thursday,t,11,w,0.31,1
8,364,Refrigerated,P,"['Onion', 'Potato', 'Cotton', 'Tomato', 'Grains', 'Fruits']",Wednesday,t,3,w,0.89,1
12,579,Refrigerated,P,"['Onion', 'Potato', 'Cotton', 'Tomato', 'Grains', 'Fruits']",Saturday,t,8,w,0.53,0
6,542,Open,P,"['Onion', 'Potato', 'Cotton', 'Tomato', 'Grains', 'Fruits']",Wednesday,t,8,w,0.68,0
18,599,Closed,P,"['Onion', 'Potato', 'Cotton', 'Tomato', 'Grains', 'Fruits']",Monday,t,13,w,0.91,0
14,105,Closed,P,"['Onion', 'Potato', 'Cotton', 'Tomato', 'Grains', 'Fruits']",Saturday,t,9,w,0.46,0
8,102,Refrigerated,P,"['Onion', 'Potato', 'Cotton', 'Tomato', 'Grains', 'Fruits']",Monday,t,10,w,0.55,0
14,296,Refrigerated,P,"['Onion', 'Potato', 'Cotton', 'Tomato', 'Grains', 'Fruits']",Sunday,t,15,w,0.33,1
16,460,Closed,P,"['Onion', 'Potato', 'Cotton', 'Tomato', 'Grains', 'Fruits']",Tuesday,t,8,w,0.43,0
16,528,Open,P,"['Onion', 'Potato', 'Cotton', 'Tomato', 'Grains', 'Fruits']",Tuesday,t,4,w,0.93,1
16,547,Refrigerated,P,"['Onion', 'Potato', 'Cotton', 'Tomato', 'Grains', 'Fruits']",Sunday,t,11,w,0.69,1
14,170,Open,P,"['Onion', 'Potato', 'Cotton', 'Tomato', 'Grains', 'Fruits']",Tuesday,t,6,w,0.53,0
14,460,Refrigerated,P,"['Onion', 'Potato', 'Cotton', 'Tomato', 'Grains', 'Fruits']",Saturday,t,8,w,0.7,0
12,347,Open,P,"['Onion', 'Potato', 'Cotton', 'Tomato', 'Grains', 'Fruits']",Saturday,t,10,w,0.59,0
16,462,Open,P,"['Onion', 'Potato', 'Cotton', 'Tomato', 'Grains', 'Fruits']",Thursday,t,6,w,0.28,1
6,90,Open,P,"['Onion', 'Potato', 'Cotton', 'Tomato', 'Grains', 'Fruits']",Saturday,t,12,w,0.63,0
20,492,Refrigerated,P,"['Onion', 'Potato', 'Cotton', 'Tomato', 'Grains', 'Fruits']",Friday,t,10,w,0.5,1
16,292,Refrigerated,P,"['Onion', 'Potato', 'Cotton', 'Tomato', 'Grains', 'Fruits']",Thursday,t,7,w,0.95,0
12,426,Refrigerated,P,"['Onion', 'Potato', 'Cotton', 'Tomato', 'Grains', 'Fruits']",Saturday,t,1,w,0.24,1
12,326,Open,P,"['Onion', 'Potato', 'Cotton', 'Tomato', 'Grains', 'Fruits']",Tuesday,t,3,w,0.66,1
20,367,Open,P,"['Onion', 'Potato', 'Cotton', 'Tomato', 'Grains', 'Fruits']",Saturday,t,7,w,0.5,1
20,473,Closed,P,"['Onion', 'Potato', 'Cotton', 'Tomato', 'Grains', 'Fruits']",Saturday,t,0,w,0.73,0
6,102,Closed,P,"['Onion', 'Potato', 'Cotton', 'Tomato', 'Grains', 'Fruits']",Sunday,t,13,w,0.62,0
10,400,Open,P,"['Onion', 'Potato', 'Cotton', 'Tomato', 'Grains', 'Fruits']",Tuesday,t,8,w,0.31,0
18,489,Refrigerated,P,"['Onion', 'Potato', 'Cotton', 'Tomato', 'Grains', 'Fruits']",Monday,t,4,w,0.8,1
10,380,Open,P,"['Onion', 'Potato', 'Cotton', 'Tomato', 'Grains', 'Fruits']",Monday,t,15,w,0.83,0
18,376,Closed,P,"['Onion', 'Potato', 'Cotton', 'Tomato', 'Grains', 'Fruits']",Saturday,t,12,w,0.73,0
16,336,Closed,P,"['Onion', 'Potato', 'Cotton', 'Tomato', 'Grains', 'Fruits']",Monday,t,10,w,0.36,1
6,396,Open,P,"['Onion', 'Potato', 'Cotton', 'Tomato', 'Grains', 'Fruits']",Tuesday,t,6,w,0.83,0
8,599,Closed,P,"['Onion', 'Potato', 'Cotton', 'Tomato', 'Grains', 'Fruits']",Monday,t,12,w,0.32,1
12,253,Open,P,"['Onion', 'Potato', 'Cotton', 'Tomato', 'Grains', 'Fruits']",Wednesday,t,3,w,0.34,1
18,61,Open,P,"['Onion', 'Potato', 'Cotton', 'Tomato', 'Grains', 'Fruits']",Friday,t,12,w,0.55,0
6,481,Refrigerated,P,"['Onion', 'Potato', 'Cotton', 'Tomato', 'Grains', 'Fruits']",Thursday,t,7,w,0.48,1
20,481,Refrigerated,P,"['Onion', 'Potato', 'Cotton', 'Tomato', 'Grains', 'Fruits']",Saturday,t,13,w,0.92,1
18,100,Refrigerated,P,"['Onion', 'Potato', 'Cotton', 'Tomato', 'Grains', 'Fruits']",Monday,t,7,w,0.37,1
14,386,Closed,P,"['Onion', 'Potato', 'Cotton', 'Tomato', 'Grains', 'Fruits']",Friday,t,14,w,0.28,1
16,286,Refrigerated,P,"['Onion', 'Potato', 'Cotton', 'Tomato', 'Grains', 'Fruits']",Thursday,t,1,w,0.68,1
8,511,Refrigerated,P,"['Onion', 'Potato', 'Cotton', 'Tomato', 'Grains', 'Fruits']",Monday,t,11,w,0.34,1
18,525,Open,P,"['Onion', 'Potato', 'Cotton', 'Tomato', 'Grains', 'Fruits']",Wednesday,t,3,w,0.89,1
18,191,Closed,P,"['Onion', 'Potato', 'Cotton', 'Tomato', 'Grains', 'Fruits']",Thursday,t,4,w,0.28,0
6,572,Closed,P,"['Onion', 'Potato', 'Cotton', 'Tomato', 'Grains', 'Fruits']",Sunday,t,0,w,0.85,1
16,286,Refrigerated,P,"['Onion', 'Potato', 'Cotton', 'Tomato', 'Grains', 'Fruits']",Tuesday,t,0,w,0.47,0
8,541,Closed,P,"['Onion', 'Potato', 'Cotton', 'Tomato', 'Grains', 'Fruits']",Wednesday,t,6,w,0.29,0
14,98,Open,P,"['Onion', 'Potato', 'Cotton', 'Tomato', 'Grains', 'Fruits']",Friday,t,6,w,0.63,0
20,62,Open,P,"['Onion', 'Potato', 'Cotton', 'Tomato', 'Grains', 'Fruits']",Sunday,t,3,w,0.9,0
6,246,Open,P,"['Onion', 'Potato', 'Cotton', 'Tomato', 'Grains', 'Fruits']",Thursday,t,1,w,0.26,0
18,54,Closed,P,"['Onion', 'Potato', 'Cotton', 'Tomato', 'Grains', 'Fruits']",Thursday,t,7,w,0.36,0
8,514,Closed,P,"['Onion', 'Potato', 'Cotton', 'Tomato', 'Grains', 'Fruits']",Thursday,t,1,w,0.49,1
20,288,Open,P,"['Onion', 'Potato', 'Cotton', 'Tomato', 'Grains', 'Fruits']",Sunday,t,1,w,0.37,0
20,391,Closed,P,"['Onion', 'Potato', 'Cotton', 'Tomato', 'Grains', 'Fruits']",Sunday,t,3,w,0.43,0
6,360,Refrigerated,P,"['Onion', 'Potato', 'Cotton', 'Tomato', 'Grains', 'Fruits']",Saturday,t,3,w,0.94,0
14,216,Closed,P,"['Onion', 'Potato', 'Cotton', 'Tomato', 'Grains', 'Fruits']",Thursday,t,9,w,0.51,1
20,534,Closed,P,"['Onion', 'Potato', 'Cotton', 'Tomato', 'Grains', 'Fruits']",Thursday,t,9,w,0.51,0
20,205,Open,P,"['Onion', 'Potato', 'Cotton', 'Tomato', 'Grains', 'Fruits']",Saturday,t,9,w,0.4,1
12,60,Refrigerated,P,"['Onion', 'Potato', 'Cotton', 'Tomato', 'Grains', 'Fruits']",Saturday,t,11,w,0.21,0
10,467,Open,P,"['Onion', 'Potato', 'Cotton', 'Tomato', 'Grains', 'Fruits']",Friday,t,13,w,0.23,1
20,517,Closed,P,"['Onion', 'Potato', 'Cotton', 'Tomato', 'Grains', 'Fruits']",Thursday,t,6,w,0.31,0
10,504,Open,P,"['Onion', 'Potato', 'Cotton', 'Tomato', 'Grains', 'Fruits']",Monday,t,7,w,0.29,1
10,83,Closed,P,"['Onion', 'Potato', 'Cotton', 'Tomato', 'Grains', 'Fruits']",Wednesday,t,5,w,0.34,1
10,270,Refrigerated,P,"['Onion', 'Potato', 'Cotton', 'Tomato', 'Grains', 'Fruits']",Wednesday,t,12,w,0.79,0
18,314,Refrigerated,P,"['Onion', 'Potato', 'Cotton', 'Tomato', 'Grains', 'Fruits']",Saturday,t,12,w,0.69,0
18,380,Open,P,"['Onion', 'Potato', 'Cotton', 'Tomato', 'Grains', 'Fruits']",Monday,t,10,w,0.56,1
18,321,Closed,P,"['Onion', 'Potato', 'Cotton', 'Tomato', 'Grains', 'Fruits']",Wednesday,t,10,w,0.28,0
6,312,Open,P,"['Onion', 'Potato', 'Cotton', 'Tomato', 'Grains', 'Fruits']",Wednesday,t,4,w,0.44,1
14,185,Closed,P,"['Onion', 'Potato', 'Cotton', 'Tomato', 'Grains', 'Fruits']",Sunday,t,15,w,0.61,0
18,78,Refrigerated,P,"['Onion', 'Potato', 'Cotton', 'Tomato', 'Grains', 'Fruits']",Monday,t,4,w,0.29,0
6,145,Refrigerated,P,"['Onion', 'Potato', 'Cotton', 'Tomato', 'Grains', 'Fruits']",Friday,t,13,w,0.91,0
20,587,Closed,P,"['Onion', 'Potato', 'Cotton', 'Tomato', 'Grains', 'Fruits']",Friday,t,6,w,0.39,1
16,468,Open,P,"['Onion', 'Potato', 'Cotton', 'Tomato', 'Grains', 'Fruits']",Thursday,t,9,w,0.29,1
10,568,Open,P,"['Onion', 'Potato', 'Cotton', 'Tomato', 'Grains', 'Fruits']",Monday,t,10,w,0.73,0
16,131,Open,P,"['Onion', 'Potato', 'Cotton', 'Tomato', 'Grains', 'Fruits']",Tuesday,t,0,w,0.74,1
14,118,Closed,P,"['Onion', 'Potato', 'Cotton', 'Tomato', 'Grains', 'Fruits']",Friday,t,4,w,0.24,1
10,527,Closed,P,"['Onion', 'Potato', 'Cotton', 'Tomato', 'Grains', 'Fruits']",Sunday,t,11,w,0.5,0
14,224,Open,P,"['Onion', 'Potato', 'Cotton', 'Tomato', 'Grains', 'Fruits']",Sunday,t,1,w,0.6,1
12,256,Open,P,"['Onion', 'Potato', 'Cotton', 'Tomato', 'Grains', 'Fruits']",Friday,t,4,w,0.72,0
6,486,Open,P,"['Onion', 'Potato', 'Cotton', 'Tomato', 'Grains', 'Fruits']",Sunday,t,10,w,0.93,1
20,127,Closed,P,"['Onion', 'Potato', 'Cotton', 'Tomato', 'Grains', 'Fruits']",Friday,t,14,w,0.27,1
18,558,Refrigerated,P,"['Onion', 'Potato', 'Cotton', 'Tomato', 'Grains', 'Fruits']",Saturday,t,0,w,0.46,1
10,411,Open,P,"['Onion', 'Potato', 'Cotton', 'Tomato', 'Grains', 'Fruits']",Tuesday,t,14,w,0.82,0
20,398,Refrigerated,P,"['Onion', 'Potato', 'Cotton', 'Tomato', 'Grains', 'Fruits']",Friday,t,10,w,0.89,1
12,504,Open,P,"['Onion', 'Potato', 'Cotton', 'Tomato', 'Grains', 'Fruits']",Friday,t,0,w,0.45,1
8,367,Open,P,"['Onion', 'Potato', 'Cotton', 'Tomato', 'Grains', 'Fruits']",Friday,t,7,w,0.32,0
12,121,Open,P,"['Onion', 'Potato', 'Cotton', 'Tomato', 'Grains', 'Fruits']",Saturday,t,14,w,0.77,0
20,541,Open,P,"['Onion', 'Potato', 'Cotton', 'Tomato', 'Grains', 'Fruits']",Wednesday,t,9,w,0.67,0
20,581,Closed,P,"['Onion', 'Potato', 'Cotton', 'Tomato', 'Grains', 'Fruits']",Friday,t,11,w,0.28,0
14,278,Refrigerated,P,"['Onion', 'Potato', 'Cotton', 'Tomato', 'Grains', 'Fruits']",Sunday,t,1,w,0.4,1
14,178,Closed,P,"['Onion', 'Potato', 'Cotton', 'Tomato', 'Grains', 'Fruits']",Friday,t,1,w,0.74,1
8,479,Refrigerated,P,"['Onion', 'Potato', 'Cotton', 'Tomato', 'Grains', 'Fruits']",Thursday,t,15,w,0.3,1
10,178,Closed,P,"['Onion', 'Potato', 'Cotton', 'Tomato', 'Grains', 'Fruits']",Friday,t,1,w,0.51,1
8,324,Refrigerated,P,"['Onion', 'Potato', 'Cotton', 'Tomato', 'Grains', 'Fruits']",Monday,t,4,w,0.38,1
20,238,Open,P,"['Onion', 'Potato', 'Cotton', 'Tomato', 'Grains', 'Fruits']",Wednesday,t,8,w,0.92,0
6,61,Refrigerated,P,"['Onion', 'Potato', 'Cotton', 'Tomato', 'Grains', 'Fruits']",Friday,t,4,w,0.36,0
14,509,Closed,P,"['Onion', 'Potato', 'Cotton', 'Tomato', 'Grains', 'Fruits']",Tuesday,t,10,w,0.71,0
20,134,Closed,P,"['Onion', 'Potato', 'Cotton', 'Tomato', 'Grains', 'Fruits']",Sunday,t,5,w,0.52,0
20,291,Closed,P,"['Onion', 'Potato', 'Cotton', 'Tomato', 'Grains', 'Fruits']",Monday,t,6,w,0.65,1
6,492,Closed,P,"['Onion', 'Potato', 'Cotton', 'Tomato', 'Grains', 'Fruits']",Thursday,t,9,w,0.31,1
16,375,Closed,P,"['Onion', 'Potato', 'Cotton', 'Tomato', 'Grains', 'Fruits']",Saturday,t,5,w,0.29,0
6,493,Closed,P,"['Onion', 'Potato', 'Cotton', 'Tomato', 'Grains', 'Fruits']",Sunday,t,7,w,0.43,0
6,333,Closed,P,"['Onion', 'Potato', 'Cotton', 'Tomato', 'Grains', 'Fruits']",Saturday,t,11,w,0.59,1
20,252,Open,P,"['Onion', 'Potato', 'Cotton', 'Tomato', 'Grains', 'Fruits']",Tuesday,t,0,w,0.37,1
12,101,Open,P,"['Onion', 'Potato', 'Cotton', 'Tomato', 'Grains', 'Fruits']",Thursday,t,3,w,0.31,0
6,433,Open,P,"['Onion', 'Potato', 'Cotton', 'Tomato', 'Grains', 'Fruits']",Tuesday,t,7,w,0.46,1
6,178,Open,P,"['Onion', 'Potato', 'Cotton', 'Tomato', 'Grains', 'Fruits']",Wednesday,t,0,w,0.73,1
20,105,Refrigerated,P,"['Onion', 'Potato', 'Cotton', 'Tomato', 'Grains', 'Fruits']",Saturday,t,8,w,0.31,0
14,399,Closed,P,"['Onion', 'Potato', 'Cotton', 'Tomato', 'Grains', 'Fruits']",Monday,t,5,w,0.81,1
12,572,Open,P,"['Onion', 'Potato', 'Cotton', 'Tomato', 'Grains', 'Fruits']",Sunday,t,2,w,0.82,0
6,407,Refrigerated,P,"['Onion', 'Potato', 'Cotton', 'Tomato', 'Grains', 'Fruits']",Saturday,t,8,w,0.66,1
20,371,Closed,P,"['Onion', 'Potato', 'Cotton', 'Tomato', 'Grains', 'Fruits']",Monday,t,13,w,0.33,0
14,469,Open,P,"['Onion', 'Potato', 'Cotton', 'Tomato', 'Grains', 'Fruits']",Sunday,t,3,w,0.3,1
16,492,Open,P,"['Onion', 'Potato', 'Cotton', 'Tomato', 'Grains', 'Fruits']",Tuesday,t,0,w,0.53,1
10,106,Closed,P,"['Onion', 'Potato', 'Cotton', 'Tomato', 'Grains', 'Fruits']",Friday,t,13,w,0.55,0
12,482,Open,P,"['Onion', 'Potato', 'Cotton', 'Tomato', 'Grains', 'Fruits']",Saturday,t,3,w,0.26,0
8,101,Refrigerated,P,"['Onion', 'Potato', 'Cotton', 'Tomato', 'Grains', 'Fruits']",Friday,t,15,w,0.6,0
18,167,Closed,P,"['Onion', 'Potato', 'Cotton', 'Tomato', 'Grains', 'Fruits']",Friday,t,13,w,0.73,1
16,480,Refrigerated,P,"['Onion', 'Potato', 'Cotton', 'Tomato', 'Grains', 'Fruits']",Wednesday,t,12,w,0.94,0
10,439,Closed,P,"['Onion', 'Potato', 'Cotton', 'Tomato', 'Grains', 'Fruits']",Friday,t,0,w,0.91,1
6,164,Refrigerated,P,"['Onion', 'Potato', 'Cotton', 'Tomato', 'Grains', 'Fruits']",Thursday,t,6,w,0.36,1
12,79,Refrigerated,P,"['Onion', 'Potato', 'Cotton', 'Tomato', 'Grains', 'Fruits']",Monday,t,14,w,0.28,0
12,471,Closed,P,"['Onion', 'Potato', 'Cotton', 'Tomato', 'Grains', 'Fruits']",Wednesday,t,15,w,0.62,0
18,510,Closed,P,"['Onion', 'Potato', 'Cotton', 'Tomato', 'Grains', 'Fruits']",Sunday,t,15,w,0.26,1
16,424,Closed,P,"['Onion', 'Potato', 'Cotton', 'Tomato', 'Grains', 'Fruits']",Wednesday,t,2,w,0.89,1
10,66,Refrigerated,P,"['Onion', 'Potato', 'Cotton', 'Tomato', 'Grains', 'Fruits']",Tuesday,t,11,w,0.45,1
20,538,Closed,P,"['Onion', 'Potato', 'Cotton', 'Tomato', 'Grains', 'Fruits']",Monday,t,3,w,0.57,1
10,475,Open,P,"['Onion', 'Potato', 'Cotton', 'Tomato', 'Grains', 'Fruits']",Wednesday,t,4,w,0.84,0
10,433,Closed,P,"['Onion', 'Potato', 'Cotton', 'Tomato', 'Grains', 'Fruits']",Wednesday,t,1,w,0.42,1
6,263,Refrigerated,P,"['Onion', 'Potato', 'Cotton', 'Tomato', 'Grains', 'Fruits']",Thursday,t,7,w,0.3,0
6,257,Closed,P,"['Onion', 'Potato', 'Cotton', 'Tomato', 'Grains', 'Fruits']",Friday,t,1,w,0.22,1
10,364,Refrigerated,P,"['Onion', 'Potato', 'Cotton', 'Tomato', 'Grains', 'Fruits']",Monday,t,8,w,0.53,0
18,371,Closed,P,"['Onion', 'Potato', 'Cotton', 'Tomato', 'Grains', 'Fruits']",Sunday,t,4,w,0.72,0
18,210,Open,P,"['Onion', 'Potato', 'Cotton', 'Tomato', 'Grains', 'Fruits']",Tuesday,t,10,w,0.24,1
10,279,Closed,P,"['Onion', 'Potato', 'Cotton', 'Tomato', 'Grains', 'Fruits']",Wednesday,t,14,w,0.84,1
16,130,Refrigerated,P,"['Onion', 'Potato', 'Cotton', 'Tomato', 'Grains', 'Fruits']",Friday,t,8,w,0.89,1
6,394,Open,P,"['Onion', 'Potato', 'Cotton', 'Tomato', 'Grains', 'Fruits']",Thursday,t,1,w,0.84,1
14,332,Closed,P,"['Onion', 'Potato', 'Cotton', 'Tomato', 'Grains', 'Fruits']",Friday,t,6,w,0.26,0
16,338,Closed,P,"['Onion', 'Potato', 'Cotton', 'Tomato', 'Grains', 'Fruits']",Tuesday,t,4,w,0.8,0
14,599,Refrigerated,P,"['Onion', 'Potato', 'Cotton', 'Tomato', 'Grains', 'Fruits']",Tuesday,t,7,w,0.38,1
12,125,Open,P,"['Onion', 'Potato', 'Cotton', 'Tomato', 'Grains', 'Fruits']",Saturday,t,12,w,0.67,0
8,304,Refrigerated,P,"['Onion', 'Potato', 'Cotton', 'Tomato', 'Grains', 'Fruits']",Monday,t,2,w,0.4,1
8,154,Refrigerated,P,"['Onion', 'Potato', 'Cotton', 'Tomato', 'Grains', 'Fruits']",Saturday,t,12,w,0.87,0
12,346,Open,P,"['Onion', 'Potato', 'Cotton', 'Tomato', 'Grains', 'Fruits']",Tuesday,t,2,w,0.27,1
8,156,Closed,P,"['Onion', 'Potato', 'Cotton', 'Tomato', 'Grains', 'Fruits']",Wednesday,t,7,w,0.44,0
6,367,Closed,P,"['Onion', 'Potato', 'Cotton', 'Tomato', 'Grains', 'Fruits']",Monday,t,13,w,0.63,1
18,514,Open,P,"['Onion', 'Potato', 'Cotton', 'Tomato', 'Grains', 'Fruits']",Saturday,t,6,w,0.22,0
16,449,Closed,P,"['Onion', 'Potato', 'Cotton', 'Tomato', 'Grains', 'Fruits']",Thursday,t,4,w,0.45,0
6,515,Refrigerated,P,"['Onion', 'Potato', 'Cotton', 'Tomato', 'Grains', 'Fruits']",Monday,t,6,w,0.4,0
20,53,Refrigerated,P,"['Onion', 'Potato', 'Cotton', 'Tomato', 'Grains', 'Fruits']",Tuesday,t,7,w,0.76,0
10,464,Closed,P,"['Onion', 'Potato', 'Cotton', 'Tomato', 'Grains', 'Fruits']",Monday,t,0,w,0.33,1
12,116,Refrigerated,P,"['Onion', 'Potato', 'Cotton', 'Tomato', 'Grains', 'Fruits']",Wednesday,t,12,w,0.27,1
18,390,Closed,P,"['Onion', 'Potato', 'Cotton', 'Tomato', 'Grains', 'Fruits']",Sunday,t,5,w,0.37,0
6,112,Closed,P,"['Onion', 'Potato', 'Cotton', 'Tomato', 'Grains', 'Fruits']",Wednesday,t,14,w,0.86,0
14,570,Closed,P,"['Onion', 'Potato', 'Cotton', 'Tomato', 'Grains', 'Fruits']",Thursday,t,7,w,0.81,1
20,529,Open,P,"['Onion', 'Potato', 'Cotton', 'Tomato', 'Grains', 'Fruits']",Thursday,t,7,w,0.43,0
12,87,Closed,P,"['Onion', 'Potato', 'Cotton', 'Tomato', 'Grains', 'Fruits']",Monday,t,14,w,0.63,0
6,334,Refrigerated,P,"['Onion', 'Potato', 'Cotton', 'Tomato', 'Grains', 'Fruits']",Tuesday,t,8,w,0.42,0
16,483,Closed,P,"['Onion', 'Potato', 'Cotton', 'Tomato', 'Grains', 'Fruits']",Tuesday,t,7,w,0.7,0
16,433,Open,P,"['Onion', 'Potato', 'Cotton', 'Tomato', 'Grains', 'Fruits']",Friday,t,15,w,0.81,0
6,106,Closed,P,"['Onion', 'Potato', 'Cotton', 'Tomato', 'Grains', 'Fruits']",Thursday,t,11,w,0.74,0
20,517,Open,P,"['Onion', 'Potato', 'Cotton', 'Tomato', 'Grains', 'Fruits']",Thursday,t,9,w,0.72,0
10,250,Refrigerated,P,"['Onion', 'Potato', 'Cotton', 'Tomato', 'Grains', 'Fruits']",Sunday,t,10,w,0.83,0
18,514,Refrigerated,P,"['Onion', 'Potato', 'Cotton', 'Tomato', 'Grains', 'Fruits']",Wednesday,t,7,w,0.63,0
20,449,Closed,P,"['Onion', 'Potato', 'Cotton', 'Tomato', 'Grains', 'Fruits']",Thursday,t,11,w,0.62,0
16,523,Refrigerated,P,"['Onion', 'Potato', 'Cotton', 'Tomato', 'Grains', 'Fruits']",Monday,t,12,w,0.45,0
12,429,Closed,P,"['Onion', 'Potato', 'Cotton', 'Tomato', 'Grains', 'Fruits']",Wednesday,t,6,w,0.21,0
16,419,Closed,P,"['Onion', 'Potato', 'Cotton', 'Tomato', 'Grains', 'Fruits']",Sunday,t,7,w,0.7,0
8,454,Closed,P,"['Onion', 'Potato', 'Cotton', 'Tomato', 'Grains', 'Fruits']",Wednesday,t,4,w,0.45,1
6,57,Open,P,"['Onion', 'Potato', 'Cotton', 'Tomato', 'Grains', 'Fruits']",Sunday,t,1,w,0.81,1
20,247,Refrigerated,P,"['Onion', 'Potato', 'Cotton', 'Tomato', 'Grains', 'Fruits']",Sunday,t,2,w,0.91,1
10,247,Refrigerated,P,"['Onion', 'Potato', 'Cotton', 'Tomato', 'Grains', 'Fruits']",Saturday,t,1,w,0.56,0
8,112,Closed,P,"['Onion', 'Potato', 'Cotton', 'Tomato', 'Grains', 'Fruits']",Friday,t,15,w,0.91,0
16,374,Refrigerated,P,"['Onion', 'Potato', 'Cotton', 'Tomato', 'Grains', 'Fruits']",Monday,t,4,w,0.78,1
10,71,Closed,P,"['Onion', 'Potato', 'Cotton', 'Tomato', 'Grains', 'Fruits']",Sunday,t,12,w,0.29,0
12,79,Open,P,"['Onion', 'Potato', 'Cotton', 'Tomato', 'Grains', 'Fruits']",Thursday,t,3,w,0.66,1
8,473,Closed,P,"['Onion', 'Potato', 'Cotton', 'Tomato', 'Grains', 'Fruits']",Wednesday,t,7,w,0.37,1
12,233,Closed,P,"['Onion', 'Potato', 'Cotton', 'Tomato', 'Grains', 'Fruits']",Sunday,t,12,w,0.88,0
12,522,Refrigerated,P,"['Onion', 'Potato', 'Cotton', 'Tomato', 'Grains', 'Fruits']",Friday,t,5,w,0.43,1
14,314,Closed,P,"['Onion', 'Potato', 'Cotton', 'Tomato', 'Grains', 'Fruits']",Sunday,t,13,w,0.58,0
8,366,Open,P,"['Onion', 'Potato', 'Cotton', 'Tomato', 'Grains', 'Fruits']",Monday,t,8,w,0.65,0
20,540,Open,P,"['Onion', 'Potato', 'Cotton', 'Tomato', 'Grains', 'Fruits']",Wednesday,t,1,w,0.72,1
20,103,Open,P,"['Onion', 'Potato', 'Cotton', 'Tomato', 'Grains', 'Fruits']",Friday,t,4,w,0.73,0
12,529,Open,P,"['Onion', 'Potato', 'Cotton', 'Tomato', 'Grains', 'Fruits']",Thursday,t,12,w,0.74,1
14,124,Refrigerated,P,"['Onion', 'Potato', 'Cotton', 'Tomato', 'Grains', 'Fruits']",Tuesday,t,11,w,0.55,0
12,417,Closed,P,"['Onion', 'Potato', 'Cotton', 'Tomato', 'Grains', 'Fruits']",Sunday,t,2,w,0.39,1
8,115,Closed,P,"['Onion', 'Potato', 'Cotton', 'Tomato', 'Grains', 'Fruits']",Thursday,t,0,w,0.73,0
18,524,Closed,P,"['Onion', 'Potato', 'Cotton', 'Tomato', 'Grains', 'Fruits']",Monday,t,11,w,0.75,0
6,93,Closed,P,"['Onion', 'Potato', 'Cotton', 'Tomato', 'Grains', 'Fruits']",Tuesday,t,4,w,0.67,0
20,278,Open,P,"['Onion', 'Potato', 'Cotton', 'Tomato', 'Grains', 'Fruits']",Monday,t,6,w,0.33,0
16,347,Refrigerated,P,"['Onion', 'Potato', 'Cotton', 'Tomato', 'Grains', 'Fruits']",Tuesday,t,0,w,0.3,1
6,352,Open,P,"['Onion', 'Potato', 'Cotton', 'Tomato', 'Grains', 'Fruits']",Wednesday,t,13,w,0.57,0
12,455,Closed,P,"['Onion', 'Potato', 'Cotton', 'Tomato', 'Grains', 'Fruits']",Tuesday,t,11,w,0.27,1
16,132,Open,P,"['Onion', 'Potato', 'Cotton', 'Tomato', 'Grains', 'Fruits']",Friday,t,8,w,0.3,1
6,63,Open,P,"['Onion', 'Potato', 'Cotton', 'Tomato', 'Grains', 'Fruits']",Monday,t,4,w,0.38,0
12,52,Refrigerated,P,"['Onion', 'Potato', 'Cotton', 'Tomato', 'Grains', 'Fruits']",Saturday,t,4,w,0.35,0
8,495,Refrigerated,P,"['Onion', 'Potato', 'Cotton', 'Tomato', 'Grains', 'Fruits']",Sunday,t,3,w,0.73,0
18,444,Refrigerated,P,"['Onion', 'Potato', 'Cotton', 'Tomato', 'Grains', 'Fruits']",Saturday,t,0,w,0.35,1
14,115,Open,P,"['Onion', 'Potato', 'Cotton', 'Tomato', 'Grains', 'Fruits']",Monday,t,12,w,0.64,0
14,347,Refrigerated,P,"['Onion', 'Potato', 'Cotton', 'Tomato', 'Grains', 'Fruits']",Friday,t,3,w,0.75,0
10,472,Refrigerated,P,"['Onion', 'Potato', 'Cotton', 'Tomato', 'Grains', 'Fruits']",Friday,t,4,w,0.27,1
6,467,Refrigerated,P,"['Onion', 'Potato', 'Cotton', 'Tomato', 'Grains', 'Fruits']",Monday,t,3,w,0.83,1
12,216,Open,P,"['Onion', 'Potato', 'Cotton', 'Tomato', 'Grains', 'Fruits']",Wednesday,t,14,w,0.68,0
6,363,Closed,P,"['Onion', 'Potato', 'Cotton', 'Tomato', 'Grains', 'Fruits']",Tuesday,t,6,w,0.24,1
16,212,Closed,P,"['Onion', 'Potato', 'Cotton', 'Tomato', 'Grains', 'Fruits']",Friday,t,5,w,0.53,0
18,91,Open,P,"['Onion', 'Potato', 'Cotton', 'Tomato', 'Grains', 'Fruits']",Thursday,t,0,w,0.21,1
6,532,Open,P,"['Onion', 'Potato', 'Cotton', 'Tomato', 'Grains', 'Fruits']",Monday,t,4,w,0.66,1
16,352,Refrigerated,P,"['Onion', 'Potato', 'Cotton', 'Tomato', 'Grains', 'Fruits']",Friday,t,1,w,0.75,1
16,505,Closed,P,"['Onion', 'Potato', 'Cotton', 'Tomato', 'Grains', 'Fruits']",Monday,t,14,w,0.21,1
18,196,Closed,P,"['Onion', 'Potato', 'Cotton', 'Tomato', 'Grains', 'Fruits']",Wednesday,t,2,w,0.2,0
16,593,Refrigerated,P,"['Onion', 'Potato', 'Cotton', 'Tomato', 'Grains', 'Fruits']",Monday,t,11,w,0.34,1
18,112,Open,P,"['Onion', 'Potato', 'Cotton', 'Tomato', 'Grains', 'Fruits']",Wednesday,t,13,w,0.3,0
12,57,Refrigerated,P,"['Onion', 'Potato', 'Cotton', 'Tomato', 'Grains', 'Fruits']",Wednesday,t,3,w,0.76,0
20,179,Closed,P,"['Onion', 'Potato', 'Cotton', 'Tomato', 'Grains', 'Fruits']",Saturday,t,12,w,0.88,1
20,581,Refrigerated,P,"['Onion', 'Potato', 'Cotton', 'Tomato', 'Grains', 'Fruits']",Sunday,t,11,w,0.58,0
14,290,Refrigerated,P,"['Onion', 'Potato', 'Cotton', 'Tomato', 'Grains', 'Fruits']",Thursday,t,1,w,0.68,0
14,354,Closed,P,"['Onion', 'Potato', 'Cotton', 'Tomato', 'Grains', 'Fruits']",Thursday,t,9,w,0.28,1
10,486,Open,P,"['Onion', 'Potato', 'Cotton', 'Tomato', 'Grains', 'Fruits']",Saturday,t,9,w,0.42,0
8,450,Open,P,"['Onion', 'Potato', 'Cotton', 'Tomato', 'Grains', 'Fruits']",Tuesday,t,6,w,0.92,0
6,523,Refrigerated,P,"['Onion', 'Potato', 'Cotton', 'Tomato', 'Grains', 'Fruits']",Wednesday,t,14,w,0.89,0
8,437,Closed,P,"['Onion', 'Potato', 'Cotton', 'Tomato', 'Grains', 'Fruits']",Sunday,t,9,w,0.57,1
20,150,Refrigerated,P,"['Onion', 'Potato', 'Cotton', 'Tomato', 'Grains', 'Fruits']",Thursday,t,3,w,0.44,0
20,570,Refrigerated,P,"['Onion', 'Potato', 'Cotton', 'Tomato', 'Grains', 'Fruits']",Thursday,t,4,w,0.35,1
6,291,Open,P,"['Onion', 'Potato', 'Cotton', 'Tomato', 'Grains', 'Fruits']",Friday,t,4,w,0.71,1
8,191,Refrigerated,P,"['Onion', 'Potato', 'Cotton', 'Tomato', 'Grains', 'Fruits']",Wednesday,t,5,w,0.38,0
8,341,Refrigerated,P,"['Onion', 'Potato', 'Cotton', 'Tomato', 'Grains', 'Fruits']",Tuesday,t,1,w,0.3,1
20,126,Closed,P,"['Onion', 'Potato', 'Cotton', 'Tomato', 'Grains', 'Fruits']",Sunday,t,1,w,0.73,1
20,92,Open,P,"['Onion', 'Potato', 'Cotton', 'Tomato', 'Grains', 'Fruits']",Monday,t,3,w,0.39,0
14,419,Refrigerated,P,"['Onion', 'Potato', 'Cotton', 'Tomato', 'Grains', 'Fruits']",Sunday,t,12,w,0.77,0
8,201,Closed,P,"['Onion', 'Potato', 'Cotton', 'Tomato', 'Grains', 'Fruits']",Sunday,t,10,w,0.53,0
10,203,Refrigerated,P,"['Onion', 'Potato', 'Cotton', 'Tomato', 'Grains', 'Fruits']",Saturday,t,11,w,0.42,0
12,54,Closed,P,"['Onion', 'Potato', 'Cotton', 'Tomato', 'Grains', 'Fruits']",Wednesday,t,10,w,0.24,1
16,488,Open,P,"['Onion', 'Potato', 'Cotton', 'Tomato', 'Grains', 'Fruits']",Thursday,t,9,w,0.37,1
12,113,Closed,P,"['Onion', 'Potato', 'Cotton', 'Tomato', 'Grains', 'Fruits']",Monday,t,5,w,0.5,0
10,484,Refrigerated,P,"['Onion', 'Potato', 'Cotton', 'Tomato', 'Grains', 'Fruits']",Tuesday,t,4,w,0.62,1
6,460,Open,P,"['Onion', 'Potato', 'Cotton', 'Tomato', 'Grains', 'Fruits']",Sunday,t,13,w,0.22,0
8,226,Open,P,"['Onion', 'Potato', 'Cotton', 'Tomato', 'Grains', 'Fruits']",Tuesday,t,8,w,0.66,0
10,167,Closed,P,"['Onion', 'Potato', 'Cotton', 'Tomato', 'Grains', 'Fruits']",Saturday,t,6,w,0.77,0
8,211,Refrigerated,P,"['Onion', 'Potato', 'Cotton', 'Tomato', 'Grains', 'Fruits']",Sunday,t,3,w,0.84,0
10,227,Closed,P,"['Onion', 'Potato', 'Cotton', 'Tomato', 'Grains', 'Fruits']",Sunday,t,4,w,0.58,0
14,236,Closed,P,"['Onion', 'Potato', 'Cotton', 'Tomato', 'Grains', 'Fruits']",Wednesday,t,10,w,0.75,0
10,198,Open,P,"['Onion', 'Potato', 'Cotton', 'Tomato', 'Grains', 'Fruits']",Tuesday,t,5,w,0.92,1
6,348,Closed,P,"['Onion', 'Potato', 'Cotton', 'Tomato', 'Grains', 'Fruits']",Saturday,t,11,w,0.3,0
6,476,Refrigerated,P,"['Onion', 'Potato', 'Cotton', 'Tomato', 'Grains', 'Fruits']",Saturday,t,8,w,0.32,0
16,231,Closed,P,"['Onion', 'Potato', 'Cotton', 'Tomato', 'Grains', 'Fruits']",Tuesday,t,14,w,0.55,0
6,502,Open,P,"['Onion', 'Potato', 'Cotton', 'Tomato', 'Grains', 'Fruits']",Thursday,t,15,w,0.54,0
8,195,Refrigerated,P,"['Onion', 'Potato', 'Cotton', 'Tomato', 'Grains', 'Fruits']",Tuesday,t,4,w,0.59,1
10,460,Refrigerated,P,"['Onion', 'Potato', 'Cotton', 'Tomato', 'Grains', 'Fruits']",Saturday,t,8,w,0.53,1
20,126,Refrigerated,P,"['Onion', 'Potato', 'Cotton', 'Tomato', 'Grains', 'Fruits']",Monday,t,12,w,0.61,0
18,437,Closed,P,"['Onion', 'Potato', 'Cotton', 'Tomato', 'Grains', 'Fruits']",Sunday,t,2,w,0.55,0
10,318,Open,P,"['Onion', 'Potato', 'Cotton', 'Tomato', 'Grains', 'Fruits']",Tuesday,t,8,w,0.83,1
8,317,Refrigerated,P,"['Onion', 'Potato', 'Cotton', 'Tomato', 'Grains', 'Fruits']",Friday,t,0,w,0.55,0
18,547,Open,P,"['Onion', 'Potato', 'Cotton', 'Tomato', 'Grains', 'Fruits']",Tuesday,t,15,w,0.69,1
14,109,Closed,P,"['Onion', 'Potato', 'Cotton', 'Tomato', 'Grains', 'Fruits']",Tuesday,t,11,w,0.65,0
14,472,Open,P,"['Onion', 'Potato', 'Cotton', 'Tomato', 'Grains', 'Fruits']",Wednesday,t,2,w,0.89,1
20,102,Open,P,"['Onion', 'Potato', 'Cotton', 'Tomato', 'Grains', 'Fruits']",Friday,t,0,w,0.21,1
14,534,Open,P,"['Onion', 'Potato', 'Cotton', 'Tomato', 'Grains', 'Fruits']",Saturday,t,1,w,0.21,1
20,423,Refrigerated,P,"['Onion', 'Potato', 'Cotton', 'Tomato', 'Grains', 'Fruits']",Wednesday,t,10,w,0.85,0
20,366,Closed,P,"['Onion', 'Potato', 'Cotton', 'Tomato', 'Grains', 'Fruits']",Wednesday,t,12,w,0.7,0
18,341,Open,P,"['Onion', 'Potato', 'Cotton', 'Tomato', 'Grains', 'Fruits']",Sunday,t,14,w,0.23,0
16,145,Open,P,"['Onion', 'Potato', 'Cotton', 'Tomato', 'Grains', 'Fruits']",Thursday,t,14,w,0.8,0
20,438,Refrigerated,P,"['Onion', 'Potato', 'Cotton', 'Tomato', 'Grains', 'Fruits']",Saturday,t,0,w,0.46,0
20,358,Refrigerated,P,"['Onion', 'Potato', 'Cotton', 'Tomato', 'Grains', 'Fruits']",Sunday,t,9,w,0.59,0
6,577,Open,P,"['Onion', 'Potato', 'Cotton', 'Tomato', 'Grains', 'Fruits']",Sunday,t,12,w,0.41,0
14,321,Closed,P,"['Onion', 'Potato', 'Cotton', 'Tomato', 'Grains', 'Fruits']",Friday,t,6,w,0.39,1
20,161,Open,P,"['Onion', 'Potato', 'Cotton', 'Tomato', 'Grains', 'Fruits']",Monday,t,11,w,0.92,0
16,277,Open,P,"['Onion', 'Potato', 'Cotton', 'Tomato', 'Grains', 'Fruits']",Tuesday,t,13,w,0.58,0
20,253,Refrigerated,P,"['Onion', 'Potato', 'Cotton', 'Tomato', 'Grains', 'Fruits']",Saturday,t,1,w,0.31,1
16,557,Refrigerated,P,"['Onion', 'Potato', 'Cotton', 'Tomato', 'Grains', 'Fruits']",Monday,t,10,w,0.61,0
20,154,Refrigerated,P,"['Onion', 'Potato', 'Cotton', 'Tomato', 'Grains', 'Fruits']",Monday,t,15,w,0.66,0
18,55,Closed,P,"['Onion', 'Potato', 'Cotton', 'Tomato', 'Grains', 'Fruits']",Friday,t,14,w,0.56,1
20,234,Open,P,"['Onion', 'Potato', 'Cotton', 'Tomato', 'Grains', 'Fruits']",Thursday,t,14,w,0.57,0
16,197,Refrigerated,P,"['Onion', 'Potato', 'Cotton', 'Tomato', 'Grains', 'Fruits']",Thursday,t,13,w,0.64,0
20,388,Closed,P,"['Onion', 'Potato', 'Cotton', 'Tomato', 'Grains', 'Fruits']",Wednesday,t,14,w,0.92,1
10,268,Closed,P,"['Onion', 'Potato', 'Cotton', 'Tomato', 'Grains', 'Fruits']",Saturday,t,13,w,0.72,0
12,307,Closed,P,"['Onion', 'Potato', 'Cotton', 'Tomato', 'Grains', 'Fruits']",Friday,t,3,w,0.83,0
14,540,Refrigerated,P,"['Onion', 'Potato', 'Cotton', 'Tomato', 'Grains', 'Fruits']",Thursday,t,13,w,0.89,0
18,189,Refrigerated,P,"['Onion', 'Potato', 'Cotton', 'Tomato', 'Grains', 'Fruits']",Saturday,t,1,w,0.22,1
6,373,Open,P,"['Onion', 'Potato', 'Cotton', 'Tomato', 'Grains', 'Fruits']",Thursday,t,4,w,0.54,1
6,268,Closed,P,"['Onion', 'Potato', 'Cotton', 'Tomato', 'Grains', 'Fruits']",Sunday,t,2,w,0.68,1
16,478,Open,P,"['Onion', 'Potato', 'Cotton', 'Tomato', 'Grains', 'Fruits']",Sunday,t,4,w,0.36,1
10,549,Refrigerated,P,"['Onion', 'Potato', 'Cotton', 'Tomato', 'Grains', 'Fruits']",Thursday,t,2,w,0.72,0
16,575,Closed,P,"['Onion', 'Potato', 'Cotton', 'Tomato', 'Grains', 'Fruits']",Tuesday,t,13,w,0.73,0
6,219,Refrigerated,P,"['Onion', 'Potato', 'Cotton', 'Tomato', 'Grains', 'Fruits']",Wednesday,t,2,w,0.89,0
18,92,Closed,P,"['Onion', 'Potato', 'Cotton', 'Tomato', 'Grains', 'Fruits']",Thursday,t,5,w,0.95,0
20,86,Closed,P,"['Onion', 'Potato', 'Cotton', 'Tomato', 'Grains', 'Fruits']",Monday,t,2,w,0.83,0
20,143,Refrigerated,P,"['Onion', 'Potato', 'Cotton', 'Tomato', 'Grains', 'Fruits']",Tuesday,t,0,w,0.85,1
14,179,Closed,P,"['Onion', 'Potato', 'Cotton', 'Tomato', 'Grains', 'Fruits']",Friday,t,4,w,0.91,0
10,532,Open,P,"['Onion', 'Potato', 'Cotton', 'Tomato', 'Grains', 'Fruits']",Saturday,t,0,w,0.31,0
20,281,Closed,P,"['Onion', 'Potato', 'Cotton', 'Tomato', 'Grains', 'Fruits']",Monday,t,13,w,0.7,0
16,427,Closed,P,"['Onion', 'Potato', 'Cotton', 'Tomato', 'Grains', 'Fruits']",Wednesday,t,5,w,0.92,0
20,561,Refrigerated,P,"['Onion', 'Potato', 'Cotton', 'Tomato', 'Grains', 'Fruits']",Monday,t,10,w,0.45,0
12,112,Open,P,"['Onion', 'Potato', 'Cotton', 'Tomato', 'Grains', 'Fruits']",Tuesday,t,5,w,0.81,0
6,369,Refrigerated,P,"['Onion', 'Potato', 'Cotton', 'Tomato', 'Grains', 'Fruits']",Sunday,t,1,w,0.45,0
12,510,Closed,P,"['Onion', 'Potato', 'Cotton', 'Tomato', 'Grains', 'Fruits']",Wednesday,t,3,w,0.56,0
8,418,Refrigerated,P,"['Onion', 'Potato', 'Cotton', 'Tomato', 'Grains', 'Fruits']",Saturday,t,12,w,0.37,0
16,439,Refrigerated,P,"['Onion', 'Potato', 'Cotton', 'Tomato', 'Grains', 'Fruits']",Wednesday,t,8,w,0.57,1
10,122,Refrigerated,P,"['Onion', 'Potato', 'Cotton', 'Tomato', 'Grains', 'Fruits']",Wednesday,t,11,w,0.89,1
18,215,Open,P,"['Onion', 'Potato', 'Cotton', 'Tomato', 'Grains', 'Fruits']",Wednesday,t,5,w,0.41,1
16,261,Open,P,"['Onion', 'Potato', 'Cotton', 'Tomato', 'Grains', 'Fruits']",Tuesday,t,7,w,0.63,0
20,143,Closed,P,"['Onion', 'Potato', 'Cotton', 'Tomato', 'Grains', 'Fruits']",Friday,t,7,w,0.52,0
8,89,Refrigerated,P,"['Onion', 'Potato', 'Cotton', 'Tomato', 'Grains', 'Fruits']",Monday,t,6,w,0.54,1
18,519,Open,P,"['Onion', 'Potato', 'Cotton', 'Tomato', 'Grains', 'Fruits']",Saturday,t,15,w,0.58,0
18,424,Refrigerated,P,"['Onion', 'Potato', 'Cotton', 'Tomato', 'Grains', 'Fruits']",Saturday,t,14,w,0.47,0
16,426,Open,P,"['Onion', 'Potato', 'Cotton', 'Tomato', 'Grains', 'Fruits']",Wednesday,t,12,w,0.62,0
14,576,Closed,P,"['Onion', 'Potato', 'Cotton', 'Tomato', 'Grains', 'Fruits']",Monday,t,11,w,0.72,0
16,196,Open,P,"['Onion', 'Potato', 'Cotton', 'Tomato', 'Grains', 'Fruits']",Saturday,t,2,w,0.69,1
10,144,Closed,P,"['Onion', 'Potato', 'Cotton', 'Tomato', 'Grains', 'Fruits']",Thursday,t,9,w,0.31,1
10,534,Refrigerated,P,"['Onion', 'Potato', 'Cotton', 'Tomato', 'Grains', 'Fruits']",Sunday,t,14,w,0.22,0
14,108,Open,P,"['Onion', 'Potato', 'Cotton', 'Tomato', 'Grains', 'Fruits']",Saturday,t,5,w,0.79,1
14,59,Refrigerated,P,"['Onion', 'Potato', 'Cotton', 'Tomato', 'Grains', 'Fruits']",Friday,t,13,w,0.42,0
14,142,Open,P,"['Onion', 'Potato', 'Cotton', 'Tomato', 'Grains', 'Fruits']",Sunday,t,11,w,0.47,0
6,77,Closed,P,"['Onion', 'Potato', 'Cotton', 'Tomato', 'Grains', 'Fruits']",Friday,t,2,w,0.8,0
16,359,Closed,P,"['Onion', 'Potato', 'Cotton', 'Tomato', 'Grains', 'Fruits']",Monday,t,3,w,0.8,0
12,318,Refrigerated,P,"['Onion', 'Potato', 'Cotton', 'Tomato', 'Grains', 'Fruits']",Thursday,t,6,w,0.65,0
10,522,Closed,P,"['Onion', 'Potato', 'Cotton', 'Tomato', 'Grains', 'Fruits']",Monday,t,15,w,0.42,0
10,76,Open,P,"['Onion', 'Potato', 'Cotton', 'Tomato', 'Grains', 'Fruits']",Saturday,t,2,w,0.23,0
6,216,Refrigerated,P,"['Onion', 'Potato', 'Cotton', 'Tomato', 'Grains', 'Fruits']",Friday,t,12,w,0.43,1
8,86,Refrigerated,P,"['Onion', 'Potato', 'Cotton', 'Tomato', 'Grains', 'Fruits']",Monday,t,6,w,0.49,0
12,146,Closed,P,"['Onion', 'Potato', 'Cotton', 'Tomato', 'Grains', 'Fruits']",Tuesday,t,12,w,0.24,0
8,545,Open,P,"['Onion', 'Potato', 'Cotton', 'Tomato', 'Grains', 'Fruits']",Sunday,t,2,w,0.87,1
6,378,Open,P,"['Onion', 'Potato', 'Cotton', 'Tomato', 'Grains', 'Fruits']",Tuesday,t,5,w,0.77,1
14,426,Closed,P,"['Onion', 'Potato', 'Cotton', 'Tomato', 'Grains', 'Fruits']",Thursday,t,8,w,0.78,0
20,514,Closed,P,"['Onion', 'Potato', 'Cotton', 'Tomato', 'Grains', 'Fruits']",Wednesday,t,4,w,0.26,0
8,453,Open,P,"['Onion', 'Potato', 'Cotton', 'Tomato', 'Grains', 'Fruits']",Saturday,t,2,w,0.69,0
6,373,Refrigerated,P,"['Onion', 'Potato', 'Cotton', 'Tomato', 'Grains', 'Fruits']",Sunday,t,6,w,0.84,0
20,73,Open,P,"['Onion', 'Potato', 'Cotton', 'Tomato', 'Grains', 'Fruits']",Friday,t,12,w,0.5,0
10,303,Open,P,"['Onion', 'Potato', 'Cotton', 'Tomato', 'Grains', 'Fruits']",Monday,t,15,w,0.76,0
6,557,Open,P,"['Onion', 'Potato', 'Cotton', 'Tomato', 'Grains', 'Fruits']",Saturday,t,13,w,0.39,1
6,465,Closed,P,"['Onion', 'Potato', 'Cotton', 'Tomato', 'Grains', 'Fruits']",Wednesday,t,6,w,0.38,0
20,240,Open,P,"['Onion', 'Potato', 'Cotton', 'Tomato', 'Grains', 'Fruits']",Friday,t,11,w,0.76,0
8,266,Refrigerated,P,"['Onion', 'Potato', 'Cotton', 'Tomato', 'Grains', 'Fruits']",Friday,t,0,w,0.89,1
12,488,Closed,P,"['Onion', 'Potato', 'Cotton', 'Tomato', 'Grains', 'Fruits']",Friday,t,6,w,0.86,1
12,594,Open,P,"['Onion', 'Potato', 'Cotton', 'Tomato', 'Grains', 'Fruits']",Wednesday,t,13,w,0.53,0
14,579,Closed,P,"['Onion', 'Potato', 'Cotton', 'Tomato', 'Grains', 'Fruits']",Saturday,t,3,w,0.37,1
18,283,Open,P,"['Onion', 'Potato', 'Cotton', 'Tomato', 'Grains', 'Fruits']",Wednesday,t,5,w,0.56,1
14,54,Refrigerated,P,"['Onion', 'Potato', 'Cotton', 'Tomato', 'Grains', 'Fruits']",Monday,t,8,w,0.48,1
14,269,Refrigerated,P,"['Onion', 'Potato', 'Cotton', 'Tomato', 'Grains', 'Fruits']",Monday,t,13,w,0.29,0
12,434,Open,P,"['Onion', 'Potato', 'Cotton', 'Tomato', 'Grains', 'Fruits']",Friday,t,12,w,0.79,0
14,438,Closed,P,"['Onion', 'Potato', 'Cotton', 'Tomato', 'Grains', 'Fruits']",Tuesday,t,7,w,0.58,0
12,561,Closed,P,"['Onion', 'Potato', 'Cotton', 'Tomato', 'Grains', 'Fruits']",Wednesday,t,6,w,0.86,0
16,337,Closed,P,"['Onion', 'Potato', 'Cotton', 'Tomato', 'Grains', 'Fruits']",Saturday,t,13,w,0.21,0
8,473,Refrigerated,P,"['Onion', 'Potato', 'Cotton', 'Tomato', 'Grains', 'Fruits']",Tuesday,t,4,w,0.93,0
14,178,Refrigerated,P,"['Onion', 'Potato', 'Cotton', 'Tomato', 'Grains', 'Fruits']",Saturday,t,6,w,0.8,0
6,382,Refrigerated,P,"['Onion', 'Potato', 'Cotton', 'Tomato', 'Grains', 'Fruits']",Monday,t,8,w,0.79,1
16,83,Refrigerated,P,"['Onion', 'Potato', 'Cotton', 'Tomato', 'Grains', 'Fruits']",Monday,t,13,w,0.84,0
12,331,Refrigerated,P,"['Onion', 'Potato', 'Cotton', 'Tomato', 'Grains', 'Fruits']",Friday,t,6,w,0.81,0
10,548,Refrigerated,P,"['Onion', 'Potato', 'Cotton', 'Tomato', 'Grains', 'Fruits']",Saturday,t,3,w,0.81,1
14,446,Closed,P,"['Onion', 'Potato', 'Cotton', 'Tomato', 'Grains', 'Fruits']",Wednesday,t,2,w,0.83,1
18,183,Closed,P,"['Onion', 'Potato', 'Cotton', 'Tomato', 'Grains', 'Fruits']",Tuesday,t,0,w,0.51,0
8,507,Open,P,"['Onion', 'Potato', 'Cotton', 'Tomato', 'Grains', 'Fruits']",Wednesday,t,9,w,0.64,0
18,267,Refrigerated,P,"['Onion', 'Potato', 'Cotton', 'Tomato', 'Grains', 'Fruits']",Sunday,t,13,w,0.88,0
8,97,Open,P,"['Onion', 'Potato', 'Cotton', 'Tomato', 'Grains', 'Fruits']",Thursday,t,14,w,0.29,1
16,509,Closed,P,"['Onion', 'Potato', 'Cotton', 'Tomato', 'Grains', 'Fruits']",Saturday,t,1,w,0.86,0
14,338,Open,P,"['Onion', 'Potato', 'Cotton', 'Tomato', 'Grains', 'Fruits']",Tuesday,t,10,w,0.78,0
12,268,Closed,P,"['Onion', 'Potato', 'Cotton', 'Tomato', 'Grains', 'Fruits']",Saturday,t,11,w,0.69,0
12,99,Open,P,"['Onion', 'Potato', 'Cotton', 'Tomato', 'Grains', 'Fruits']",Wednesday,t,8,w,0.91,0
16,580,Refrigerated,P,"['Onion', 'Potato', 'Cotton', 'Tomato', 'Grains', 'Fruits']",Saturday,t,14,w,0.71,0
8,52,Closed,P,"['Onion', 'Potato', 'Cotton', 'Tomato', 'Grains', 'Fruits']",Monday,t,3,w,0.43,1
8,155,Refrigerated,P,"['Onion', 'Potato', 'Cotton', 'Tomato', 'Grains', 'Fruits']",Monday,t,11,w,0.33,0
20,267,Refrigerated,P,"['Onion', 'Potato', 'Cotton', 'Tomato', 'Grains', 'Fruits']",Saturday,t,7,w,0.95,0
20,519,Open,P,"['Onion', 'Potato', 'Cotton', 'Tomato', 'Grains', 'Fruits']",Thursday,t,4,w,0.38,1
8,81,Refrigerated,P,"['Onion', 'Potato', 'Cotton', 'Tomato', 'Grains', 'Fruits']",Sunday,t,12,w,0.63,0
18,471,Refrigerated,P,"['Onion', 'Potato', 'Cotton', 'Tomato', 'Grains', 'Fruits']",Tuesday,t,11,w,0.61,0
16,520,Open,P,"['Onion', 'Potato', 'Cotton', 'Tomato', 'Grains', 'Fruits']",Wednesday,t,4,w,0.78,1
20,59,Refrigerated,P,"['Onion', 'Potato', 'Cotton', 'Tomato', 'Grains', 'Fruits']",Thursday,t,7,w,0.59,0
18,495,Refrigerated,P,"['Onion', 'Potato', 'Cotton', 'Tomato', 'Grains', 'Fruits']",Tuesday,t,15,w,0.63,0
14,566,Closed,P,"['Onion', 'Potato', 'Cotton', 'Tomato', 'Grains', 'Fruits']",Saturday,t,15,w,0.61,0
10,469,Closed,P,"['Onion', 'Potato', 'Cotton', 'Tomato', 'Grains', 'Fruits']",Sunday,t,9,w,0.81,0
18,532,Closed,P,"['Onion', 'Potato', 'Cotton', 'Tomato', 'Grains', 'Fruits']",Saturday,t,2,w,0.58,1
20,538,Refrigerated,P,"['Onion', 'Potato', 'Cotton', 'Tomato', 'Grains', 'Fruits']",Monday,t,6,w,0.45,1
10,497,Open,P,"['Onion', 'Potato', 'Cotton', 'Tomato', 'Grains', 'Fruits']",Friday,t,1,w,0.29,1
14,403,Open,P,"['Onion', 'Potato', 'Cotton', 'Tomato', 'Grains', 'Fruits']",Thursday,t,7,w,0.66,1
20,314,Open,P,"['Onion', 'Potato', 'Cotton', 'Tomato', 'Grains', 'Fruits']",Tuesday,t,2,w,0.59,1
20,459,Refrigerated,P,"['Onion', 'Potato', 'Cotton', 'Tomato', 'Grains', 'Fruits']",Wednesday,t,4,w,0.73,0
6,113,Refrigerated,P,"['Onion', 'Potato', 'Cotton', 'Tomato', 'Grains', 'Fruits']",Sunday,t,12,w,0.65,0
18,286,Open,P,"['Onion', 'Potato', 'Cotton', 'Tomato', 'Grains', 'Fruits']",Tuesday,t,11,w,0.32,0
20,193,Open,P,"['Onion', 'Potato', 'Cotton', 'Tomato', 'Grains', 'Fruits']",Saturday,t,5,w,0.76,1
12,532,Refrigerated,P,"['Onion', 'Potato', 'Cotton', 'Tomato', 'Grains', 'Fruits']",Monday,t,4,w,0.39,1
20,61,Closed,P,"['Onion', 'Potato', 'Cotton', 'Tomato', 'Grains', 'Fruits']",Tuesday,t,6,w,0.67,0
12,596,Closed,P,"['Onion', 'Potato', 'Cotton', 'Tomato', 'Grains', 'Fruits']",Thursday,t,4,w,0.68,0
6,325,Closed,P,"['Onion', 'Potato', 'Cotton', 'Tomato', 'Grains', 'Fruits']",Thursday,t,11,w,0.56,0
6,445,Closed,P,"['Onion', 'Potato', 'Cotton', 'Tomato', 'Grains', 'Fruits']",Sunday,t,9,w,0.75,1
20,277,Closed,P,"['Onion', 'Potato', 'Cotton', 'Tomato', 'Grains', 'Fruits']",Thursday,t,0,w,0.35,0
12,488,Refrigerated,P,"['Onion', 'Potato', 'Cotton', 'Tomato', 'Grains', 'Fruits']",Friday,t,8,w,0.59,0
6,276,Refrigerated,P,"['Onion', 'Potato', 'Cotton', 'Tomato', 'Grains', 'Fruits']",Friday,t,6,w,0.26,1
8,572,Closed,P,"['Onion', 'Potato', 'Cotton', 'Tomato', 'Grains', 'Fruits']",Wednesday,t,2,w,0.3,1
18,87,Closed,P,"['Onion', 'Potato', 'Cotton', 'Tomato', 'Grains', 'Fruits']",Tuesday,t,15,w,0.55,0
18,302,Open,P,"['Onion', 'Potato', 'Cotton', 'Tomato', 'Grains', 'Fruits']",Saturday,t,0,w,0.6,1
20,440,Open,P,"['Onion', 'Potato', 'Cotton', 'Tomato', 'Grains', 'Fruits']",Monday,t,11,w,0.38,1
18,283,Refrigerated,P,"['Onion', 'Potato', 'Cotton', 'Tomato', 'Grains', 'Fruits']",Friday,t,9,w,0.35,1
14,474,Closed,P,"['Onion', 'Potato', 'Cotton', 'Tomato', 'Grains', 'Fruits']",Sunday,t,6,w,0.55,1
6,203,Refrigerated,P,"['Onion', 'Potato', 'Cotton', 'Tomato', 'Grains', 'Fruits']",Monday,t,14,w,0.49,0
10,409,Refrigerated,P,"['Onion', 'Potato', 'Cotton', 'Tomato', 'Grains', 'Fruits']",Saturday,t,6,w,0.33,1
20,324,Refrigerated,P,"['Onion', 'Potato', 'Cotton', 'Tomato', 'Grains', 'Fruits']",Friday,t,13,w,0.2,1
6,359,Refrigerated,P,"['Onion', 'Potato', 'Cotton', 'Tomato', 'Grains', 'Fruits']",Thursday,t,14,w,0.93,0
14,508,Refrigerated,P,"['Onion', 'Potato', 'Cotton', 'Tomato', 'Grains', 'Fruits']",Saturday,t,11,w,0.67,0
18,109,Refrigerated,P,"['Onion', 'Potato', 'Cotton', 'Tomato', 'Grains', 'Fruits']",Friday,t,15,w,0.89,0
16,160,Open,P,"['Onion', 'Potato', 'Cotton', 'Tomato', 'Grains', 'Fruits']",Wednesday,t,7,w,0.51,0
14,555,Open,P,"['Onion', 'Potato', 'Cotton', 'Tomato', 'Grains', 'Fruits']",Friday,t,1,w,0.3,1
16,448,Closed,P,"['Onion', 'Potato', 'Cotton', 'Tomato', 'Grains', 'Fruits']",Monday,t,14,w,0.76,0
12,505,Closed,P,"['Onion', 'Potato', 'Cotton', 'Tomato', 'Grains', 'Fruits']",Sunday,t,11,w,0.65,0
12,565,Open,P,"['Onion', 'Potato', 'Cotton', 'Tomato', 'Grains', 'Fruits']",Tuesday,t,1,w,0.38,1
18,337,Closed,P,"['Onion', 'Potato', 'Cotton', 'Tomato', 'Grains', 'Fruits']",Wednesday,t,9,w,0.47,0
10,164,Open,P,"['Onion', 'Potato', 'Cotton', 'Tomato', 'Grains', 'Fruits']",Saturday,t,12,w,0.82,1
6,264,Closed,P,"['Onion', 'Potato', 'Cotton', 'Tomato', 'Grains', 'Fruits']",Thursday,t,12,w,0.2,0
12,538,Closed,P,"['Onion', 'Potato', 'Cotton', 'Tomato', 'Grains', 'Fruits']",Thursday,t,14,w,0.75,0
8,486,Open,P,"['Onion', 'Potato', 'Cotton', 'Tomato', 'Grains', 'Fruits']",Tuesday,t,10,w,0.94,0
18,370,Closed,P,"['Onion', 'Potato', 'Cotton', 'Tomato', 'Grains', 'Fruits']",Saturday,t,1,w,0.79,1
12,270,Open,P,"['Onion', 'Potato', 'Cotton', 'Tomato', 'Grains', 'Fruits']",Tuesday,t,12,w,0.28,1
6,76,Open,P,"['Onion', 'Potato', 'Cotton', 'Tomato', 'Grains', 'Fruits']",Sunday,t,6,w,0.28,1
10,351,Closed,P,"['Onion', 'Potato', 'Cotton', 'Tomato', 'Grains', 'Fruits']",Monday,t,11,w,0.49,0
14,168,Open,P,"['Onion', 'Potato', 'Cotton', 'Tomato', 'Grains', 'Fruits']",Saturday,t,1,w,0.45,0
12,471,Refrigerated,P,"['Onion', 'Potato', 'Cotton', 'Tomato', 'Grains', 'Fruits']",Monday,t,15,w,0.56,0
10,258,Refrigerated,P,"['Onion', 'Potato', 'Cotton', 'Tomato', 'Grains', 'Fruits']",Sunday,t,0,w,0.89,0
8,207,Refrigerated,P,"['Onion', 'Potato', 'Cotton', 'Tomato', 'Grains', 'Fruits']",Tuesday,t,2,w,0.41,0
6,321,Open,P,"['Onion', 'Potato', 'Cotton', 'Tomato', 'Grains', 'Fruits']",Sunday,t,15,w,0.9,0
16,444,Open,P,"['Onion', 'Potato', 'Cotton', 'Tomato', 'Grains', 'Fruits']",Wednesday,t,12,w,0.28,0
10,474,Refrigerated,P,"['Onion', 'Potato', 'Cotton', 'Tomato', 'Grains', 'Fruits']",Saturday,t,7,w,0.95,0
8,489,Closed,P,"['Onion', 'Potato', 'Cotton', 'Tomato', 'Grains', 'Fruits']",Saturday,t,5,w,0.29,0
8,133,Open,P,"['Onion', 'Potato', 'Cotton', 'Tomato', 'Grains', 'Fruits']",Sunday,t,7,w,0.24,0
20,188,Open,P,"['Onion', 'Potato', 'Cotton', 'Tomato', 'Grains', 'Fruits']",Sunday,t,7,w,0.79,0
18,567,Refrigerated,P,"['Onion', 'Potato', 'Cotton', 'Tomato', 'Grains', 'Fruits']",Sunday,t,12,w,0.63,0
14,417,Open,P,"['Onion', 'Potato', 'Cotton', 'Tomato', 'Grains', 'Fruits']",Tuesday,t,2,w,0.77,0
6,581,Open,P,"['Onion', 'Potato', 'Cotton', 'Tomato', 'Grains', 'Fruits']",Sunday,t,3,w,0.39,0
6,127,Refrigerated,P,"['Onion', 'Potato', 'Cotton', 'Tomato', 'Grains', 'Fruits']",Monday,t,1,w,0.4,1
16,80,Closed,P,"['Onion', 'Potato', 'Cotton', 'Tomato', 'Grains', 'Fruits']",Friday,t,1,w,0.82,1
16,457,Closed,P,"['Onion', 'Potato', 'Cotton', 'Tomato', 'Grains', 'Fruits']",Saturday,t,1,w,0.39,1
14,196,Refrigerated,P,"['Onion', 'Potato', 'Cotton', 'Tomato', 'Grains', 'Fruits']",Wednesday,t,14,w,0.88,0
14,515,Closed,P,"['Onion', 'Potato', 'Cotton', 'Tomato', 'Grains', 'Fruits']",Friday,t,11,w,0.23,0
14,557,Open,P,"['Onion', 'Potato', 'Cotton', 'Tomato', 'Grains', 'Fruits']",Monday,t,9,w,0.87,0
10,446,Open,P,"['Onion', 'Potato', 'Cotton', 'Tomato', 'Grains', 'Fruits']",Thursday,t,3,w,0.49,1
18,58,Open,P,"['Onion', 'Potato', 'Cotton', 'Tomato', 'Grains', 'Fruits']",Friday,t,8,w,0.86,0
18,544,Refrigerated,P,"['Onion', 'Potato', 'Cotton', 'Tomato', 'Grains', 'Fruits']",Monday,t,11,w,0.32,1
14,95,Open,P,"['Onion', 'Potato', 'Cotton', 'Tomato', 'Grains', 'Fruits']",Wednesday,t,4,w,0.27,1
14,233,Open,P,"['Onion', 'Potato', 'Cotton', 'Tomato', 'Grains', 'Fruits']",Tuesday,t,12,w,0.2,0
14,449,Open,P,"['Onion', 'Potato', 'Cotton', 'Tomato', 'Grains', 'Fruits']",Tuesday,t,11,w,0.45,0
12,388,Open,P,"['Onion', 'Potato', 'Cotton', 'Tomato', 'Grains', 'Fruits']",Tuesday,t,8,w,0.89,0
12,345,Refrigerated,P,"['Onion', 'Potato', 'Cotton', 'Tomato', 'Grains', 'Fruits']",Tuesday,t,4,w,0.2,1
14,314,Refrigerated,P,"['Onion', 'Potato', 'Cotton', 'Tomato', 'Grains', 'Fruits']",Saturday,t,8,w,0.41,0
20,574,Open,P,"['Onion', 'Potato', 'Cotton', 'Tomato', 'Grains', 'Fruits']",Saturday,t,14,w,0.64,0
14,96,Open,P,"['Onion', 'Potato', 'Cotton', 'Tomato', 'Grains', 'Fruits']",Monday,t,4,w,0.27,0
8,564,Open,P,"['Onion', 'Potato', 'Cotton', 'Tomato', 'Grains', 'Fruits']",Monday,t,4,w,0.32,0
18,272,Refrigerated,P,"['Onion', 'Potato', 'Cotton', 'Tomato', 'Grains', 'Fruits']",Wednesday,t,14,w,0.78,0
18,268,Refrigerated,P,"['Onion', 'Potato', 'Cotton', 'Tomato', 'Grains', 'Fruits']",Friday,t,6,w,0.82,0
10,181,Refrigerated,P,"['Onion', 'Potato', 'Cotton', 'Tomato', 'Grains', 'Fruits']",Tuesday,t,3,w,0.87,0
10,75,Closed,P,"['Onion', 'Potato', 'Cotton', 'Tomato', 'Grains', 'Fruits']",Tuesday,t,10,w,0.37,1
20,212,Open,P,"['Onion', 'Potato', 'Cotton', 'Tomato', 'Grains', 'Fruits']",Thursday,t,15,w,0.48,1
10,557,Closed,P,"['Onion', 'Potato', 'Cotton', 'Tomato', 'Grains', 'Fruits']",Saturday,t,2,w,0.24,1
12,449,Refrigerated,P,"['Onion', 'Potato', 'Cotton', 'Tomato', 'Grains', 'Fruits']",Friday,t,3,w,0.78,1
8,85,Closed,P,"['Onion', 'Potato', 'Cotton', 'Tomato', 'Grains', 'Fruits']",Saturday,t,8,w,0.36,1
18,133,Closed,P,"['Onion', 'Potato', 'Cotton', 'Tomato', 'Grains', 'Fruits']",Wednesday,t,12,w,0.46,0
12,268,Open,P,"['Onion', 'Potato', 'Cotton', 'Tomato', 'Grains', 'Fruits']",Monday,t,11,w,0.37,1
20,218,Refrigerated,P,"['Onion', 'Potato', 'Cotton', 'Tomato', 'Grains', 'Fruits']",Sunday,t,0,w,0.22,1
14,281,Closed,P,"['Onion', 'Potato', 'Cotton', 'Tomato', 'Grains', 'Fruits']",Friday,t,11,w,0.81,0
8,537,Refrigerated,P,"['Onion', 'Potato', 'Cotton', 'Tomato', 'Grains', 'Fruits']",Monday,t,3,w,0.63,0
12,517,Closed,P,"['Onion', 'Potato', 'Cotton', 'Tomato', 'Grains', 'Fruits']",Friday,t,15,w,0.64,0
12,170,Open,P,"['Onion', 'Potato', 'Cotton', 'Tomato', 'Grains', 'Fruits']",Tuesday,t,10,w,0.62,0
14,511,Open,P,"['Onion', 'Potato', 'Cotton', 'Tomato', 'Grains', 'Fruits']",Wednesday,t,12,w,0.43,0
14,56,Closed,P,"['Onion', 'Potato', 'Cotton', 'Tomato', 'Grains', 'Fruits']",Tuesday,t,12,w,0.84,0
6,53,Refrigerated,P,"['Onion', 'Potato', 'Cotton', 'Tomato', 'Grains', 'Fruits']",Thursday,t,5,w,0.29,0
10,173,Refrigerated,P,"['Onion', 'Potato', 'Cotton', 'Tomato', 'Grains', 'Fruits']",Sunday,t,5,w,0.62,0
18,317,Refrigerated,P,"['Onion', 'Potato', 'Cotton', 'Tomato', 'Grains', 'Fruits']",Friday,t,6,w,0.88,0
18,220,Refrigerated,P,"['Onion', 'Potato', 'Cotton', 'Tomato', 'Grains', 'Fruits']",Thursday,t,12,w,0.87,0
8,236,Open,P,"['Onion', 'Potato', 'Cotton', 'Tomato', 'Grains', 'Fruits']",Saturday,t,6,w,0.59,0
8,165,Refrigerated,P,"['Onion', 'Potato', 'Cotton', 'Tomato', 'Grains', 'Fruits']",Sunday,t,11,w,0.32,1
18,290,Closed,P,"['Onion', 'Potato', 'Cotton', 'Tomato', 'Grains', 'Fruits']",Thursday,t,9,w,0.79,0
8,135,Refrigerated,P,"['Onion', 'Potato', 'Cotton', 'Tomato', 'Grains', 'Fruits']",Saturday,t,11,w,0.75,0
16,314,Open,P,"['Onion', 'Potato', 'Cotton', 'Tomato', 'Grains', 'Fruits']",Friday,t,15,w,0.89,0
12,453,Closed,P,"['Onion', 'Potato', 'Cotton', 'Tomato', 'Grains', 'Fruits']",Tuesday,t,12,w,0.52,0
12,419,Refrigerated,P,"['Onion', 'Potato', 'Cotton', 'Tomato', 'Grains', 'Fruits']",Monday,t,9,w,0.56,1
16,275,Refrigerated,P,"['Onion', 'Potato', 'Cotton', 'Tomato', 'Grains', 'Fruits']",Friday,t,5,w,0.79,1
6,551,Closed,P,"['Onion', 'Potato', 'Cotton', 'Tomato', 'Grains', 'Fruits']",Wednesday,t,1,w,0.26,1
14,588,Open,P,"['Onion', 'Potato', 'Cotton', 'Tomato', 'Grains', 'Fruits']",Wednesday,t,6,w,0.93,1
8,317,Refrigerated,P,"['Onion', 'Potato', 'Cotton', 'Tomato', 'Grains', 'Fruits']",Monday,t,12,w,0.8,0
14,521,Refrigerated,P,"['Onion', 'Potato', 'Cotton', 'Tomato', 'Grains', 'Fruits']",Wednesday,t,10,w,0.37,1
20,440,Closed,P,"['Onion', 'Potato', 'Cotton', 'Tomato', 'Grains', 'Fruits']",Thursday,t,5,w,0.64,1
10,248,Closed,P,"['Onion', 'Potato', 'Cotton', 'Tomato', 'Grains', 'Fruits']",Thursday,t,7,w,0.24,1
20,212,Closed,P,"['Onion', 'Potato', 'Cotton', 'Tomato', 'Grains', 'Fruits']",Friday,t,3,w,0.47,0
10,550,Closed,P,"['Onion', 'Potato', 'Cotton', 'Tomato', 'Grains', 'Fruits']",Monday,t,10,w,0.71,0
20,260,Refrigerated,P,"['Onion', 'Potato', 'Cotton', 'Tomato', 'Grains', 'Fruits']",Saturday,t,0,w,0.58,1
18,114,Open,P,"['Onion', 'Potato', 'Cotton', 'Tomato', 'Grains', 'Fruits']",Saturday,t,6,w,0.58,0
14,267,Refrigerated,P,"['Onion', 'Potato', 'Cotton', 'Tomato', 'Grains', 'Fruits']",Sunday,t,8,w,0.86,0
10,551,Closed,P,"['Onion', 'Potato', 'Cotton', 'Tomato', 'Grains', 'Fruits']",Saturday,t,11,w,0.81,0
20,446,Closed,P,"['Onion', 'Potato', 'Cotton', 'Tomato', 'Grains', 'Fruits']",Sunday,t,14,w,0.46,0
12,331,Closed,P,"['Onion', 'Potato', 'Cotton', 'Tomato', 'Grains', 'Fruits']",Sunday,t,1,w,0.39,1
20,223,Refrigerated,P,"['Onion', 'Potato', 'Cotton', 'Tomato', 'Grains', 'Fruits']",Friday,t,12,w,0.86,0
6,292,Closed,P,"['Onion', 'Potato', 'Cotton', 'Tomato', 'Grains', 'Fruits']",Wednesday,t,15,w,0.48,1
16,462,Refrigerated,P,"['Onion', 'Potato', 'Cotton', 'Tomato', 'Grains', 'Fruits']",Tuesday,t,7,w,0.65,0
6,333,Open,P,"['Onion', 'Potato', 'Cotton', 'Tomato', 'Grains', 'Fruits']",Tuesday,t,6,w,0.93,1
6,445,Open,P,"['Onion', 'Potato', 'Cotton', 'Tomato', 'Grains', 'Fruits']",Sunday,t,0,w,0.28,1
18,419,Refrigerated,P,"['Onion', 'Potato', 'Cotton', 'Tomato', 'Grains', 'Fruits']",Sunday,t,13,w,0.35,1
14,487,Closed,P,"['Onion', 'Potato', 'Cotton', 'Tomato', 'Grains', 'Fruits']",Sunday,t,1,w,0.36,1
20,251,Refrigerated,P,"['Onion', 'Potato', 'Cotton', 'Tomato', 'Grains', 'Fruits']",Wednesday,t,10,w,0.79,0
14,121,Open,P,"['Onion', 'Potato', 'Cotton', 'Tomato', 'Grains', 'Fruits']",Monday,t,15,w,0.23,1
16,167,Closed,P,"['Onion', 'Potato', 'Cotton', 'Tomato', 'Grains', 'Fruits']",Friday,t,14,w,0.62,0
12,72,Closed,P,"['Onion', 'Potato', 'Cotton', 'Tomato', 'Grains', 'Fruits']",Wednesday,t,6,w,0.54,1
20,590,Refrigerated,P,"['Onion', 'Potato', 'Cotton', 'Tomato', 'Grains', 'Fruits']",Sunday,t,0,w,0.7,0
18,82,Open,P,"['Onion', 'Potato', 'Cotton', 'Tomato', 'Grains', 'Fruits']",Monday,t,15,w,0.52,0
8,213,Refrigerated,P,"['Onion', 'Potato', 'Cotton', 'Tomato', 'Grains', 'Fruits']",Tuesday,t,3,w,0.63,0
14,422,Refrigerated,P,"['Onion', 'Potato', 'Cotton', 'Tomato', 'Grains', 'Fruits']",Saturday,t,6,w,0.57,0
16,567,Open,P,"['Onion', 'Potato', 'Cotton', 'Tomato', 'Grains', 'Fruits']",Friday,t,1,w,0.83,0
18,323,Open,P,"['Onion', 'Potato', 'Cotton', 'Tomato', 'Grains', 'Fruits']",Monday,t,6,w,0.53,0
12,60,Open,P,"['Onion', 'Potato', 'Cotton', 'Tomato', 'Grains', 'Fruits']",Friday,t,14,w,0.52,0
6,348,Closed,P,"['Onion', 'Potato', 'Cotton', 'Tomato', 'Grains', 'Fruits']",Thursday,t,1,w,0.34,1
12,449,Closed,P,"['Onion', 'Potato', 'Cotton', 'Tomato', 'Grains', 'Fruits']",Saturday,t,13,w,0.76,0
14,317,Closed,P,"['Onion', 'Potato', 'Cotton', 'Tomato', 'Grains', 'Fruits']",Friday,t,6,w,0.35,0
20,430,Closed,P,"['Onion', 'Potato', 'Cotton', 'Tomato', 'Grains', 'Fruits']",Sunday,t,4,w,0.66,1
16,212,Open,P,"['Onion', 'Potato', 'Cotton', 'Tomato', 'Grains', 'Fruits']",Tuesday,t,12,w,0.36,0
10,301,Closed,P,"['Onion', 'Potato', 'Cotton', 'Tomato', 'Grains', 'Fruits']",Wednesday,t,0,w,0.22,1
16,331,Open,P,"['Onion', 'Potato', 'Cotton', 'Tomato', 'Grains', 'Fruits']",Saturday,t,6,w,0.22,0
16,270,Open,P,"['Onion', 'Potato', 'Cotton', 'Tomato', 'Grains', 'Fruits']",Monday,t,9,w,0.35,0
6,443,Refrigerated,P,"['Onion', 'Potato', 'Cotton', 'Tomato', 'Grains', 'Fruits']",Sunday,t,9,w,0.79,0
6,404,Closed,P,"['Onion', 'Potato', 'Cotton', 'Tomato', 'Grains', 'Fruits']",Saturday,t,6,w,0.53,0
12,588,Refrigerated,P,"['Onion', 'Potato', 'Cotton', 'Tomato', 'Grains', 'Fruits']",Wednesday,t,10,w,0.59,0
10,547,Open,P,"['Onion', 'Potato', 'Cotton', 'Tomato', 'Grains', 'Fruits']",Sunday,t,13,w,0.84,0
8,566,Closed,P,"['Onion', 'Potato', 'Cotton', 'Tomato', 'Grains', 'Fruits']",Sunday,t,11,w,0.71,0
8,394,Closed,P,"['Onion', 'Potato', 'Cotton', 'Tomato', 'Grains', 'Fruits']",Tuesday,t,3,w,0.75,0
14,318,Refrigerated,P,"['Onion', 'Potato', 'Cotton', 'Tomato', 'Grains', 'Fruits']",Thursday,t,10,w,0.82,0
14,167,Refrigerated,P,"['Onion', 'Potato', 'Cotton', 'Tomato', 'Grains', 'Fruits']",Saturday,t,4,w,0.42,1
16,77,Closed,P,"['Onion', 'Potato', 'Cotton', 'Tomato', 'Grains', 'Fruits']",Friday,t,11,w,0.65,0
16,390,Refrigerated,P,"['Onion', 'Potato', 'Cotton', 'Tomato', 'Grains', 'Fruits']",Sunday,t,4,w,0.53,1
20,558,Closed,P,"['Onion', 'Potato', 'Cotton', 'Tomato', 'Grains', 'Fruits']",Wednesday,t,11,w,0.86,0
20,201,Closed,P,"['Onion', 'Potato', 'Cotton', 'Tomato', 'Grains', 'Fruits']",Thursday,t,1,w,0.57,0
16,341,Refrigerated,P,"['Onion', 'Potato', 'Cotton', 'Tomato', 'Grains', 'Fruits']",Friday,t,14,w,0.89,1
18,185,Open,P,"['Onion', 'Potato', 'Cotton', 'Tomato', 'Grains', 'Fruits']",Sunday,t,15,w,0.32,1
6,222,Closed,P,"['Onion', 'Potato', 'Cotton', 'Tomato', 'Grains', 'Fruits']",Thursday,t,0,w,0.43,0
10,552,Open,P,"['Onion', 'Potato', 'Cotton', 'Tomato', 'Grains', 'Fruits']",Thursday,t,6,w,0.91,0
12,332,Open,P,"['Onion', 'Potato', 'Cotton', 'Tomato', 'Grains', 'Fruits']",Saturday,t,1,w,0.41,1
14,411,Closed,P,"['Onion', 'Potato', 'Cotton', 'Tomato', 'Grains', 'Fruits']",Sunday,t,13,w,0.92,0
12,258,Closed,P,"['Onion', 'Potato', 'Cotton', 'Tomato', 'Grains', 'Fruits']",Saturday,t,13,w,0.62,0
6,358,Refrigerated,P,"['Onion', 'Potato', 'Cotton', 'Tomato', 'Grains', 'Fruits']",Monday,t,1,w,0.35,1
16,532,Refrigerated,P,"['Onion', 'Potato', 'Cotton', 'Tomato', 'Grains', 'Fruits']",Sunday,t,2,w,0.64,0
6,298,Open,P,"['Onion', 'Potato', 'Cotton', 'Tomato', 'Grains', 'Fruits']",Monday,t,0,w,0.23,0
12,130,Open,P,"['Onion', 'Potato', 'Cotton', 'Tomato', 'Grains', 'Fruits']",Wednesday,t,5,w,0.32,1
12,293,Refrigerated,P,"['Onion', 'Potato', 'Cotton', 'Tomato', 'Grains', 'Fruits']",Friday,t,7,w,0.64,1
12,508,Refrigerated,P,"['Onion', 'Potato', 'Cotton', 'Tomato', 'Grains', 'Fruits']",Saturday,t,6,w,0.41,0
18,513,Closed,P,"['Onion', 'Potato', 'Cotton', 'Tomato', 'Grains', 'Fruits']",Tuesday,t,4,w,0.61,0
10,351,Open,P,"['Onion', 'Potato', 'Cotton', 'Tomato', 'Grains', 'Fruits']",Thursday,t,15,w,0.31,1
6,313,Closed,P,"['Onion', 'Potato', 'Cotton', 'Tomato', 'Grains', 'Fruits']",Sunday,t,15,w,0.5,0
16,580,Open,P,"['Onion', 'Potato', 'Cotton', 'Tomato', 'Grains', 'Fruits']",Thursday,t,8,w,0.43,0
14,313,Closed,P,"['Onion', 'Potato', 'Cotton', 'Tomato', 'Grains', 'Fruits']",Sunday,t,7,w,0.81,0
14,197,Open,P,"['Onion', 'Potato', 'Cotton', 'Tomato', 'Grains', 'Fruits']",Monday,t,12,w,0.84,0
14,447,Closed,P,"['Onion', 'Potato', 'Cotton', 'Tomato', 'Grains', 'Fruits']",Saturday,t,3,w,0.83,0
12,189,Closed,P,"['Onion', 'Potato', 'Cotton', 'Tomato', 'Grains', 'Fruits']",Friday,t,4,w,0.88,1
20,326,Open,P,"['Onion', 'Potato', 'Cotton', 'Tomato', 'Grains', 'Fruits']",Saturday,t,6,w,0.57,0
16,557,Refrigerated,P,"['Onion', 'Potato', 'Cotton', 'Tomato', 'Grains', 'Fruits']",Monday,t,10,w,0.64,0
16,510,Refrigerated,P,"['Onion', 'Potato', 'Cotton', 'Tomato', 'Grains', 'Fruits']",Saturday,t,14,w,0.62,0
16,118,Refrigerated,P,"['Onion', 'Potato', 'Cotton', 'Tomato', 'Grains', 'Fruits']",Thursday,t,13,w,0.68,0
18,279,Open,P,"['Onion', 'Potato', 'Cotton', 'Tomato', 'Grains', 'Fruits']",Monday,t,13,w,0.39,1
14,309,Open,P,"['Onion', 'Potato', 'Cotton', 'Tomato', 'Grains', 'Fruits']",Monday,t,4,w,0.94,0
20,152,Closed,P,"['Onion', 'Potato', 'Cotton', 'Tomato', 'Grains', 'Fruits']",Monday,t,10,w,0.67,0
16,72,Closed,P,"['Onion', 'Potato', 'Cotton', 'Tomato', 'Grains', 'Fruits']",Wednesday,t,7,w,0.44,1
8,319,Open,P,"['Onion', 'Potato', 'Cotton', 'Tomato', 'Grains', 'Fruits']",Sunday,t,15,w,0.51,1
20,98,Closed,P,"['Onion', 'Potato', 'Cotton', 'Tomato', 'Grains', 'Fruits']",Tuesday,t,3,w,0.5,0
8,552,Open,P,"['Onion', 'Potato', 'Cotton', 'Tomato', 'Grains', 'Fruits']",Wednesday,t,4,w,0.6,0
14,466,Closed,P,"['Onion', 'Potato', 'Cotton', 'Tomato', 'Grains', 'Fruits']",Wednesday,t,15,w,0.73,0
8,165,Closed,P,"['Onion', 'Potato', 'Cotton', 'Tomato', 'Grains', 'Fruits']",Wednesday,t,1,w,0.91,0
16,176,Open,P,"['Onion', 'Potato', 'Cotton', 'Tomato', 'Grains', 'Fruits']",Thursday,t,0,w,0.87,1
20,344,Closed,P,"['Onion', 'Potato', 'Cotton', 'Tomato', 'Grains', 'Fruits']",Sunday,t,3,w,0.95,0
6,340,Open,P,"['Onion', 'Potato', 'Cotton', 'Tomato', 'Grains', 'Fruits']",Friday,t,14,w,0.39,0
18,409,Closed,P,"['Onion', 'Potato', 'Cotton', 'Tomato', 'Grains', 'Fruits']",Tuesday,t,6,w,0.26,1
6,478,Open,P,"['Onion', 'Potato', 'Cotton', 'Tomato', 'Grains', 'Fruits']",Thursday,t,10,w,0.31,1
6,297,Closed,P,"['Onion', 'Potato', 'Cotton', 'Tomato', 'Grains', 'Fruits']",Saturday,t,4,w,0.74,1
16,497,Refrigerated,P,"['Onion', 'Potato', 'Cotton', 'Tomato', 'Grains', 'Fruits']",Monday,t,0,w,0.55,1
10,135,Refrigerated,P,"['Onion', 'Potato', 'Cotton', 'Tomato', 'Grains', 'Fruits']",Sunday,t,14,w,0.81,0
12,285,Refrigerated,P,"['Onion', 'Potato', 'Cotton', 'Tomato', 'Grains', 'Fruits']",Monday,t,8,w,0.75,0
18,388,Closed,P,"['Onion', 'Potato', 'Cotton', 'Tomato', 'Grains', 'Fruits']",Thursday,t,6,w,0.85,0
10,327,Open,P,"['Onion', 'Potato', 'Cotton', 'Tomato', 'Grains', 'Fruits']",Saturday,t,13,w,0.67,0
6,196,Refrigerated,P,"['Onion', 'Potato', 'Cotton', 'Tomato', 'Grains', 'Fruits']",Wednesday,t,2,w,0.73,1
16,150,Open,P,"['Onion', 'Potato', 'Cotton', 'Tomato', 'Grains', 'Fruits']",Tuesday,t,12,w,0.74,0
12,56,Closed,P,"['Onion', 'Potato', 'Cotton', 'Tomato', 'Grains', 'Fruits']",Saturday,t,9,w,0.55,1
14,172,Closed,P,"['Onion', 'Potato', 'Cotton', 'Tomato', 'Grains', 'Fruits']",Tuesday,t,14,w,0.68,0
6,326,Closed,P,"['Onion', 'Potato', 'Cotton', 'Tomato', 'Grains', 'Fruits']",Monday,t,10,w,0.61,0
12,531,Open,P,"['Onion', 'Potato', 'Cotton', 'Tomato', 'Grains', 'Fruits']",Saturday,t,12,w,0.54,0
16,146,Closed,P,"['Onion', 'Potato', 'Cotton', 'Tomato', 'Grains', 'Fruits']",Saturday,t,0,w,0.94,0
8,437,Refrigerated,P,"['Onion', 'Potato', 'Cotton', 'Tomato', 'Grains', 'Fruits']",Tuesday,t,15,w,0.95,0
6,581,Refrigerated,P,"['Onion', 'Potato', 'Cotton', 'Tomato', 'Grains', 'Fruits']",Saturday,t,1,w,0.46,1
16,202,Refrigerated,P,"['Onion', 'Potato', 'Cotton', 'Tomato', 'Grains', 'Fruits']",Friday,t,11,w,0.22,0
18,427,Open,P,"['Onion', 'Potato', 'Cotton', 'Tomato', 'Grains', 'Fruits']",Thursday,t,0,w,0.6,1
10,510,Open,P,"['Onion', 'Potato', 'Cotton', 'Tomato', 'Grains', 'Fruits']",Thursday,t,4,w,0.79,1
18,574,Open,P,"['Onion', 'Potato', 'Cotton', 'Tomato', 'Grains', 'Fruits']",Monday,t,13,w,0.64,0
6,118,Refrigerated,P,"['Onion', 'Potato', 'Cotton', 'Tomato', 'Grains', 'Fruits']",Monday,t,6,w,0.57,1
6,402,Refrigerated,P,"['Onion', 'Potato', 'Cotton', 'Tomato', 'Grains', 'Fruits']",Thursday,t,15,w,0.26,1
18,568,Open,P,"['Onion', 'Potato', 'Cotton', 'Tomato', 'Grains', 'Fruits']",Monday,t,13,w,0.43,0
12,375,Refrigerated,P,"['Onion', 'Potato', 'Cotton', 'Tomato', 'Grains', 'Fruits']",Thursday,t,5,w,0.23,0
8,259,Closed,P,"['Onion', 'Potato', 'Cotton', 'Tomato', 'Grains', 'Fruits']",Tuesday,t,9,w,0.46,0
18,528,Refrigerated,P,"['Onion', 'Potato', 'Cotton', 'Tomato', 'Grains', 'Fruits']",Sunday,t,15,w,0.47,1
8,551,Refrigerated,P,"['Onion', 'Potato', 'Cotton', 'Tomato', 'Grains', 'Fruits']",Wednesday,t,9,w,0.54,0
16,364,Open,P,"['Onion', 'Potato', 'Cotton', 'Tomato', 'Grains', 'Fruits']",Wednesday,t,15,w,0.33,1
8,254,Open,P,"['Onion', 'Potato', 'Cotton', 'Tomato', 'Grains', 'Fruits']",Wednesday,t,3,w,0.49,0
18,243,Open,P,"['Onion', 'Potato', 'Cotton', 'Tomato', 'Grains', 'Fruits']",Tuesday,t,6,w,0.38,0
6,378,Refrigerated,P,"['Onion', 'Potato', 'Cotton', 'Tomato', 'Grains', 'Fruits']",Friday,t,15,w,0.37,1
18,225,Open,P,"['Onion', 'Potato', 'Cotton', 'Tomato', 'Grains', 'Fruits']",Friday,t,15,w,0.56,0
10,462,Refrigerated,P,"['Onion', 'Potato', 'Cotton', 'Tomato', 'Grains', 'Fruits']",Wednesday,t,3,w,0.37,0
10,276,Open,P,"['Onion', 'Potato', 'Cotton', 'Tomato', 'Grains', 'Fruits']",Saturday,t,13,w,0.88,0
14,499,Closed,P,"['Onion', 'Potato', 'Cotton', 'Tomato', 'Grains', 'Fruits']",Wednesday,t,15,w,0.74,0
20,357,Open,P,"['Onion', 'Potato', 'Cotton', 'Tomato', 'Grains', 'Fruits']",Tuesday,t,6,w,0.68,0
8,120,Refrigerated,P,"['Onion', 'Potato', 'Cotton', 'Tomato', 'Grains', 'Fruits']",Thursday,t,1,w,0.87,1
14,577,Open,P,"['Onion', 'Potato', 'Cotton', 'Tomato', 'Grains', 'Fruits']",Thursday,t,14,w,0.94,0
12,254,Refrigerated,P,"['Onion', 'Potato', 'Cotton', 'Tomato', 'Grains', 'Fruits']",Thursday,t,14,w,0.8,0
18,328,Open,P,"['Onion', 'Potato', 'Cotton', 'Tomato', 'Grains', 'Fruits']",Wednesday,t,1,w,0.21,1
20,316,Refrigerated,P,"['Onion', 'Potato', 'Cotton', 'Tomato', 'Grains', 'Fruits']",Wednesday,t,4,w,0.89,0
8,567,Refrigerated,P,"['Onion', 'Potato', 'Cotton', 'Tomato', 'Grains', 'Fruits']",Friday,t,6,w,0.77,0
16,509,Closed,P,"['Onion', 'Potato', 'Cotton', 'Tomato', 'Grains', 'Fruits']",Friday,t,2,w,0.27,1
12,356,Closed,P,"['Onion', 'Potato', 'Cotton', 'Tomato', 'Grains', 'Fruits']",Thursday,t,2,w,0.41,0
18,241,Closed,P,"['Onion', 'Potato', 'Cotton', 'Tomato', 'Grains', 'Fruits']",Wednesday,t,13,w,0.2,1
12,399,Refrigerated,P,"['Onion', 'Potato', 'Cotton', 'Tomato', 'Grains', 'Fruits']",Sunday,t,5,w,0.7,1
8,505,Open,P,"['Onion', 'Potato', 'Cotton', 'Tomato', 'Grains', 'Fruits']",Tuesday,t,12,w,0.88,0
16,315,Closed,P,"['Onion', 'Potato', 'Cotton', 'Tomato', 'Grains', 'Fruits']",Saturday,t,13,w,0.8,0
8,102,Closed,P,"['Onion', 'Potato', 'Cotton', 'Tomato', 'Grains', 'Fruits']",Monday,t,6,w,0.3,0
8,231,Open,P,"['Onion', 'Potato', 'Cotton', 'Tomato', 'Grains', 'Fruits']",Tuesday,t,3,w,0.45,0
16,496,Closed,P,"['Onion', 'Potato', 'Cotton', 'Tomato', 'Grains', 'Fruits']",Friday,t,8,w,0.34,1
16,62,Open,P,"['Onion', 'Potato', 'Cotton', 'Tomato', 'Grains', 'Fruits']",Friday,t,10,w,0.72,0
20,151,Refrigerated,P,"['Onion', 'Potato', 'Cotton', 'Tomato', 'Grains', 'Fruits']",Saturday,t,5,w,0.73,0
10,224,Open,P,"['Onion', 'Potato', 'Cotton', 'Tomato', 'Grains', 'Fruits']",Saturday,t,9,w,0.63,0
8,347,Open,P,"['Onion', 'Potato', 'Cotton', 'Tomato', 'Grains', 'Fruits']",Monday,t,6,w,0.72,0
12,173,Closed,P,"['Onion', 'Potato', 'Cotton', 'Tomato', 'Grains', 'Fruits']",Thursday,t,4,w,0.88,0
6,160,Closed,P,"['Onion', 'Potato', 'Cotton', 'Tomato', 'Grains', 'Fruits']",Monday,t,1,w,0.73,0
18,462,Closed,P,"['Onion', 'Potato', 'Cotton', 'Tomato', 'Grains', 'Fruits']",Friday,t,4,w,0.34,1
18,518,Refrigerated,P,"['Onion', 'Potato', 'Cotton', 'Tomato', 'Grains', 'Fruits']",Friday,t,13,w,0.92,0
16,245,Open,P,"['Onion', 'Potato', 'Cotton', 'Tomato', 'Grains', 'Fruits']",Friday,t,3,w,0.34,0
12,154,Closed,P,"['Onion', 'Potato', 'Cotton', 'Tomato', 'Grains', 'Fruits']",Sunday,t,7,w,0.34,0
6,178,Open,P,"['Onion', 'Potato', 'Cotton', 'Tomato', 'Grains', 'Fruits']",Thursday,t,12,w,0.83,0
10,60,Open,P,"['Onion', 'Potato', 'Cotton', 'Tomato', 'Grains', 'Fruits']",Tuesday,t,5,w,0.6,1
20,535,Closed,P,"['Onion', 'Potato', 'Cotton', 'Tomato', 'Grains', 'Fruits']",Wednesday,t,6,w,0.68,0
18,531,Closed,P,"['Onion', 'Potato', 'Cotton', 'Tomato', 'Grains', 'Fruits']",Friday,t,15,w,0.26,1
14,103,Open,P,"['Onion', 'Potato', 'Cotton', 'Tomato', 'Grains', 'Fruits']",Sunday,t,1,w,0.84,0
20,198,Closed,P,"['Onion', 'Potato', 'Cotton', 'Tomato', 'Grains', 'Fruits']",Sunday,t,11,w,0.34,0
18,594,Refrigerated,P,"['Onion', 'Potato', 'Cotton', 'Tomato', 'Grains', 'Fruits']",Friday,t,15,w,0.76,0
12,376,Refrigerated,P,"['Onion', 'Potato', 'Cotton', 'Tomato', 'Grains', 'Fruits']",Tuesday,t,5,w,0.88,0
10,520,Refrigerated,P,"['Onion', 'Potato', 'Cotton', 'Tomato', 'Grains', 'Fruits']",Friday,t,15,w,0.41,1
20,286,Open,P,"['Onion', 'Potato', 'Cotton', 'Tomato', 'Grains', 'Fruits']",Friday,t,2,w,0.74,0
8,245,Closed,P,"['Onion', 'Potato', 'Cotton', 'Tomato', 'Grains', 'Fruits']",Wednesday,t,1,w,0.21,0
6,557,Closed,P,"['Onion', 'Potato', 'Cotton', 'Tomato', 'Grains', 'Fruits']",Monday,t,9,w,0.35,1
18,474,Open,P,"['Onion', 'Potato', 'Cotton', 'Tomato', 'Grains', 'Fruits']",Tuesday,t,10,w,0.25,1
14,417,Closed,P,"['Onion', 'Potato', 'Cotton', 'Tomato', 'Grains', 'Fruits']",Tuesday,t,10,w,0.28,0
6,385,Refrigerated,P,"['Onion', 'Potato', 'Cotton', 'Tomato', 'Grains', 'Fruits']",Wednesday,t,3,w,0.36,1
8,76,Refrigerated,P,"['Onion', 'Potato', 'Cotton', 'Tomato', 'Grains', 'Fruits']",Thursday,t,10,w,0.7,0
18,284,Closed,P,"['Onion', 'Potato', 'Cotton', 'Tomato', 'Grains', 'Fruits']",Saturday,t,10,w,0.39,0
10,194,Open,P,"['Onion', 'Potato', 'Cotton', 'Tomato', 'Grains', 'Fruits']",Tuesday,t,15,w,0.85,0
12,226,Open,P,"['Onion', 'Potato', 'Cotton', 'Tomato', 'Grains', 'Fruits']",Tuesday,t,14,w,0.87,0
12,411,Closed,P,"['Onion', 'Potato', 'Cotton', 'Tomato', 'Grains', 'Fruits']",Saturday,t,4,w,0.25,0
18,300,Closed,P,"['Onion', 'Potato', 'Cotton', 'Tomato', 'Grains', 'Fruits']",Monday,t,9,w,0.38,0
18,215,Open,P,"['Onion', 'Potato', 'Cotton', 'Tomato', 'Grains', 'Fruits']",Sunday,t,10,w,0.7,0
8,571,Open,P,"['Onion', 'Potato', 'Cotton', 'Tomato', 'Grains', 'Fruits']",Saturday,t,9,w,0.74,0
10,119,Refrigerated,P,"['Onion', 'Potato', 'Cotton', 'Tomato', 'Grains', 'Fruits']",Wednesday,t,8,w,0.61,1
14,482,Open,P,"['Onion', 'Potato', 'Cotton', 'Tomato', 'Grains', 'Fruits']",Saturday,t,14,w,0.34,0
20,61,Open,P,"['Onion', 'Potato', 'Cotton', 'Tomato', 'Grains', 'Fruits']",Monday,t,6,w,0.7,0
14,362,Open,P,"['Onion', 'Potato', 'Cotton', 'Tomato', 'Grains', 'Fruits']",Monday,t,11,w,0.85,0
18,51,Open,P,"['Onion', 'Potato', 'Cotton', 'Tomato', 'Grains', 'Fruits']",Saturday,t,3,w,0.29,1
20,360,Open,P,"['Onion', 'Potato', 'Cotton', 'Tomato', 'Grains', 'Fruits']",Saturday,t,4,w,0.71,0
20,183,Refrigerated,P,"['Onion', 'Potato', 'Cotton', 'Tomato', 'Grains', 'Fruits']",Thursday,t,2,w,0.74,0
20,483,Closed,P,"['Onion', 'Potato', 'Cotton', 'Tomato', 'Grains', 'Fruits']",Wednesday,t,6,w,0.55,0
8,595,Refrigerated,P,"['Onion', 'Potato', 'Cotton', 'Tomato', 'Grains', 'Fruits']",Friday,t,5,w,0.41,1
16,169,Refrigerated,P,"['Onion', 'Potato', 'Cotton', 'Tomato', 'Grains', 'Fruits']",Wednesday,t,13,w,0.68,0
12,337,Open,P,"['Onion', 'Potato', 'Cotton', 'Tomato', 'Grains', 'Fruits']",Thursday,t,9,w,0.39,1
20,376,Refrigerated,P,"['Onion', 'Potato', 'Cotton', 'Tomato', 'Grains', 'Fruits']",Friday,t,3,w,0.38,1
16,335,Closed,P,"['Onion', 'Potato', 'Cotton', 'Tomato', 'Grains', 'Fruits']",Sunday,t,5,w,0.26,1
18,283,Refrigerated,P,"['Onion', 'Potato', 'Cotton', 'Tomato', 'Grains', 'Fruits']",Sunday,t,14,w,0.31,0
8,413,Open,P,"['Onion', 'Potato', 'Cotton', 'Tomato', 'Grains', 'Fruits']",Friday,t,5,w,0.72,0
16,394,Open,P,"['Onion', 'Potato', 'Cotton', 'Tomato', 'Grains', 'Fruits']",Wednesday,t,1,w,0.77,0
18,516,Closed,P,"['Onion', 'Potato', 'Cotton', 'Tomato', 'Grains', 'Fruits']",Saturday,t,3,w,0.76,1
6,333,Open,P,"['Onion', 'Potato', 'Cotton', 'Tomato', 'Grains', 'Fruits']",Thursday,t,3,w,0.42,0
20,600,Refrigerated,P,"['Onion', 'Potato', 'Cotton', 'Tomato', 'Grains', 'Fruits']",Wednesday,t,0,w,0.61,1
18,313,Closed,P,"['Onion', 'Potato', 'Cotton', 'Tomato', 'Grains', 'Fruits']",Thursday,t,9,w,0.82,1
14,474,Closed,P,"['Onion', 'Potato', 'Cotton', 'Tomato', 'Grains', 'Fruits']",Monday,t,3,w,0.55,1
16,524,Open,P,"['Onion', 'Potato', 'Cotton', 'Tomato', 'Grains', 'Fruits']",Saturday,t,7,w,0.55,0
18,592,Refrigerated,P,"['Onion', 'Potato', 'Cotton', 'Tomato', 'Grains', 'Fruits']",Saturday,t,1,w,0.68,0
12,575,Open,P,"['Onion', 'Potato', 'Cotton', 'Tomato', 'Grains', 'Fruits']",Thursday,t,8,w,0.83,0
14,590,Open,P,"['Onion', 'Potato', 'Cotton', 'Tomato', 'Grains', 'Fruits']",Saturday,t,1,w,0.58,1
10,303,Open,P,"['Onion', 'Potato', 'Cotton', 'Tomato', 'Grains', 'Fruits']",Wednesday,t,11,w,0.58,0
8,536,Open,P,"['Onion', 'Potato', 'Cotton', 'Tomato', 'Grains', 'Fruits']",Tuesday,t,7,w,0.4,1
18,530,Closed,P,"['Onion', 'Potato', 'Cotton', 'Tomato', 'Grains', 'Fruits']",Sunday,t,6,w,0.3,0
10,260,Open,P,"['Onion', 'Potato', 'Cotton', 'Tomato', 'Grains', 'Fruits']",Sunday,t,8,w,0.68,0
6,190,Open,P,"['Onion', 'Potato', 'Cotton', 'Tomato', 'Grains', 'Fruits']",Monday,t,3,w,0.75,1
6,419,Open,P,"['Onion', 'Potato', 'Cotton', 'Tomato', 'Grains', 'Fruits']",Monday,t,8,w,0.69,0
12,424,Open,P,"['Onion', 'Potato', 'Cotton', 'Tomato', 'Grains', 'Fruits']",Saturday,t,10,w,0.29,1
16,368,Closed,P,"['Onion', 'Potato', 'Cotton', 'Tomato', 'Grains', 'Fruits']",Thursday,t,8,w,0.44,0
16,598,Open,P,"['Onion', 'Potato', 'Cotton', 'Tomato', 'Grains', 'Fruits']",Friday,t,11,w,0.6,0
14,82,Open,P,"['Onion', 'Potato', 'Cotton', 'Tomato', 'Grains', 'Fruits']",Tuesday,t,11,w,0.64,0
12,391,Refrigerated,P,"['Onion', 'Potato', 'Cotton', 'Tomato', 'Grains', 'Fruits']",Friday,t,10,w,0.89,1
20,570,Open,P,"['Onion', 'Potato', 'Cotton', 'Tomato', 'Grains', 'Fruits']",Sunday,t,11,w,0.79,0
16,235,Closed,P,"['Onion', 'Potato', 'Cotton', 'Tomato', 'Grains', 'Fruits']",Thursday,t,15,w,0.41,0
14,301,Open,P,"['Onion', 'Potato', 'Cotton', 'Tomato', 'Grains', 'Fruits']",Thursday,t,1,w,0.53,1
10,449,Closed,P,"['Onion', 'Potato', 'Cotton', 'Tomato', 'Grains', 'Fruits']",Tuesday,t,11,w,0.8,0
16,347,Refrigerated,P,"['Onion', 'Potato', 'Cotton', 'Tomato', 'Grains', 'Fruits']",Monday,t,4,w,0.22,1
10,419,Closed,P,"['Onion', 'Potato', 'Cotton', 'Tomato', 'Grains', 'Fruits']",Saturday,t,13,w,0.27,0
12,194,Refrigerated,P,"['Onion', 'Potato', 'Cotton', 'Tomato', 'Grains', 'Fruits']",Thursday,t,14,w,0.5,0
8,538,Closed,P,"['Onion', 'Potato', 'Cotton', 'Tomato', 'Grains', 'Fruits']",Monday,t,1,w,0.3,0
14,302,Refrigerated,P,"['Onion', 'Potato', 'Cotton', 'Tomato', 'Grains', 'Fruits']",Wednesday,t,14,w,0.32,1
20,320,Refrigerated,P,"['Onion', 'Potato', 'Cotton', 'Tomato', 'Grains', 'Fruits']",Saturday,t,10,w,0.65,0
16,517,Refrigerated,P,"['Onion', 'Potato', 'Cotton', 'Tomato', 'Grains', 'Fruits']",Tuesday,t,6,w,0.57,0
10,499,Refrigerated,P,"['Onion', 'Potato', 'Cotton', 'Tomato', 'Grains', 'Fruits']",Friday,t,4,w,0.9,1
12,263,Closed,P,"['Onion', 'Potato', 'Cotton', 'Tomato', 'Grains', 'Fruits']",Thursday,t,3,w,0.51,0
14,91,Closed,P,"['Onion', 'Potato', 'Cotton', 'Tomato', 'Grains', 'Fruits']",Wednesday,t,3,w,0.32,1
8,66,Closed,P,"['Onion', 'Potato', 'Cotton', 'Tomato', 'Grains', 'Fruits']",Tuesday,t,5,w,0.56,0
16,415,Open,P,"['Onion', 'Potato', 'Cotton', 'Tomato', 'Grains', 'Fruits']",Thursday,t,15,w,0.8,0
16,321,Open,P,"['Onion', 'Potato', 'Cotton', 'Tomato', 'Grains', 'Fruits']",Sunday,t,6,w,0.74,0
18,241,Open,P,"['Onion', 'Potato', 'Cotton', 'Tomato', 'Grains', 'Fruits']",Monday,t,0,w,0.48,0
8,313,Open,P,"['Onion', 'Potato', 'Cotton', 'Tomato', 'Grains', 'Fruits']",Saturday,t,12,w,0.36,1
16,537,Open,P,"['Onion', 'Potato', 'Cotton', 'Tomato', 'Grains', 'Fruits']",Monday,t,5,w,0.62,1
20,277,Open,P,"['Onion', 'Potato', 'Cotton', 'Tomato', 'Grains', 'Fruits']",Monday,t,6,w,0.55,0
8,183,Refrigerated,P,"['Onion', 'Potato', 'Cotton', 'Tomato', 'Grains', 'Fruits']",Tuesday,t,2,w,0.59,0
10,514,Refrigerated,P,"['Onion', 'Potato', 'Cotton', 'Tomato', 'Grains', 'Fruits']",Friday,t,4,w,0.61,0
20,204,Open,P,"['Onion', 'Potato', 'Cotton', 'Tomato', 'Grains', 'Fruits']",Friday,t,2,w,0.91,0
14,405,Open,P,"['Onion', 'Potato', 'Cotton', 'Tomato', 'Grains', 'Fruits']",Friday,t,13,w,0.3,0
20,409,Open,P,"['Onion', 'Potato', 'Cotton', 'Tomato', 'Grains', 'Fruits']",Wednesday,t,0,w,0.33,0
6,494,Open,P,"['Onion', 'Potato', 'Cotton', 'Tomato', 'Grains', 'Fruits']",Monday,t,10,w,0.33,1
12,74,Open,P,"['Onion', 'Potato', 'Cotton', 'Tomato', 'Grains', 'Fruits']",Friday,t,15,w,0.59,0
16,55,Refrigerated,P,"['Onion', 'Potato', 'Cotton', 'Tomato', 'Grains', 'Fruits']",Friday,t,9,w,0.23,0
10,304,Closed,P,"['Onion', 'Potato', 'Cotton', 'Tomato', 'Grains', 'Fruits']",Friday,t,12,w,0.53,0
8,177,Closed,P,"['Onion', 'Potato', 'Cotton', 'Tomato', 'Grains', 'Fruits']",Monday,t,7,w,0.77,1
14,460,Open,P,"['Onion', 'Potato', 'Cotton', 'Tomato', 'Grains', 'Fruits']",Thursday,t,8,w,0.9,1
14,159,Closed,P,"['Onion', 'Potato', 'Cotton', 'Tomato', 'Grains', 'Fruits']",Thursday,t,1,w,0.62,0
18,573,Refrigerated,P,"['Onion', 'Potato', 'Cotton', 'Tomato', 'Grains', 'Fruits']",Friday,t,14,w,0.67,1
18,497,Closed,P,"['Onion', 'Potato', 'Cotton', 'Tomato', 'Grains', 'Fruits']",Thursday,t,2,w,0.67,1
16,271,Closed,P,"['Onion', 'Potato', 'Cotton', 'Tomato', 'Grains', 'Fruits']",Monday,t,5,w,0.63,1
14,414,Refrigerated,P,"['Onion', 'Potato', 'Cotton', 'Tomato', 'Grains', 'Fruits']",Wednesday,t,14,w,0.4,1
12,448,Closed,P,"['Onion', 'Potato', 'Cotton', 'Tomato', 'Grains', 'Fruits']",Sunday,t,11,w,0.79,0
10,101,Open,P,"['Onion', 'Potato', 'Cotton', 'Tomato', 'Grains', 'Fruits']",Thursday,t,10,w,0.29,0
10,124,Open,P,"['Onion', 'Potato', 'Cotton', 'Tomato', 'Grains', 'Fruits']",Monday,t,10,w,0.69,0
8,426,Open,P,"['Onion', 'Potato', 'Cotton', 'Tomato', 'Grains', 'Fruits']",Saturday,t,5,w,0.78,1
6,391,Closed,P,"['Onion', 'Potato', 'Cotton', 'Tomato', 'Grains', 'Fruits']",Thursday,t,6,w,0.35,1
12,465,Closed,P,"['Onion', 'Potato', 'Cotton', 'Tomato', 'Grains', 'Fruits']",Tuesday,t,13,w,0.66,0
20,501,Open,P,"['Onion', 'Potato', 'Cotton', 'Tomato', 'Grains', 'Fruits']",Sunday,t,13,w,0.22,1
14,295,Open,P,"['Onion', 'Potato', 'Cotton', 'Tomato', 'Grains', 'Fruits']",Monday,t,8,w,0.75,0
14,251,Closed,P,"['Onion', 'Potato', 'Cotton', 'Tomato', 'Grains', 'Fruits']",Monday,t,7,w,0.53,0
20,551,Closed,P,"['Onion', 'Potato', 'Cotton', 'Tomato', 'Grains', 'Fruits']",Saturday,t,8,w,0.83,1
10,347,Refrigerated,P,"['Onion', 'Potato', 'Cotton', 'Tomato', 'Grains', 'Fruits']",Wednesday,t,8,w,0.57,0
8,306,Open,P,"['Onion', 'Potato', 'Cotton', 'Tomato', 'Grains', 'Fruits']",Tuesday,t,6,w,0.71,0
10,259,Refrigerated,P,"['Onion', 'Potato', 'Cotton', 'Tomato', 'Grains', 'Fruits']",Friday,t,3,w,0.62,0
8,266,Open,P,"['Onion', 'Potato', 'Cotton', 'Tomato', 'Grains', 'Fruits']",Wednesday,t,8,w,0.51,0
16,322,Open,P,"['Onion', 'Potato', 'Cotton', 'Tomato', 'Grains', 'Fruits']",Saturday,t,12,w,0.42,0
12,136,Open,P,"['Onion', 'Potato', 'Cotton', 'Tomato', 'Grains', 'Fruits']",Saturday,t,11,w,0.69,0
20,459,Closed,P,"['Onion', 'Potato', 'Cotton', 'Tomato', 'Grains', 'Fruits']",Saturday,t,12,w,0.85,0
16,178,Open,P,"['Onion', 'Potato', 'Cotton', 'Tomato', 'Grains', 'Fruits']",Sunday,t,13,w,0.45,1
20,422,Open,P,"['Onion', 'Potato', 'Cotton', 'Tomato', 'Grains', 'Fruits']",Friday,t,4,w,0.95,1
14,195,Open,P,"['Onion', 'Potato', 'Cotton', 'Tomato', 'Grains', 'Fruits']",Thursday,t,11,w,0.51,0
20,287,Refrigerated,P,"['Onion', 'Potato', 'Cotton', 'Tomato', 'Grains', 'Fruits']",Sunday,t,1,w,0.48,1
18,257,Refrigerated,P,"['Onion', 'Potato', 'Cotton', 'Tomato', 'Grains', 'Fruits']",Tuesday,t,2,w,0.39,1
12,294,Open,P,"['Onion', 'Potato', 'Cotton', 'Tomato', 'Grains', 'Fruits']",Monday,t,3,w,0.7,1
16,401,Refrigerated,P,"['Onion', 'Potato', 'Cotton', 'Tomato', 'Grains', 'Fruits']",Wednesday,t,4,w,0.47,1
8,333,Open,P,"['Onion', 'Potato', 'Cotton', 'Tomato', 'Grains', 'Fruits']",Friday,t,8,w,0.54,1
8,513,Refrigerated,P,"['Onion', 'Potato', 'Cotton', 'Tomato', 'Grains', 'Fruits']",Saturday,t,2,w,0.45,0
18,303,Refrigerated,P,"['Onion', 'Potato', 'Cotton', 'Tomato', 'Grains', 'Fruits']",Sunday,t,13,w,0.25,0
16,446,Open,P,"['Onion', 'Potato', 'Cotton', 'Tomato', 'Grains', 'Fruits']",Friday,t,13,w,0.4,0
20,481,Refrigerated,P,"['Onion', 'Potato', 'Cotton', 'Tomato', 'Grains', 'Fruits']",Friday,t,12,w,0.3,1
8,546,Refrigerated,P,"['Onion', 'Potato', 'Cotton', 'Tomato', 'Grains', 'Fruits']",Tuesday,t,15,w,0.27,1
20,128,Refrigerated,P,"['Onion', 'Potato', 'Cotton', 'Tomato', 'Grains', 'Fruits']",Saturday,t,4,w,0.34,1
8,181,Open,P,"['Onion', 'Potato', 'Cotton', 'Tomato', 'Grains', 'Fruits']",Saturday,t,1,w,0.87,1
14,327,Closed,P,"['Onion', 'Potato', 'Cotton', 'Tomato', 'Grains', 'Fruits']",Tuesday,t,3,w,0.45,0
12,267,Refrigerated,P,"['Onion', 'Potato', 'Cotton', 'Tomato', 'Grains', 'Fruits']",Monday,t,9,w,0.75,0
8,333,Open,P,"['Onion', 'Potato', 'Cotton', 'Tomato', 'Grains', 'Fruits']",Monday,t,10,w,0.91,0
14,117,Refrigerated,P,"['Onion', 'Potato', 'Cotton', 'Tomato', 'Grains', 'Fruits']",Tuesday,t,4,w,0.6,0
6,549,Closed,P,"['Onion', 'Potato', 'Cotton', 'Tomato', 'Grains', 'Fruits']",Monday,t,7,w,0.59,0
20,75,Open,P,"['Onion', 'Potato', 'Cotton', 'Tomato', 'Grains', 'Fruits']",Wednesday,t,9,w,0.26,1
20,148,Refrigerated,P,"['Onion', 'Potato', 'Cotton', 'Tomato', 'Grains', 'Fruits']",Tuesday,t,7,w,0.77,0
12,551,Closed,P,"['Onion', 'Potato', 'Cotton', 'Tomato', 'Grains', 'Fruits']",Wednesday,t,14,w,0.25,1
12,395,Closed,P,"['Onion', 'Potato', 'Cotton', 'Tomato', 'Grains', 'Fruits']",Friday,t,9,w,0.9,0
18,158,Closed,P,"['Onion', 'Potato', 'Cotton', 'Tomato', 'Grains', 'Fruits']",Friday,t,4,w,0.33,0
8,404,Open,P,"['Onion', 'Potato', 'Cotton', 'Tomato', 'Grains', 'Fruits']",Tuesday,t,7,w,0.63,0
16,566,Open,P,"['Onion', 'Potato', 'Cotton', 'Tomato', 'Grains', 'Fruits']",Sunday,t,15,w,0.36,1
10,94,Open,P,"['Onion', 'Potato', 'Cotton', 'Tomato', 'Grains', 'Fruits']",Monday,t,4,w,0.46,0
16,372,Closed,P,"['Onion', 'Potato', 'Cotton', 'Tomato', 'Grains', 'Fruits']",Wednesday,t,2,w,0.52,0
6,450,Refrigerated,P,"['Onion', 'Potato', 'Cotton', 'Tomato', 'Grains', 'Fruits']",Friday,t,1,w,0.74,1
14,270,Closed,P,"['Onion', 'Potato', 'Cotton', 'Tomato', 'Grains', 'Fruits']",Wednesday,t,6,w,0.76,0
8,308,Open,P,"['Onion', 'Potato', 'Cotton', 'Tomato', 'Grains', 'Fruits']",Saturday,t,1,w,0.67,0
20,457,Refrigerated,P,"['Onion', 'Potato', 'Cotton', 'Tomato', 'Grains', 'Fruits']",Wednesday,t,14,w,0.84,0
20,377,Refrigerated,P,"['Onion', 'Potato', 'Cotton', 'Tomato', 'Grains', 'Fruits']",Monday,t,6,w,0.61,1
6,94,Open,P,"['Onion', 'Potato', 'Cotton', 'Tomato', 'Grains', 'Fruits']",Tuesday,t,10,w,0.68,0
16,340,Closed,P,"['Onion', 'Potato', 'Cotton', 'Tomato', 'Grains', 'Fruits']",Friday,t,3,w,0.32,0
6,297,Closed,P,"['Onion', 'Potato', 'Cotton', 'Tomato', 'Grains', 'Fruits']",Sunday,t,6,w,0.34,0
18,591,Closed,P,"['Onion', 'Potato', 'Cotton', 'Tomato', 'Grains', 'Fruits']",Wednesday,t,13,w,0.45,0
16,119,Refrigerated,P,"['Onion', 'Potato', 'Cotton', 'Tomato', 'Grains', 'Fruits']",Monday,t,12,w,0.47,0
18,385,Closed,P,"['Onion', 'Potato', 'Cotton', 'Tomato', 'Grains', 'Fruits']",Monday,t,7,w,0.76,0
18,328,Refrigerated,P,"['Onion', 'Potato', 'Cotton', 'Tomato', 'Grains', 'Fruits']",Saturday,t,2,w,0.62,0
16,144,Refrigerated,P,"['Onion', 'Potato', 'Cotton', 'Tomato', 'Grains', 'Fruits']",Wednesday,t,15,w,0.83,0
12,546,Closed,P,"['Onion', 'Potato', 'Cotton', 'Tomato', 'Grains', 'Fruits']",Monday,t,2,w,0.31,1
10,533,Open,P,"['Onion', 'Potato', 'Cotton', 'Tomato', 'Grains', 'Fruits']",Tuesday,t,4,w,0.64,1
12,420,Refrigerated,P,"['Onion', 'Potato', 'Cotton', 'Tomato', 'Grains', 'Fruits']",Wednesday,t,4,w,0.66,1
14,453,Open,P,"['Onion', 'Potato', 'Cotton', 'Tomato', 'Grains', 'Fruits']",Monday,t,13,w,0.35,0
12,351,Closed,P,"['Onion', 'Potato', 'Cotton', 'Tomato', 'Grains', 'Fruits']",Thursday,t,1,w,0.58,1
18,436,Refrigerated,P,"['Onion', 'Potato', 'Cotton', 'Tomato', 'Grains', 'Fruits']",Saturday,t,13,w,0.71,0
18,567,Open,P,"['Onion', 'Potato', 'Cotton', 'Tomato', 'Grains', 'Fruits']",Saturday,t,10,w,0.63,0
10,538,Open,P,"['Onion', 'Potato', 'Cotton', 'Tomato', 'Grains', 'Fruits']",Thursday,t,6,w,0.45,1
12,361,Refrigerated,P,"['Onion', 'Potato', 'Cotton', 'Tomato', 'Grains', 'Fruits']",Friday,t,15,w,0.75,0
12,309,Refrigerated,P,"['Onion', 'Potato', 'Cotton', 'Tomato', 'Grains', 'Fruits']",Thursday,t,12,w,0.23,0
18,139,Refrigerated,P,"['Onion', 'Potato', 'Cotton', 'Tomato', 'Grains', 'Fruits']",Thursday,t,5,w,0.77,0
20,223,Closed,P,"['Onion', 'Potato', 'Cotton', 'Tomato', 'Grains', 'Fruits']",Friday,t,0,w,0.71,0
16,135,Refrigerated,P,"['Onion', 'Potato', 'Cotton', 'Tomato', 'Grains', 'Fruits']",Friday,t,13,w,0.37,1
12,290,Open,P,"['Onion', 'Potato', 'Cotton', 'Tomato', 'Grains', 'Fruits']",Friday,t,3,w,0.63,0
8,188,Refrigerated,P,"['Onion', 'Potato', 'Cotton', 'Tomato', 'Grains', 'Fruits']",Thursday,t,7,w,0.27,1
6,128,Closed,P,"['Onion', 'Potato', 'Cotton', 'Tomato', 'Grains', 'Fruits']",Monday,t,5,w,0.2,0
16,205,Open,P,"['Onion', 'Potato', 'Cotton', 'Tomato', 'Grains', 'Fruits']",Tuesday,t,12,w,0.71,1
10,131,Open,P,"['Onion', 'Potato', 'Cotton', 'Tomato', 'Grains', 'Fruits']",Monday,t,7,w,0.61,0
6,165,Open,P,"['Onion', 'Potato', 'Cotton', 'Tomato', 'Grains', 'Fruits']",Friday,t,7,w,0.7,0
18,64,Open,P,"['Onion', 'Potato', 'Cotton', 'Tomato', 'Grains', 'Fruits']",Saturday,t,2,w,0.48,0
12,228,Closed,P,"['Onion', 'Potato', 'Cotton', 'Tomato', 'Grains', 'Fruits']",Friday,t,8,w,0.79,0
8,431,Open,P,"['Onion', 'Potato', 'Cotton', 'Tomato', 'Grains', 'Fruits']",Wednesday,t,9,w,0.66,0
6,513,Open,P,"['Onion', 'Potato', 'Cotton', 'Tomato', 'Grains', 'Fruits']",Thursday,t,5,w,0.83,0
6,256,Closed,P,"['Onion', 'Potato', 'Cotton', 'Tomato', 'Grains', 'Fruits']",Tuesday,t,5,w,0.49,1
12,232,Closed,P,"['Onion', 'Potato', 'Cotton', 'Tomato', 'Grains', 'Fruits']",Friday,t,4,w,0.34,1
10,93,Open,P,"['Onion', 'Potato', 'Cotton', 'Tomato', 'Grains', 'Fruits']",Tuesday,t,3,w,0.55,1
12,221,Closed,P,"['Onion', 'Potato', 'Cotton', 'Tomato', 'Grains', 'Fruits']",Saturday,t,3,w,0.5,1
18,529,Refrigerated,P,"['Onion', 'Potato', 'Cotton', 'Tomato', 'Grains', 'Fruits']",Saturday,t,0,w,0.44,1
14,223,Closed,P,"['Onion', 'Potato', 'Cotton', 'Tomato', 'Grains', 'Fruits']",Tuesday,t,5,w,0.23,1
16,263,Refrigerated,P,"['Onion', 'Potato', 'Cotton', 'Tomato', 'Grains', 'Fruits']",Wednesday,t,11,w,0.26,0
6,400,Open,P,"['Onion', 'Potato', 'Cotton', 'Tomato', 'Grains', 'Fruits']",Wednesday,t,0,w,0.58,1
20,507,Open,P,"['Onion', 'Potato', 'Cotton', 'Tomato', 'Grains', 'Fruits']",Sunday,t,8,w,0.54,0
12,74,Refrigerated,P,"['Onion', 'Potato', 'Cotton', 'Tomato', 'Grains', 'Fruits']",Thursday,t,9,w,0.45,0
6,136,Closed,P,"['Onion', 'Potato', 'Cotton', 'Tomato', 'Grains', 'Fruits']",Thursday,t,14,w,0.38,0
6,170,Refrigerated,P,"['Onion', 'Potato', 'Cotton', 'Tomato', 'Grains', 'Fruits']",Tuesday,t,11,w,0.27,0
14,78,Closed,P,"['Onion', 'Potato', 'Cotton', 'Tomato', 'Grains', 'Fruits']",Sunday,t,0,w,0.86,1
10,360,Open,P,"['Onion', 'Potato', 'Cotton', 'Tomato', 'Grains', 'Fruits']",Wednesday,t,2,w,0.68,0
20,129,Refrigerated,P,"['Onion', 'Potato', 'Cotton', 'Tomato', 'Grains', 'Fruits']",Thursday,t,12,w,0.61,0
18,572,Refrigerated,P,"['Onion', 'Potato', 'Cotton', 'Tomato', 'Grains', 'Fruits']",Tuesday,t,5,w,0.82,0
6,365,Refrigerated,P,"['Onion', 'Potato', 'Cotton', 'Tomato', 'Grains', 'Fruits']",Friday,t,7,w,0.63,1
14,393,Refrigerated,P,"['Onion', 'Potato', 'Cotton', 'Tomato', 'Grains', 'Fruits']",Thursday,t,14,w,0.51,0
10,324,Refrigerated,P,"['Onion', 'Potato', 'Cotton', 'Tomato', 'Grains', 'Fruits']",Saturday,t,3,w,0.23,1
18,363,Closed,P,"['Onion', 'Potato', 'Cotton', 'Tomato', 'Grains', 'Fruits']",Thursday,t,1,w,0.86,0
14,408,Open,P,"['Onion', 'Potato', 'Cotton', 'Tomato', 'Grains', 'Fruits']",Thursday,t,14,w,0.69,1
10,110,Refrigerated,P,"['Onion', 'Potato', 'Cotton', 'Tomato', 'Grains', 'Fruits']",Saturday,t,8,w,0.79,0
10,519,Open,P,"['Onion', 'Potato', 'Cotton', 'Tomato', 'Grains', 'Fruits']",Tuesday,t,15,w,0.32,1
12,565,Closed,P,"['Onion', 'Potato', 'Cotton', 'Tomato', 'Grains', 'Fruits']",Tuesday,t,12,w,0.6,0
12,288,Closed,P,"['Onion', 'Potato', 'Cotton', 'Tomato', 'Grains', 'Fruits']",Sunday,t,4,w,0.65,0
20,464,Open,P,"['Onion', 'Potato', 'Cotton', 'Tomato', 'Grains', 'Fruits']",Thursday,t,10,w,0.82,0
18,211,Open,P,"['Onion', 'Potato', 'Cotton', 'Tomato', 'Grains', 'Fruits']",Thursday,t,6,w,0.4,1
10,144,Closed,P,"['Onion', 'Potato', 'Cotton', 'Tomato', 'Grains', 'Fruits']",Saturday,t,8,w,0.33,1
10,590,Refrigerated,P,"['Onion', 'Potato', 'Cotton', 'Tomato', 'Grains', 'Fruits']",Tuesday,t,6,w,0.54,1
16,170,Refrigerated,P,"['Onion', 'Potato', 'Cotton', 'Tomato', 'Grains', 'Fruits']",Tuesday,t,9,w,0.26,0
14,350,Refrigerated,P,"['Onion', 'Potato', 'Cotton', 'Tomato', 'Grains', 'Fruits']",Thursday,t,5,w,0.67,1
14,437,Open,P,"['Onion', 'Potato', 'Cotton', 'Tomato', 'Grains', 'Fruits']",Wednesday,t,5,w,0.29,1
20,227,Closed,P,"['Onion', 'Potato', 'Cotton', 'Tomato', 'Grains', 'Fruits']",Wednesday,t,14,w,0.39,1
20,433,Refrigerated,P,"['Onion', 'Potato', 'Cotton', 'Tomato', 'Grains', 'Fruits']",Wednesday,t,0,w,0.55,1
8,591,Open,P,"['Onion', 'Potato', 'Cotton', 'Tomato', 'Grains', 'Fruits']",Thursday,t,7,w,0.45,0
10,316,Closed,P,"['Onion', 'Potato', 'Cotton', 'Tomato', 'Grains', 'Fruits']",Monday,t,2,w,0.39,0
12,539,Refrigerated,P,"['Onion', 'Potato', 'Cotton', 'Tomato', 'Grains', 'Fruits']",Tuesday,t,6,w,0.94,0
18,63,Closed,P,"['Onion', 'Potato', 'Cotton', 'Tomato', 'Grains', 'Fruits']",Saturday,t,3,w,0.48,0
12,506,Closed,P,"['Onion', 'Potato', 'Cotton', 'Tomato', 'Grains', 'Fruits']",Sunday,t,2,w,0.65,1
16,59,Closed,P,"['Onion', 'Potato', 'Cotton', 'Tomato', 'Grains', 'Fruits']",Sunday,t,14,w,0.46,1
10,376,Open,P,"['Onion', 'Potato', 'Cotton', 'Tomato', 'Grains', 'Fruits']",Saturday,t,2,w,0.23,1
10,542,Open,P,"['Onion', 'Potato', 'Cotton', 'Tomato', 'Grains', 'Fruits']",Sunday,t,4,w,0.89,0
8,320,Refrigerated,P,"['Onion', 'Potato', 'Cotton', 'Tomato', 'Grains', 'Fruits']",Tuesday,t,1,w,0.66,0
20,567,Closed,P,"['Onion', 'Potato', 'Cotton', 'Tomato', 'Grains', 'Fruits']",Monday,t,2,w,0.26,1
18,64,Refrigerated,P,"['Onion', 'Potato', 'Cotton', 'Tomato', 'Grains', 'Fruits']",Tuesday,t,5,w,0.73,0
16,427,Open,P,"['Onion', 'Potato', 'Cotton', 'Tomato', 'Grains', 'Fruits']",Saturday,t,14,w,0.69,1
20,565,Open,P,"['Onion', 'Potato', 'Cotton', 'Tomato', 'Grains', 'Fruits']",Monday,t,10,w,0.56,0
12,449,Closed,P,"['Onion', 'Potato', 'Cotton', 'Tomato', 'Grains', 'Fruits']",Monday,t,9,w,0.23,0
8,374,Open,P,"['Onion', 'Potato', 'Cotton', 'Tomato', 'Grains', 'Fruits']",Sunday,t,1,w,0.46,0
10,593,Closed,P,"['Onion', 'Potato', 'Cotton', 'Tomato', 'Grains', 'Fruits']",Friday,t,13,w,0.84,0
20,452,Open,P,"['Onion', 'Potato', 'Cotton', 'Tomato', 'Grains', 'Fruits']",Wednesday,t,5,w,0.24,1
10,190,Closed,P,"['Onion', 'Potato', 'Cotton', 'Tomato', 'Grains', 'Fruits']",Sunday,t,3,w,0.86,0
14,112,Refrigerated,P,"['Onion', 'Potato', 'Cotton', 'Tomato', 'Grains', 'Fruits']",Sunday,t,10,w,0.48,0
12,531,Closed,P,"['Onion', 'Potato', 'Cotton', 'Tomato', 'Grains', 'Fruits']",Monday,t,13,w,0.78,0
20,308,Refrigerated,P,"['Onion', 'Potato', 'Cotton', 'Tomato', 'Grains', 'Fruits']",Saturday,t,10,w,0.33,0
14,479,Closed,P,"['Onion', 'Potato', 'Cotton', 'Tomato', 'Grains', 'Fruits']",Monday,t,10,w,0.84,0
10,330,Refrigerated,P,"['Onion', 'Potato', 'Cotton', 'Tomato', 'Grains', 'Fruits']",Wednesday,t,6,w,0.57,0
6,195,Open,P,"['Onion', 'Potato', 'Cotton', 'Tomato', 'Grains', 'Fruits']",Saturday,t,8,w,0.53,0
8,400,Refrigerated,P,"['Onion', 'Potato', 'Cotton', 'Tomato', 'Grains', 'Fruits']",Tuesday,t,4,w,0.62,0
12,398,Open,P,"['Onion', 'Potato', 'Cotton', 'Tomato', 'Grains', 'Fruits']",Saturday,t,12,w,0.45,0
14,183,Refrigerated,P,"['Onion', 'Potato', 'Cotton', 'Tomato', 'Grains', 'Fruits']",Saturday,t,0,w,0.24,1
12,259,Closed,P,"['Onion', 'Potato', 'Cotton', 'Tomato', 'Grains', 'Fruits']",Monday,t,15,w,0.34,1
18,407,Refrigerated,P,"['Onion', 'Potato', 'Cotton', 'Tomato', 'Grains', 'Fruits']",Saturday,t,1,w,0.28,1
8,443,Open,P,"['Onion', 'Potato', 'Cotton', 'Tomato', 'Grains', 'Fruits']",Tuesday,t,1,w,0.42,0
12,479,Refrigerated,P,"['Onion', 'Potato', 'Cotton', 'Tomato', 'Grains', 'Fruits']",Monday,t,0,w,0.27,1
6,212,Refrigerated,P,"['Onion', 'Potato', 'Cotton', 'Tomato', 'Grains', 'Fruits']",Monday,t,13,w,0.74,0
20,524,Closed,P,"['Onion', 'Potato', 'Cotton', 'Tomato', 'Grains', 'Fruits']",Sunday,t,10,w,0.48,1
6,263,Closed,P,"['Onion', 'Potato', 'Cotton', 'Tomato', 'Grains', 'Fruits']",Friday,t,8,w,0.47,1
6,193,Closed,P,"['Onion', 'Potato', 'Cotton', 'Tomato', 'Grains', 'Fruits']",Friday,t,11,w,0.38,0
10,246,Refrigerated,P,"['Onion', 'Potato', 'Cotton', 'Tomato', 'Grains', 'Fruits']",Tuesday,t,6,w,0.71,0
16,394,Refrigerated,P,"['Onion', 'Potato', 'Cotton', 'Tomato', 'Grains', 'Fruits']",Thursday,t,4,w,0.39,0
18,64,Closed,P,"['Onion', 'Potato', 'Cotton', 'Tomato', 'Grains', 'Fruits']",Wednesday,t,10,w,0.76,0
20,497,Open,P,"['Onion', 'Potato', 'Cotton', 'Tomato', 'Grains', 'Fruits']",Thursday,t,7,w,0.7,0
20,305,Open,P,"['Onion', 'Potato', 'Cotton', 'Tomato', 'Grains', 'Fruits']",Friday,t,1,w,0.63,0
16,221,Refrigerated,P,"['Onion', 'Potato', 'Cotton', 'Tomato', 'Grains', 'Fruits']",Tuesday,t,11,w,0.54,1
10,599,Closed,P,"['Onion', 'Potato', 'Cotton', 'Tomato', 'Grains', 'Fruits']",Friday,t,11,w,0.49,0
8,332,Closed,P,"['Onion', 'Potato', 'Cotton', 'Tomato', 'Grains', 'Fruits']",Saturday,t,9,w,0.39,1
6,80,Closed,P,"['Onion', 'Potato', 'Cotton', 'Tomato', 'Grains', 'Fruits']",Wednesday,t,9,w,0.93,0
18,557,Refrigerated,P,"['Onion', 'Potato', 'Cotton', 'Tomato', 'Grains', 'Fruits']",Wednesday,t,15,w,0.79,0
20,404,Open,P,"['Onion', 'Potato', 'Cotton', 'Tomato', 'Grains', 'Fruits']",Saturday,t,12,w,0.9,0
12,483,Closed,P,"['Onion', 'Potato', 'Cotton', 'Tomato', 'Grains', 'Fruits']",Sunday,t,1,w,0.88,1
14,128,Closed,P,"['Onion', 'Potato', 'Cotton', 'Tomato', 'Grains', 'Fruits']",Saturday,t,15,w,0.4,1
12,158,Closed,P,"['Onion', 'Potato', 'Cotton', 'Tomato', 'Grains', 'Fruits']",Tuesday,t,0,w,0.64,0
8,444,Closed,P,"['Onion', 'Potato', 'Cotton', 'Tomato', 'Grains', 'Fruits']",Thursday,t,5,w,0.46,0
12,178,Refrigerated,P,"['Onion', 'Potato', 'Cotton', 'Tomato', 'Grains', 'Fruits']",Thursday,t,2,w,0.71,0
8,405,Closed,P,"['Onion', 'Potato', 'Cotton', 'Tomato', 'Grains', 'Fruits']",Monday,t,11,w,0.71,0
14,94,Refrigerated,P,"['Onion', 'Potato', 'Cotton', 'Tomato', 'Grains', 'Fruits']",Thursday,t,12,w,0.51,0
16,371,Open,P,"['Onion', 'Potato', 'Cotton', 'Tomato', 'Grains', 'Fruits']",Monday,t,7,w,0.64,0
10,317,Closed,P,"['Onion', 'Potato', 'Cotton', 'Tomato', 'Grains', 'Fruits']",Friday,t,11,w,0.66,0
10,489,Refrigerated,P,"['Onion', 'Potato', 'Cotton', 'Tomato', 'Grains', 'Fruits']",Sunday,t,12,w,0.62,0
18,252,Open,P,"['Onion', 'Potato', 'Cotton', 'Tomato', 'Grains', 'Fruits']",Tuesday,t,11,w,0.57,0
18,237,Open,P,"['Onion', 'Potato', 'Cotton', 'Tomato', 'Grains', 'Fruits']",Sunday,t,13,w,0.3,1
20,338,Closed,P,"['Onion', 'Potato', 'Cotton', 'Tomato', 'Grains', 'Fruits']",Monday,t,12,w,0.93,1
18,299,Closed,P,"['Onion', 'Potato', 'Cotton', 'Tomato', 'Grains', 'Fruits']",Sunday,t,11,w,0.81,0
10,247,Open,P,"['Onion', 'Potato', 'Cotton', 'Tomato', 'Grains', 'Fruits']",Tuesday,t,13,w,0.35,0
16,450,Refrigerated,P,"['Onion', 'Potato', 'Cotton', 'Tomato', 'Grains', 'Fruits']",Tuesday,t,2,w,0.8,0
6,272,Refrigerated,P,"['Onion', 'Potato', 'Cotton', 'Tomato', 'Grains', 'Fruits']",Thursday,t,0,w,0.76,0
20,361,Refrigerated,P,"['Onion', 'Potato', 'Cotton', 'Tomato', 'Grains', 'Fruits']",Tuesday,t,4,w,0.79,1
10,63,Open,P,"['Onion', 'Potato', 'Cotton', 'Tomato', 'Grains', 'Fruits']",Saturday,t,10,w,0.92,0
12,115,Refrigerated,P,"['Onion', 'Potato', 'Cotton', 'Tomato', 'Grains', 'Fruits']",Monday,t,2,w,0.56,0
12,450,Closed,P,"['Onion', 'Potato', 'Cotton', 'Tomato', 'Grains', 'Fruits']",Thursday,t,12,w,0.56,0
10,474,Closed,P,"['Onion', 'Potato', 'Cotton', 'Tomato', 'Grains', 'Fruits']",Wednesday,t,6,w,0.93,1
10,334,Open,P,"['Onion', 'Potato', 'Cotton', 'Tomato', 'Grains', 'Fruits']",Thursday,t,6,w,0.67,0
12,209,Refrigerated,P,"['Onion', 'Potato', 'Cotton', 'Tomato', 'Grains', 'Fruits']",Saturday,t,4,w,0.91,0
8,400,Open,P,"['Onion', 'Potato', 'Cotton', 'Tomato', 'Grains', 'Fruits']",Monday,t,12,w,0.62,1
18,387,Open,P,"['Onion', 'Potato', 'Cotton', 'Tomato', 'Grains', 'Fruits']",Sunday,t,2,w,0.32,0
12,569,Refrigerated,P,"['Onion', 'Potato', 'Cotton', 'Tomato', 'Grains', 'Fruits']",Monday,t,10,w,0.41,0
14,141,Open,P,"['Onion', 'Potato', 'Cotton', 'Tomato', 'Grains', 'Fruits']",Saturday,t,13,w,0.53,1
10,187,Refrigerated,P,"['Onion', 'Potato', 'Cotton', 'Tomato', 'Grains', 'Fruits']",Monday,t,8,w,0.87,0
14,353,Open,P,"['Onion', 'Potato', 'Cotton', 'Tomato', 'Grains', 'Fruits']",Saturday,t,14,w,0.83,0
8,293,Refrigerated,P,"['Onion', 'Potato', 'Cotton', 'Tomato', 'Grains', 'Fruits']",Wednesday,t,0,w,0.73,1
16,404,Refrigerated,P,"['Onion', 'Potato', 'Cotton', 'Tomato', 'Grains', 'Fruits']",Saturday,t,6,w,0.91,0
16,242,Closed,P,"['Onion', 'Potato', 'Cotton', 'Tomato', 'Grains', 'Fruits']",Monday,t,2,w,0.68,1
16,285,Closed,P,"['Onion', 'Potato', 'Cotton', 'Tomato', 'Grains', 'Fruits']",Saturday,t,1,w,0.3,1
12,269,Refrigerated,P,"['Onion', 'Potato', 'Cotton', 'Tomato', 'Grains', 'Fruits']",Monday,t,0,w,0.5,0
20,217,Open,P,"['Onion', 'Potato', 'Cotton', 'Tomato', 'Grains', 'Fruits']",Saturday,t,7,w,0.78,0
18,420,Closed,P,"['Onion', 'Potato', 'Cotton', 'Tomato', 'Grains', 'Fruits']",Monday,t,3,w,0.46,1
14,248,Refrigerated,P,"['Onion', 'Potato', 'Cotton', 'Tomato', 'Grains', 'Fruits']",Thursday,t,1,w,0.4,1
12,127,Closed,P,"['Onion', 'Potato', 'Cotton', 'Tomato', 'Grains', 'Fruits']",Saturday,t,10,w,0.94,0
20,296,Refrigerated,P,"['Onion', 'Potato', 'Cotton', 'Tomato', 'Grains', 'Fruits']",Sunday,t,13,w,0.24,1
8,189,Refrigerated,P,"['Onion', 'Potato', 'Cotton', 'Tomato', 'Grains', 'Fruits']",Thursday,t,4,w,0.4,1
6,83,Refrigerated,P,"['Onion', 'Potato', 'Cotton', 'Tomato', 'Grains', 'Fruits']",Friday,t,9,w,0.84,0
16,528,Refrigerated,P,"['Onion', 'Potato', 'Cotton', 'Tomato', 'Grains', 'Fruits']",Monday,t,2,w,0.92,1
16,313,Closed,P,"['Onion', 'Potato', 'Cotton', 'Tomato', 'Grains', 'Fruits']",Sunday,t,9,w,0.41,0
12,83,Refrigerated,P,"['Onion', 'Potato', 'Cotton', 'Tomato', 'Grains', 'Fruits']",Monday,t,3,w,0.91,1
12,196,Open,P,"['Onion', 'Potato', 'Cotton', 'Tomato', 'Grains', 'Fruits']",Monday,t,9,w,0.9,0
10,417,Refrigerated,P,"['Onion', 'Potato', 'Cotton', 'Tomato', 'Grains', 'Fruits']",Monday,t,1,w,0.77,0
6,350,Open,P,"['Onion', 'Potato', 'Cotton', 'Tomato', 'Grains', 'Fruits']",Monday,t,10,w,0.67,0
12,192,Open,P,"['Onion', 'Potato', 'Cotton', 'Tomato', 'Grains', 'Fruits']",Saturday,t,14,w,0.84,0
10,586,Refrigerated,P,"['Onion', 'Potato', 'Cotton', 'Tomato', 'Grains', 'Fruits']",Sunday,t,6,w,0.21,0
20,273,Refrigerated,P,"['Onion', 'Potato', 'Cotton', 'Tomato', 'Grains', 'Fruits']",Wednesday,t,6,w,0.6,0
10,259,Refrigerated,P,"['Onion', 'Potato', 'Cotton', 'Tomato', 'Grains', 'Fruits']",Saturday,t,5,w,0.76,1
6,533,Open,P,"['Onion', 'Potato', 'Cotton', 'Tomato', 'Grains', 'Fruits']",Wednesday,t,10,w,0.37,1
20,571,Closed,P,"['Onion', 'Potato', 'Cotton', 'Tomato', 'Grains', 'Fruits']",Wednesday,t,14,w,0.83,0
10,84,Open,P,"['Onion', 'Potato', 'Cotton', 'Tomato', 'Grains', 'Fruits']",Tuesday,t,10,w,0.4,0
10,293,Refrigerated,P,"['Onion', 'Potato', 'Cotton', 'Tomato', 'Grains', 'Fruits']",Tuesday,t,0,w,0.53,1
10,322,Refrigerated,P,"['Onion', 'Potato', 'Cotton', 'Tomato', 'Grains', 'Fruits']",Saturday,t,12,w,0.46,1
18,338,Refrigerated,P,"['Onion', 'Potato', 'Cotton', 'Tomato', 'Grains', 'Fruits']",Thursday,t,11,w,0.72,0
16,231,Closed,P,"['Onion', 'Potato', 'Cotton', 'Tomato', 'Grains', 'Fruits']",Saturday,t,9,w,0.94,0
6,165,Refrigerated,P,"['Onion', 'Potato', 'Cotton', 'Tomato', 'Grains', 'Fruits']",Monday,t,3,w,0.75,1
12,402,Open,P,"['Onion', 'Potato', 'Cotton', 'Tomato', 'Grains', 'Fruits']",Thursday,t,9,w,0.57,0
18,594,Open,P,"['Onion', 'Potato', 'Cotton', 'Tomato', 'Grains', 'Fruits']",Friday,t,2,w,0.39,1
20,377,Refrigerated,P,"['Onion', 'Potato', 'Cotton', 'Tomato', 'Grains', 'Fruits']",Monday,t,9,w,0.48,0
10,300,Closed,P,"['Onion', 'Potato', 'Cotton', 'Tomato', 'Grains', 'Fruits']",Tuesday,t,10,w,0.24,0
16,531,Refrigerated,P,"['Onion', 'Potato', 'Cotton', 'Tomato', 'Grains', 'Fruits']",Thursday,t,0,w,0.8,0
10,525,Open,P,"['Onion', 'Potato', 'Cotton', 'Tomato', 'Grains', 'Fruits']",Monday,t,5,w,0.64,0
20,477,Refrigerated,P,"['Onion', 'Potato', 'Cotton', 'Tomato', 'Grains', 'Fruits']",Tuesday,t,0,w,0.71,0
20,504,Refrigerated,P,"['Onion', 'Potato', 'Cotton', 'Tomato', 'Grains', 'Fruits']",Thursday,t,6,w,0.8,0
14,142,Refrigerated,P,"['Onion', 'Potato', 'Cotton', 'Tomato', 'Grains', 'Fruits']",Saturday,t,4,w,0.85,0
10,406,Open,P,"['Onion', 'Potato', 'Cotton', 'Tomato', 'Grains', 'Fruits']",Sunday,t,11,w,0.46,0
10,375,Refrigerated,P,"['Onion', 'Potato', 'Cotton', 'Tomato', 'Grains', 'Fruits']",Monday,t,0,w,0.87,1
12,212,Refrigerated,P,"['Onion', 'Potato', 'Cotton', 'Tomato', 'Grains', 'Fruits']",Thursday,t,6,w,0.7,1
20,439,Closed,P,"['Onion', 'Potato', 'Cotton', 'Tomato', 'Grains', 'Fruits']",Monday,t,13,w,0.27,0
16,111,Refrigerated,P,"['Onion', 'Potato', 'Cotton', 'Tomato', 'Grains', 'Fruits']",Tuesday,t,10,w,0.42,0
18,101,Refrigerated,P,"['Onion', 'Potato', 'Cotton', 'Tomato', 'Grains', 'Fruits']",Tuesday,t,5,w,0.61,0
14,454,Closed,P,"['Onion', 'Potato', 'Cotton', 'Tomato', 'Grains', 'Fruits']",Thursday,t,2,w,0.35,1
18,92,Open,P,"['Onion', 'Potato', 'Cotton', 'Tomato', 'Grains', 'Fruits']",Tuesday,t,4,w,0.38,0
14,100,Refrigerated,P,"['Onion', 'Potato', 'Cotton', 'Tomato', 'Grains', 'Fruits']",Sunday,t,9,w,0.67,0
14,277,Refrigerated,P,"['Onion', 'Potato', 'Cotton', 'Tomato', 'Grains', 'Fruits']",Tuesday,t,1,w,0.49,1
10,197,Refrigerated,P,"['Onion', 'Potato', 'Cotton', 'Tomato', 'Grains', 'Fruits']",Wednesday,t,9,w,0.42,0
20,437,Open,P,"['Onion', 'Potato', 'Cotton', 'Tomato', 'Grains', 'Fruits']",Friday,t,2,w,0.68,1
8,87,Closed,P,"['Onion', 'Potato', 'Cotton', 'Tomato', 'Grains', 'Fruits']",Saturday,t,1,w,0.85,1
6,156,Closed,P,"['Onion', 'Potato', 'Cotton', 'Tomato', 'Grains', 'Fruits']",Friday,t,6,w,0.88,0
10,369,Closed,P,"['Onion', 'Potato', 'Cotton', 'Tomato', 'Grains', 'Fruits']",Monday,t,12,w,0.61,0
12,201,Open,P,"['Onion', 'Potato', 'Cotton', 'Tomato', 'Grains', 'Fruits']",Wednesday,t,5,w,0.31,0
12,404,Closed,P,"['Onion', 'Potato', 'Cotton', 'Tomato', 'Grains', 'Fruits']",Sunday,t,14,w,0.8,1
20,225,Refrigerated,P,"['Onion', 'Potato', 'Cotton', 'Tomato', 'Grains', 'Fruits']",Monday,t,7,w,0.94,0
18,494,Closed,P,"['Onion', 'Potato', 'Cotton', 'Tomato', 'Grains', 'Fruits']",Wednesday,t,7,w,0.69,0
8,310,Closed,P,"['Onion', 'Potato', 'Cotton', 'Tomato', 'Grains', 'Fruits']",Wednesday,t,2,w,0.62,1
10,349,Refrigerated,P,"['Onion', 'Potato', 'Cotton', 'Tomato', 'Grains', 'Fruits']",Tuesday,t,5,w,0.47,1
16,192,Open,P,"['Onion', 'Potato', 'Cotton', 'Tomato', 'Grains', 'Fruits']",Sunday,t,0,w,0.93,0
10,392,Open,P,"['Onion', 'Potato', 'Cotton', 'Tomato', 'Grains', 'Fruits']",Sunday,t,15,w,0.94,0
8,287,Refrigerated,P,"['Onion', 'Potato', 'Cotton', 'Tomato', 'Grains', 'Fruits']",Tuesday,t,7,w,0.47,1
14,456,Open,P,"['Onion', 'Potato', 'Cotton', 'Tomato', 'Grains', 'Fruits']",Friday,t,9,w,0.24,0
12,543,Refrigerated,P,"['Onion', 'Potato', 'Cotton', 'Tomato', 'Grains', 'Fruits']",Wednesday,t,6,w,0.32,0
6,245,Open,P,"['Onion', 'Potato', 'Cotton', 'Tomato', 'Grains', 'Fruits']",Friday,t,8,w,0.42,0
10,97,Refrigerated,P,"['Onion', 'Potato', 'Cotton', 'Tomato', 'Grains', 'Fruits']",Sunday,t,10,w,0.77,0
20,158,Closed,P,"['Onion', 'Potato', 'Cotton', 'Tomato', 'Grains', 'Fruits']",Sunday,t,3,w,0.88,1
6,103,Closed,P,"['Onion', 'Potato', 'Cotton', 'Tomato', 'Grains', 'Fruits']",Wednesday,t,15,w,0.63,0
20,307,Refrigerated,P,"['Onion', 'Potato', 'Cotton', 'Tomato', 'Grains', 'Fruits']",Monday,t,8,w,0.5,0
14,592,Closed,P,"['Onion', 'Potato', 'Cotton', 'Tomato', 'Grains', 'Fruits']",Saturday,t,6,w,0.42,0
18,55,Closed,P,"['Onion', 'Potato', 'Cotton', 'Tomato', 'Grains', 'Fruits']",Tuesday,t,12,w,0.78,0
14,156,Open,P,"['Onion', 'Potato', 'Cotton', 'Tomato', 'Grains', 'Fruits']",Friday,t,0,w,0.53,1
10,414,Open,P,"['Onion', 'Potato', 'Cotton', 'Tomato', 'Grains', 'Fruits']",Monday,t,6,w,0.78,1
18,386,Closed,P,"['Onion', 'Potato', 'Cotton', 'Tomato', 'Grains', 'Fruits']",Wednesday,t,13,w,0.62,0
12,151,Closed,P,"['Onion', 'Potato', 'Cotton', 'Tomato', 'Grains', 'Fruits']",Thursday,t,2,w,0.44,0
8,304,Closed,P,"['Onion', 'Potato', 'Cotton', 'Tomato', 'Grains', 'Fruits']",Thursday,t,8,w,0.66,0
12,61,Open,P,"['Onion', 'Potato', 'Cotton', 'Tomato', 'Grains', 'Fruits']",Tuesday,t,4,w,0.23,0
12,235,Refrigerated,P,"['Onion', 'Potato', 'Cotton', 'Tomato', 'Grains', 'Fruits']",Tuesday,t,0,w,0.26,1
14,516,Closed,P,"['Onion', 'Potato', 'Cotton', 'Tomato', 'Grains', 'Fruits']",Saturday,t,6,w,0.84,0
6,477,Closed,P,"['Onion', 'Potato', 'Cotton', 'Tomato', 'Grains', 'Fruits']",Friday,t,11,w,0.93,0
20,288,Refrigerated,P,"['Onion', 'Potato', 'Cotton', 'Tomato', 'Grains', 'Fruits']",Monday,t,6,w,0.22,0
18,148,Open,P,"['Onion', 'Potato', 'Cotton', 'Tomato', 'Grains', 'Fruits']",Wednesday,t,15,w,0.52,0
6,535,Refrigerated,P,"['Onion', 'Potato', 'Cotton', 'Tomato', 'Grains', 'Fruits']",Sunday,t,14,w,0.8,0
8,446,Closed,P,"['Onion', 'Potato', 'Cotton', 'Tomato', 'Grains', 'Fruits']",Tuesday,t,13,w,0.43,1
16,500,Refrigerated,P,"['Onion', 'Potato', 'Cotton', 'Tomato', 'Grains', 'Fruits']",Thursday,t,4,w,0.45,1
8,197,Refrigerated,P,"['Onion', 'Potato', 'Cotton', 'Tomato', 'Grains', 'Fruits']",Tuesday,t,11,w,0.39,0
18,76,Refrigerated,P,"['Onion', 'Potato', 'Cotton', 'Tomato', 'Grains', 'Fruits']",Monday,t,10,w,0.34,1
14,269,Closed,P,"['Onion', 'Potato', 'Cotton', 'Tomato', 'Grains', 'Fruits']",Tuesday,t,10,w,0.62,1
8,495,Refrigerated,P,"['Onion', 'Potato', 'Cotton', 'Tomato', 'Grains', 'Fruits']",Wednesday,t,8,w,0.2,0
6,505,Closed,P,"['Onion', 'Potato', 'Cotton', 'Tomato', 'Grains', 'Fruits']",Monday,t,7,w,0.24,0
6,505,Refrigerated,P,"['Onion', 'Potato', 'Cotton', 'Tomato', 'Grains', 'Fruits']",Tuesday,t,5,w,0.75,0
14,207,Closed,P,"['Onion', 'Potato', 'Cotton', 'Tomato', 'Grains', 'Fruits']",Saturday,t,8,w,0.63,1
16,167,Refrigerated,P,"['Onion', 'Potato', 'Cotton', 'Tomato', 'Grains', 'Fruits']",Saturday,t,13,w,0.67,0
20,425,Refrigerated,P,"['Onion', 'Potato', 'Cotton', 'Tomato', 'Grains', 'Fruits']",Sunday,t,15,w,0.88,0
10,413,Refrigerated,P,"['Onion', 'Potato', 'Cotton', 'Tomato', 'Grains', 'Fruits']",Sunday,t,15,w,0.29,0
6,159,Closed,P,"['Onion', 'Potato', 'Cotton', 'Tomato', 'Grains', 'Fruits']",Tuesday,t,8,w,0.92,0
6,97,Closed,P,"['Onion', 'Potato', 'Cotton', 'Tomato', 'Grains', 'Fruits']",Tuesday,t,13,w,0.84,0
6,498,Open,P,"['Onion', 'Potato', 'Cotton', 'Tomato', 'Grains', 'Fruits']",Thursday,t,3,w,0.52,1
18,352,Open,P,"['Onion', 'Potato', 'Cotton', 'Tomato', 'Grains', 'Fruits']",Tuesday,t,9,w,0.58,0
18,522,Closed,P,"['Onion', 'Potato', 'Cotton', 'Tomato', 'Grains', 'Fruits']",Sunday,t,14,w,0.31,1
8,455,Refrigerated,P,"['Onion', 'Potato', 'Cotton', 'Tomato', 'Grains', 'Fruits']",Friday,t,10,w,0.95,0
16,478,Open,P,"['Onion', 'Potato', 'Cotton', 'Tomato', 'Grains', 'Fruits']",Thursday,t,5,w,0.71,1
8,377,Refrigerated,P,"['Onion', 'Potato', 'Cotton', 'Tomato', 'Grains', 'Fruits']",Monday,t,12,w,0.38,0
20,281,Open,P,"['Onion', 'Potato', 'Cotton', 'Tomato', 'Grains', 'Fruits']",Tuesday,t,13,w,0.53,0
6,382,Open,P,"['Onion', 'Potato', 'Cotton', 'Tomato', 'Grains', 'Fruits']",Wednesday,t,3,w,0.93,0
10,562,Refrigerated,P,"['Onion', 'Potato', 'Cotton', 'Tomato', 'Grains', 'Fruits']",Monday,t,0,w,0.62,0
6,390,Closed,P,"['Onion', 'Potato', 'Cotton', 'Tomato', 'Grains', 'Fruits']",Tuesday,t,7,w,0.78,0
18,353,Closed,P,"['Onion', 'Potato', 'Cotton', 'Tomato', 'Grains', 'Fruits']",Sunday,t,4,w,0.28,1
16,424,Closed,P,"['Onion', 'Potato', 'Cotton', 'Tomato', 'Grains', 'Fruits']",Wednesday,t,11,w,0.62,0
14,346,Open,P,"['Onion', 'Potato', 'Cotton', 'Tomato', 'Grains', 'Fruits']",Sunday,t,10,w,0.69,0
18,204,Closed,P,"['Onion', 'Potato', 'Cotton', 'Tomato', 'Grains', 'Fruits']",Wednesday,t,0,w,0.49,0
8,424,Open,P,"['Onion', 'Potato', 'Cotton', 'Tomato', 'Grains', 'Fruits']",Sunday,t,11,w,0.85,0
14,392,Open,P,"['Onion', 'Potato', 'Cotton', 'Tomato', 'Grains', 'Fruits']",Sunday,t,14,w,0.4,0
16,592,Refrigerated,P,"['Onion', 'Potato', 'Cotton', 'Tomato', 'Grains', 'Fruits']",Saturday,t,15,w,0.72,0
18,141,Closed,P,"['Onion', 'Potato', 'Cotton', 'Tomato', 'Grains', 'Fruits']",Saturday,t,2,w,0.31,0
16,304,Open,P,"['Onion', 'Potato', 'Cotton', 'Tomato', 'Grains', 'Fruits']",Tuesday,t,14,w,0.76,0
6,159,Closed,P,"['Onion', 'Potato', 'Cotton', 'Tomato', 'Grains', 'Fruits']",Tuesday,t,2,w,0.23,1
14,302,Closed,P,"['Onion', 'Potato', 'Cotton', 'Tomato', 'Grains', 'Fruits']",Friday,t,4,w,0.59,0
12,58,Refrigerated,P,"['Onion', 'Potato', 'Cotton', 'Tomato', 'Grains', 'Fruits']",Friday,t,10,w,0.45,0
6,173,Closed,P,"['Onion', 'Potato', 'Cotton', 'Tomato', 'Grains', 'Fruits']",Tuesday,t,9,w,0.45,0
8,99,Closed,P,"['Onion', 'Potato', 'Cotton', 'Tomato', 'Grains', 'Fruits']",Saturday,t,10,w,0.81,1
10,158,Open,P,"['Onion', 'Potato', 'Cotton', 'Tomato', 'Grains', 'Fruits']",Monday,t,13,w,0.51,0
8,214,Closed,P,"['Onion', 'Potato', 'Cotton', 'Tomato', 'Grains', 'Fruits']",Thursday,t,8,w,0.58,0
16,586,Open,P,"['Onion', 'Potato', 'Cotton', 'Tomato', 'Grains', 'Fruits']",Sunday,t,1,w,0.81,1
14,378,Refrigerated,P,"['Onion', 'Potato', 'Cotton', 'Tomato', 'Grains', 'Fruits']",Sunday,t,12,w,0.85,0
8,315,Refrigerated,P,"['Onion', 'Potato', 'Cotton', 'Tomato', 'Grains', 'Fruits']",Wednesday,t,11,w,0.74,0
18,412,Closed,P,"['Onion', 'Potato', 'Cotton', 'Tomato', 'Grains', 'Fruits']",Tuesday,t,9,w,0.84,0
18,347,Refrigerated,P,"['Onion', 'Potato', 'Cotton', 'Tomato', 'Grains', 'Fruits']",Thursday,t,11,w,0.6,0
16,244,Open,P,"['Onion', 'Potato', 'Cotton', 'Tomato', 'Grains', 'Fruits']",Sunday,t,0,w,0.95,0
20,444,Closed,P,"['Onion', 'Potato', 'Cotton', 'Tomato', 'Grains', 'Fruits']",Tuesday,t,3,w,0.7,0
16,551,Closed,P,"['Onion', 'Potato', 'Cotton', 'Tomato', 'Grains', 'Fruits']",Friday,t,3,w,0.72,1
12,369,Open,P,"['Onion', 'Potato', 'Cotton', 'Tomato', 'Grains', 'Fruits']",Wednesday,t,8,w,0.71,0
8,226,Open,P,"['Onion', 'Potato', 'Cotton', 'Tomato', 'Grains', 'Fruits']",Friday,t,11,w,0.66,0
18,195,Closed,P,"['Onion', 'Potato', 'Cotton', 'Tomato', 'Grains', 'Fruits']",Saturday,t,4,w,0.51,0
20,398,Open,P,"['Onion', 'Potato', 'Cotton', 'Tomato', 'Grains', 'Fruits']",Monday,t,11,w,0.68,0
6,214,Open,P,"['Onion', 'Potato', 'Cotton', 'Tomato', 'Grains', 'Fruits']",Monday,t,15,w,0.71,0
14,421,Open,P,"['Onion', 'Potato', 'Cotton', 'Tomato', 'Grains', 'Fruits']",Saturday,t,9,w,0.54,0
14,147,Refrigerated,P,"['Onion', 'Potato', 'Cotton', 'Tomato', 'Grains', 'Fruits']",Saturday,t,2,w,0.76,1
8,591,Closed,P,"['Onion', 'Potato', 'Cotton', 'Tomato', 'Grains', 'Fruits']",Thursday,t,13,w,0.68,1
20,189,Open,P,"['Onion', 'Potato', 'Cotton', 'Tomato', 'Grains', 'Fruits']",Monday,t,9,w,0.61,0
20,227,Closed,P,"['Onion', 'Potato', 'Cotton', 'Tomato', 'Grains', 'Fruits']",Sunday,t,14,w,0.73,0
12,242,Refrigerated,P,"['Onion', 'Potato', 'Cotton', 'Tomato', 'Grains', 'Fruits']",Tuesday,t,10,w,0.64,1
14,181,Closed,P,"['Onion', 'Potato', 'Cotton', 'Tomato', 'Grains', 'Fruits']",Thursday,t,5,w,0.54,0
6,218,Open,P,"['Onion', 'Potato', 'Cotton', 'Tomato', 'Grains', 'Fruits']",Tuesday,t,3,w,0.59,1
18,244,Refrigerated,P,"['Onion', 'Potato', 'Cotton', 'Tomato', 'Grains', 'Fruits']",Friday,t,15,w,0.33,0
14,523,Closed,P,"['Onion', 'Potato', 'Cotton', 'Tomato', 'Grains', 'Fruits']",Wednesday,t,14,w,0.24,0
12,231,Refrigerated,P,"['Onion', 'Potato', 'Cotton', 'Tomato', 'Grains', 'Fruits']",Tuesday,t,1,w,0.94,1
8,479,Refrigerated,P,"['Onion', 'Potato', 'Cotton', 'Tomato', 'Grains', 'Fruits']",Friday,t,13,w,0.68,0
18,270,Refrigerated,P,"['Onion', 'Potato', 'Cotton', 'Tomato', 'Grains', 'Fruits']",Saturday,t,7,w,0.66,0
10,116,Open,P,"['Onion', 'Potato', 'Cotton', 'Tomato', 'Grains', 'Fruits']",Saturday,t,5,w,0.91,0
8,337,Closed,P,"['Onion', 'Potato', 'Cotton', 'Tomato', 'Grains', 'Fruits']",Thursday,t,13,w,0.5,0
18,411,Closed,P,"['Onion', 'Potato', 'Cotton', 'Tomato', 'Grains', 'Fruits']",Saturday,t,2,w,0.62,0
10,70,Open,P,"['Onion', 'Potato', 'Cotton', 'Tomato', 'Grains', 'Fruits']",Monday,t,3,w,0.33,0
6,454,Open,P,"['Onion', 'Potato', 'Cotton', 'Tomato', 'Grains', 'Fruits']",Monday,t,15,w,0.64,0
6,457,Closed,P,"['Onion', 'Potato', 'Cotton', 'Tomato', 'Grains', 'Fruits']",Saturday,t,0,w,0.73,1
20,237,Closed,P,"['Onion', 'Potato', 'Cotton', 'Tomato', 'Grains', 'Fruits']",Saturday,t,15,w,0.86,0
18,483,Closed,P,"['Onion', 'Potato', 'Cotton', 'Tomato', 'Grains', 'Fruits']",Friday,t,6,w,0.91,0
20,209,Refrigerated,P,"['Onion', 'Potato', 'Cotton', 'Tomato', 'Grains', 'Fruits']",Monday,t,6,w,0.35,1
18,524,Closed,P,"['Onion', 'Potato', 'Cotton', 'Tomato', 'Grains', 'Fruits']",Saturday,t,15,w,0.36,0
10,447,Closed,P,"['Onion', 'Potato', 'Cotton', 'Tomato', 'Grains', 'Fruits']",Wednesday,t,6,w,0.21,0
8,312,Open,P,"['Onion', 'Potato', 'Cotton', 'Tomato', 'Grains', 'Fruits']",Thursday,t,5,w,0.92,0
6,542,Closed,P,"['Onion', 'Potato', 'Cotton', 'Tomato', 'Grains', 'Fruits']",Thursday,t,15,w,0.56,0
8,520,Open,P,"['Onion', 'Potato', 'Cotton', 'Tomato', 'Grains', 'Fruits']",Wednesday,t,11,w,0.52,1
6,273,Open,P,"['Onion', 'Potato', 'Cotton', 'Tomato', 'Grains', 'Fruits']",Sunday,t,12,w,0.74,0
20,438,Closed,P,"['Onion', 'Potato', 'Cotton', 'Tomato', 'Grains', 'Fruits']",Wednesday,t,15,w,0.76,1
12,354,Closed,P,"['Onion', 'Potato', 'Cotton', 'Tomato', 'Grains', 'Fruits']",Wednesday,t,2,w,0.71,0
12,464,Refrigerated,P,"['Onion', 'Potato', 'Cotton', 'Tomato', 'Grains', 'Fruits']",Monday,t,5,w,0.45,1
6,376,Open,P,"['Onion', 'Potato', 'Cotton', 'Tomato', 'Grains', 'Fruits']",Thursday,t,6,w,0.25,0
8,105,Closed,P,"['Onion', 'Potato', 'Cotton', 'Tomato', 'Grains', 'Fruits']",Thursday,t,1,w,0.58,0
6,357,Refrigerated,P,"['Onion', 'Potato', 'Cotton', 'Tomato', 'Grains', 'Fruits']",Monday,t,11,w,0.86,0
12,475,Closed,P,"['Onion', 'Potato', 'Cotton', 'Tomato', 'Grains', 'Fruits']",Thursday,t,10,w,0.53,1
16,355,Refrigerated,P,"['Onion', 'Potato', 'Cotton', 'Tomato', 'Grains', 'Fruits']",Thursday,t,5,w,0.66,1
14,237,Closed,P,"['Onion', 'Potato', 'Cotton', 'Tomato', 'Grains', 'Fruits']",Monday,t,7,w,0.78,1
10,450,Refrigerated,P,"['Onion', 'Potato', 'Cotton', 'Tomato', 'Grains', 'Fruits']",Thursday,t,13,w,0.32,0
14,127,Closed,P,"['Onion', 'Potato', 'Cotton', 'Tomato', 'Grains', 'Fruits']",Thursday,t,4,w,0.59,0
16,114,Refrigerated,P,"['Onion', 'Potato', 'Cotton', 'Tomato', 'Grains', 'Fruits']",Sunday,t,2,w,0.53,1
10,208,Open,P,"['Onion', 'Potato', 'Cotton', 'Tomato', 'Grains', 'Fruits']",Wednesday,t,10,w,0.7,0
12,55,Refrigerated,P,"['Onion', 'Potato', 'Cotton', 'Tomato', 'Grains', 'Fruits']",Sunday,t,5,w,0.8,1
20,589,Refrigerated,P,"['Onion', 'Potato', 'Cotton', 'Tomato', 'Grains', 'Fruits']",Monday,t,6,w,0.8,0
20,210,Closed,P,"['Onion', 'Potato', 'Cotton', 'Tomato', 'Grains', 'Fruits']",Sunday,t,8,w,0.41,1
10,582,Open,P,"['Onion', 'Potato', 'Cotton', 'Tomato', 'Grains', 'Fruits']",Sunday,t,3,w,0.74,0
20,373,Closed,P,"['Onion', 'Potato', 'Cotton', 'Tomato', 'Grains', 'Fruits']",Sunday,t,0,w,0.61,1
6,161,Open,P,"['Onion', 'Potato', 'Cotton', 'Tomato', 'Grains', 'Fruits']",Thursday,t,8,w,0.57,0
18,435,Open,P,"['Onion', 'Potato', 'Cotton', 'Tomato', 'Grains', 'Fruits']",Sunday,t,12,w,0.38,1
20,503,Closed,P,"['Onion', 'Potato', 'Cotton', 'Tomato', 'Grains', 'Fruits']",Tuesday,t,15,w,0.32,0
10,564,Open,P,"['Onion', 'Potato', 'Cotton', 'Tomato', 'Grains', 'Fruits']",Wednesday,t,5,w,0.56,0
20,300,Closed,P,"['Onion', 'Potato', 'Cotton', 'Tomato', 'Grains', 'Fruits']",Monday,t,5,w,0.65,0
6,308,Closed,P,"['Onion', 'Potato', 'Cotton', 'Tomato', 'Grains', 'Fruits']",Sunday,t,0,w,0.85,1
8,326,Closed,P,"['Onion', 'Potato', 'Cotton', 'Tomato', 'Grains', 'Fruits']",Thursday,t,13,w,0.21,0
16,167,Refrigerated,P,"['Onion', 'Potato', 'Cotton', 'Tomato', 'Grains', 'Fruits']",Thursday,t,15,w,0.49,0
16,586,Closed,P,"['Onion', 'Potato', 'Cotton', 'Tomato', 'Grains', 'Fruits']",Friday,t,11,w,0.29,0
14,318,Closed,P,"['Onion', 'Potato', 'Cotton', 'Tomato', 'Grains', 'Fruits']",Monday,t,7,w,0.34,0
20,334,Open,P,"['Onion', 'Potato', 'Cotton', 'Tomato', 'Grains', 'Fruits']",Saturday,t,2,w,0.37,1
16,442,Open,P,"['Onion', 'Potato', 'Cotton', 'Tomato', 'Grains', 'Fruits']",Friday,t,10,w,0.57,0
12,179,Refrigerated,P,"['Onion', 'Potato', 'Cotton', 'Tomato', 'Grains', 'Fruits']",Sunday,t,0,w,0.44,1
8,498,Open,P,"['Onion', 'Potato', 'Cotton', 'Tomato', 'Grains', 'Fruits']",Wednesday,t,9,w,0.44,0
14,360,Open,P,"['Onion', 'Potato', 'Cotton', 'Tomato', 'Grains', 'Fruits']",Thursday,t,15,w,0.94,0
6,466,Closed,P,"['Onion', 'Potato', 'Cotton', 'Tomato', 'Grains', 'Fruits']",Tuesday,t,6,w,0.66,0
6,455,Open,P,"['Onion', 'Potato', 'Cotton', 'Tomato', 'Grains', 'Fruits']",Saturday,t,12,w,0.59,0
16,531,Refrigerated,P,"['Onion', 'Potato', 'Cotton', 'Tomato', 'Grains', 'Fruits']",Sunday,t,6,w,0.84,1
20,516,Open,P,"['Onion', 'Potato', 'Cotton', 'Tomato', 'Grains', 'Fruits']",Sunday,t,12,w,0.22,0
20,565,Closed,P,"['Onion', 'Potato', 'Cotton', 'Tomato', 'Grains', 'Fruits']",Monday,t,9,w,0.95,0
10,459,Open,P,"['Onion', 'Potato', 'Cotton', 'Tomato', 'Grains', 'Fruits']",Saturday,t,0,w,0.66,0
10,464,Closed,P,"['Onion', 'Potato', 'Cotton', 'Tomato', 'Grains', 'Fruits']",Thursday,t,11,w,0.49,0
8,409,Closed,P,"['Onion', 'Potato', 'Cotton', 'Tomato', 'Grains', 'Fruits']",Monday,t,14,w,0.44,0
20,218,Closed,P,"['Onion', 'Potato', 'Cotton', 'Tomato', 'Grains', 'Fruits']",Friday,t,14,w,0.94,0
20,387,Refrigerated,P,"['Onion', 'Potato', 'Cotton', 'Tomato', 'Grains', 'Fruits']",Sunday,t,0,w,0.35,1
20,195,Closed,P,"['Onion', 'Potato', 'Cotton', 'Tomato', 'Grains', 'Fruits']",Sunday,t,1,w,0.76,1
12,96,Closed,P,"['Onion', 'Potato', 'Cotton', 'Tomato', 'Grains', 'Fruits']",Thursday,t,2,w,0.6,1
20,78,Open,P,"['Onion', 'Potato', 'Cotton', 'Tomato', 'Grains', 'Fruits']",Sunday,t,7,w,0.63,0
8,345,Refrigerated,P,"['Onion', 'Potato', 'Cotton', 'Tomato', 'Grains', 'Fruits']",Wednesday,t,7,w,0.28,0
18,246,Refrigerated,P,"['Onion', 'Potato', 'Cotton', 'Tomato', 'Grains', 'Fruits']",Sunday,t,6,w,0.51,0
12,485,Refrigerated,P,"['Onion', 'Potato', 'Cotton', 'Tomato', 'Grains', 'Fruits']",Thursday,t,5,w,0.6,0
6,458,Closed,P,"['Onion', 'Potato', 'Cotton', 'Tomato', 'Grains', 'Fruits']",Wednesday,t,11,w,0.79,0
16,347,Open,P,"['Onion', 'Potato', 'Cotton', 'Tomato', 'Grains', 'Fruits']",Wednesday,t,15,w,0.47,1
16,595,Refrigerated,P,"['Onion', 'Potato', 'Cotton', 'Tomato', 'Grains', 'Fruits']",Monday,t,10,w,0.31,0
16,533,Refrigerated,P,"['Onion', 'Potato', 'Cotton', 'Tomato', 'Grains', 'Fruits']",Monday,t,4,w,0.91,1
16,110,Closed,P,"['Onion', 'Potato', 'Cotton', 'Tomato', 'Grains', 'Fruits']",Friday,t,3,w,0.48,1
8,138,Closed,P,"['Onion', 'Potato', 'Cotton', 'Tomato', 'Grains', 'Fruits']",Saturday,t,13,w,0.37,0
20,414,Open,P,"['Onion', 'Potato', 'Cotton', 'Tomato', 'Grains', 'Fruits']",Monday,t,10,w,0.23,0
10,539,Open,P,"['Onion', 'Potato', 'Cotton', 'Tomato', 'Grains', 'Fruits']",Sunday,t,12,w,0.66,0
18,406,Refrigerated,P,"['Onion', 'Potato', 'Cotton', 'Tomato', 'Grains', 'Fruits']",Saturday,t,12,w,0.62,0
10,361,Closed,P,"['Onion', 'Potato', 'Cotton', 'Tomato', 'Grains', 'Fruits']",Sunday,t,15,w,0.59,0
14,238,Closed,P,"['Onion', 'Potato', 'Cotton', 'Tomato', 'Grains', 'Fruits']",Saturday,t,12,w,0.7,1
6,316,Closed,P,"['Onion', 'Potato', 'Cotton', 'Tomato', 'Grains', 'Fruits']",Friday,t,8,w,0.57,0
14,60,Refrigerated,P,"['Onion', 'Potato', 'Cotton', 'Tomato', 'Grains', 'Fruits']",Monday,t,1,w,0.36,1
8,457,Closed,P,"['Onion', 'Potato', 'Cotton', 'Tomato', 'Grains', 'Fruits']",Tuesday,t,7,w,0.48,1
8,423,Open,P,"['Onion', 'Potato', 'Cotton', 'Tomato', 'Grains', 'Fruits']",Thursday,t,10,w,0.9,1
20,287,Open,P,"['Onion', 'Potato', 'Cotton', 'Tomato', 'Grains', 'Fruits']",Sunday,t,7,w,0.28,0
20,454,Open,P,"['Onion', 'Potato', 'Cotton', 'Tomato', 'Grains', 'Fruits']",Sunday,t,15,w,0.57,0
20,172,Closed,P,"['Onion', 'Potato', 'Cotton', 'Tomato', 'Grains', 'Fruits']",Saturday,t,2,w,0.78,0
14,226,Closed,P,"['Onion', 'Potato', 'Cotton', 'Tomato', 'Grains', 'Fruits']",Wednesday,t,14,w,0.87,0
14,157,Closed,P,"['Onion', 'Potato', 'Cotton', 'Tomato', 'Grains', 'Fruits']",Thursday,t,9,w,0.71,0
18,342,Refrigerated,P,"['Onion', 'Potato', 'Cotton', 'Tomato', 'Grains', 'Fruits']",Wednesday,t,3,w,0.9,0
14,568,Closed,P,"['Onion', 'Potato', 'Cotton', 'Tomato', 'Grains', 'Fruits']",Tuesday,t,6,w,0.53,0
10,369,Open,P,"['Onion', 'Potato', 'Cotton', 'Tomato', 'Grains', 'Fruits']",Saturday,t,0,w,0.41,1
14,326,Open,P,"['Onion', 'Potato', 'Cotton', 'Tomato', 'Grains', 'Fruits']",Thursday,t,6,w,0.34,0
18,138,Refrigerated,P,"['Onion', 'Potato', 'Cotton', 'Tomato', 'Grains', 'Fruits']",Tuesday,t,4,w,0.36,1
16,402,Open,P,"['Onion', 'Potato', 'Cotton', 'Tomato', 'Grains', 'Fruits']",Friday,t,8,w,0.85,0
20,397,Open,P,"['Onion', 'Potato', 'Cotton', 'Tomato', 'Grains', 'Fruits']",Thursday,t,8,w,0.72,0
10,450,Open,P,"['Onion', 'Potato', 'Cotton', 'Tomato', 'Grains', 'Fruits']",Wednesday,t,5,w,0.57,0
12,205,Closed,P,"['Onion', 'Potato', 'Cotton', 'Tomato', 'Grains', 'Fruits']",Tuesday,t,7,w,0.32,0
18,499,Closed,P,"['Onion', 'Potato', 'Cotton', 'Tomato', 'Grains', 'Fruits']",Friday,t,3,w,0.77,0
20,351,Refrigerated,P,"['Onion', 'Potato', 'Cotton', 'Tomato', 'Grains', 'Fruits']",Friday,t,8,w,0.79,0
20,210,Refrigerated,P,"['Onion', 'Potato', 'Cotton', 'Tomato', 'Grains', 'Fruits']",Thursday,t,0,w,0.37,0
12,241,Open,P,"['Onion', 'Potato', 'Cotton', 'Tomato', 'Grains', 'Fruits']",Monday,t,3,w,0.86,0
16,299,Closed,P,"['Onion', 'Potato', 'Cotton', 'Tomato', 'Grains', 'Fruits']",Tuesday,t,6,w,0.28,0
8,574,Open,P,"['Onion', 'Potato', 'Cotton', 'Tomato', 'Grains', 'Fruits']",Thursday,t,8,w,0.32,0
8,277,Refrigerated,P,"['Onion', 'Potato', 'Cotton', 'Tomato', 'Grains', 'Fruits']",Tuesday,t,3,w,0.41,0
20,146,Closed,P,"['Onion', 'Potato', 'Cotton', 'Tomato', 'Grains', 'Fruits']",Tuesday,t,2,w,0.63,0
18,62,Refrigerated,P,"['Onion', 'Potato', 'Cotton', 'Tomato', 'Grains', 'Fruits']",Sunday,t,7,w,0.46,1
10,470,Refrigerated,P,"['Onion', 'Potato', 'Cotton', 'Tomato', 'Grains', 'Fruits']",Sunday,t,9,w,0.61,1
16,157,Refrigerated,P,"['Onion', 'Potato', 'Cotton', 'Tomato', 'Grains', 'Fruits']",Sunday,t,3,w,0.45,1
6,592,Closed,P,"['Onion', 'Potato', 'Cotton', 'Tomato', 'Grains', 'Fruits']",Monday,t,15,w,0.89,1
8,88,Refrigerated,P,"['Onion', 'Potato', 'Cotton', 'Tomato', 'Grains', 'Fruits']",Saturday,t,5,w,0.6,1
12,478,Refrigerated,P,"['Onion', 'Potato', 'Cotton', 'Tomato', 'Grains', 'Fruits']",Sunday,t,5,w,0.42,1
12,105,Refrigerated,P,"['Onion', 'Potato', 'Cotton', 'Tomato', 'Grains', 'Fruits']",Monday,t,6,w,0.35,0
10,76,Open,P,"['Onion', 'Potato', 'Cotton', 'Tomato', 'Grains', 'Fruits']",Sunday,t,5,w,0.8,0
14,554,Closed,P,"['Onion', 'Potato', 'Cotton', 'Tomato', 'Grains', 'Fruits']",Saturday,t,5,w,0.37,1
16,228,Open,P,"['Onion', 'Potato', 'Cotton', 'Tomato', 'Grains', 'Fruits']",Tuesday,t,14,w,0.92,1
14,304,Refrigerated,P,"['Onion', 'Potato', 'Cotton', 'Tomato', 'Grains', 'Fruits']",Thursday,t,9,w,0.68,0
14,419,Refrigerated,P,"['Onion', 'Potato', 'Cotton', 'Tomato', 'Grains', 'Fruits']",Thursday,t,1,w,0.81,1
14,488,Open,P,"['Onion', 'Potato', 'Cotton', 'Tomato', 'Grains', 'Fruits']",Thursday,t,15,w,0.47,1
6,336,Closed,P,"['Onion', 'Potato', 'Cotton', 'Tomato', 'Grains', 'Fruits']",Friday,t,11,w,0.21,0
6,105,Refrigerated,P,"['Onion', 'Potato', 'Cotton', 'Tomato', 'Grains', 'Fruits']",Monday,t,4,w,0.67,0
16,562,Open,P,"['Onion', 'Potato', 'Cotton', 'Tomato', 'Grains', 'Fruits']",Tuesday,t,7,w,0.8,0
18,320,Open,P,"['Onion', 'Potato', 'Cotton', 'Tomato', 'Grains', 'Fruits']",Monday,t,9,w,0.22,0
12,384,Open,P,"['Onion', 'Potato', 'Cotton', 'Tomato', 'Grains', 'Fruits']",Sunday,t,5,w,0.81,0
12,129,Closed,P,"['Onion', 'Potato', 'Cotton', 'Tomato', 'Grains', 'Fruits']",Tuesday,t,12,w,0.37,1
10,244,Open,P,"['Onion', 'Potato', 'Cotton', 'Tomato', 'Grains', 'Fruits']",Monday,t,2,w,0.29,1
20,306,Open,P,"['Onion', 'Potato', 'Cotton', 'Tomato', 'Grains', 'Fruits']",Sunday,t,11,w,0.62,0
6,390,Closed,P,"['Onion', 'Potato', 'Cotton', 'Tomato', 'Grains', 'Fruits']",Sunday,t,11,w,0.8,0
16,139,Closed,P,"['Onion', 'Potato', 'Cotton', 'Tomato', 'Grains', 'Fruits']",Tuesday,t,5,w,0.28,1
10,589,Closed,P,"['Onion', 'Potato', 'Cotton', 'Tomato', 'Grains', 'Fruits']",Monday,t,12,w,0.44,1
10,247,Closed,P,"['Onion', 'Potato', 'Cotton', 'Tomato', 'Grains', 'Fruits']",Thursday,t,9,w,0.7,0
8,560,Closed,P,"['Onion', 'Potato', 'Cotton', 'Tomato', 'Grains', 'Fruits']",Tuesday,t,15,w,0.72,0
18,174,Closed,P,"['Onion', 'Potato', 'Cotton', 'Tomato', 'Grains', 'Fruits']",Friday,t,12,w,0.27,1
8,145,Open,P,"['Onion', 'Potato', 'Cotton', 'Tomato', 'Grains', 'Fruits']",Tuesday,t,3,w,0.42,1
16,362,Closed,P,"['Onion', 'Potato', 'Cotton', 'Tomato', 'Grains', 'Fruits']",Tuesday,t,6,w,0.26,0
14,144,Refrigerated,P,"['Onion', 'Potato', 'Cotton', 'Tomato', 'Grains', 'Fruits']",Saturday,t,12,w,0.43,0
16,537,Refrigerated,P,"['Onion', 'Potato', 'Cotton', 'Tomato', 'Grains', 'Fruits']",Tuesday,t,0,w,0.69,0
18,141,Closed,P,"['Onion', 'Potato', 'Cotton', 'Tomato', 'Grains', 'Fruits']",Thursday,t,6,w,0.29,0
12,142,Refrigerated,P,"['Onion', 'Potato', 'Cotton', 'Tomato', 'Grains', 'Fruits']",Thursday,t,0,w,0.92,1
18,315,Open,P,"['Onion', 'Potato', 'Cotton', 'Tomato', 'Grains', 'Fruits']",Monday,t,10,w,0.84,0
20,202,Closed,P,"['Onion', 'Potato', 'Cotton', 'Tomato', 'Grains', 'Fruits']",Monday,t,8,w,0.4,1
8,175,Closed,P,"['Onion', 'Potato', 'Cotton', 'Tomato', 'Grains', 'Fruits']",Wednesday,t,12,w,0.31,0
10,284,Open,P,"['Onion', 'Potato', 'Cotton', 'Tomato', 'Grains', 'Fruits']",Wednesday,t,2,w,0.52,1
12,580,Refrigerated,P,"['Onion', 'Potato', 'Cotton', 'Tomato', 'Grains', 'Fruits']",Monday,t,4,w,0.41,1
10,116,Closed,P,"['Onion', 'Potato', 'Cotton', 'Tomato', 'Grains', 'Fruits']",Thursday,t,10,w,0.77,0
14,372,Open,P,"['Onion', 'Potato', 'Cotton', 'Tomato', 'Grains', 'Fruits']",Monday,t,9,w,0.27,1
8,279,Refrigerated,P,"['Onion', 'Potato', 'Cotton', 'Tomato', 'Grains', 'Fruits']",Saturday,t,7,w,0.77,0
6,545,Refrigerated,P,"['Onion', 'Potato', 'Cotton', 'Tomato', 'Grains', 'Fruits']",Friday,t,14,w,0.24,0
12,64,Closed,P,"['Onion', 'Potato', 'Cotton', 'Tomato', 'Grains', 'Fruits']",Saturday,t,8,w,0.57,1
14,278,Closed,P,"['Onion', 'Potato', 'Cotton', 'Tomato', 'Grains', 'Fruits']",Tuesday,t,15,w,0.27,0
10,421,Open,P,"['Onion', 'Potato', 'Cotton', 'Tomato', 'Grains', 'Fruits']",Saturday,t,10,w,0.39,0
20,68,Open,P,"['Onion', 'Potato', 'Cotton', 'Tomato', 'Grains', 'Fruits']",Friday,t,12,w,0.4,0
10,71,Closed,P,"['Onion', 'Potato', 'Cotton', 'Tomato', 'Grains', 'Fruits']",Monday,t,15,w,0.58,0
10,449,Closed,P,"['Onion', 'Potato', 'Cotton', 'Tomato', 'Grains', 'Fruits']",Thursday,t,5,w,0.26,1
16,325,Open,P,"['Onion', 'Potato', 'Cotton', 'Tomato', 'Grains', 'Fruits']",Tuesday,t,0,w,0.5,1
8,203,Refrigerated,P,"['Onion', 'Potato', 'Cotton', 'Tomato', 'Grains', 'Fruits']",Thursday,t,4,w,0.78,1
8,239,Closed,P,"['Onion', 'Potato', 'Cotton', 'Tomato', 'Grains', 'Fruits']",Thursday,t,4,w,0.2,0
16,489,Open,P,"['Onion', 'Potato', 'Cotton', 'Tomato', 'Grains', 'Fruits']",Tuesday,t,3,w,0.27,1
20,243,Open,P,"['Onion', 'Potato', 'Cotton', 'Tomato', 'Grains', 'Fruits']",Wednesday,t,7,w,0.85,0
14,204,Open,P,"['Onion', 'Potato', 'Cotton', 'Tomato', 'Grains', 'Fruits']",Tuesday,t,14,w,0.87,0
20,117,Refrigerated,P,"['Onion', 'Potato', 'Cotton', 'Tomato', 'Grains', 'Fruits']",Tuesday,t,1,w,0.95,0
16,281,Refrigerated,P,"['Onion', 'Potato', 'Cotton', 'Tomato', 'Grains', 'Fruits']",Sunday,t,11,w,0.57,0
12,454,Closed,P,"['Onion', 'Potato', 'Cotton', 'Tomato', 'Grains', 'Fruits']",Thursday,t,14,w,0.54,0
8,482,Refrigerated,P,"['Onion', 'Potato', 'Cotton', 'Tomato', 'Grains', 'Fruits']",Tuesday,t,2,w,0.44,0
8,295,Refrigerated,P,"['Onion', 'Potato', 'Cotton', 'Tomato', 'Grains', 'Fruits']",Monday,t,0,w,0.45,0
6,232,Closed,P,"['Onion', 'Potato', 'Cotton', 'Tomato', 'Grains', 'Fruits']",Friday,t,9,w,0.33,0
10,283,Open,P,"['Onion', 'Potato', 'Cotton', 'Tomato', 'Grains', 'Fruits']",Friday,t,7,w,0.86,0
14,262,Refrigerated,P,"['Onion', 'Potato', 'Cotton', 'Tomato', 'Grains', 'Fruits']",Tuesday,t,0,w,0.62,0
20,223,Open,P,"['Onion', 'Potato', 'Cotton', 'Tomato', 'Grains', 'Fruits']",Monday,t,5,w,0.48,1
12,507,Open,P,"['Onion', 'Potato', 'Cotton', 'Tomato', 'Grains', 'Fruits']",Monday,t,2,w,0.83,0
12,53,Open,P,"['Onion', 'Potato', 'Cotton', 'Tomato', 'Grains', 'Fruits']",Saturday,t,14,w,0.61,0
20,112,Refrigerated,P,"['Onion', 'Potato', 'Cotton', 'Tomato', 'Grains', 'Fruits']",Friday,t,12,w,0.43,0
20,549,Open,P,"['Onion', 'Potato', 'Cotton', 'Tomato', 'Grains', 'Fruits']",Wednesday,t,11,w,0.69,1
12,320,Refrigerated,P,"['Onion', 'Potato', 'Cotton', 'Tomato', 'Grains', 'Fruits']",Saturday,t,0,w,0.62,1
16,109,Open,P,"['Onion', 'Potato', 'Cotton', 'Tomato', 'Grains', 'Fruits']",Thursday,t,5,w,0.59,1
8,430,Closed,P,"['Onion', 'Potato', 'Cotton', 'Tomato', 'Grains', 'Fruits']",Monday,t,7,w,0.76,1
18,476,Refrigerated,P,"['Onion', 'Potato', 'Cotton', 'Tomato', 'Grains', 'Fruits']",Monday,t,6,w,0.27,0
18,145,Open,P,"['Onion', 'Potato', 'Cotton', 'Tomato', 'Grains', 'Fruits']",Wednesday,t,0,w,0.57,0
14,108,Open,P,"['Onion', 'Potato', 'Cotton', 'Tomato', 'Grains', 'Fruits']",Thursday,t,14,w,0.78,0
12,78,Closed,P,"['Onion', 'Potato', 'Cotton', 'Tomato', 'Grains', 'Fruits']",Sunday,t,1,w,0.42,1
6,538,Open,P,"['Onion', 'Potato', 'Cotton', 'Tomato', 'Grains', 'Fruits']",Thursday,t,8,w,0.93,0
14,539,Open,P,"['Onion', 'Potato', 'Cotton', 'Tomato', 'Grains', 'Fruits']",Wednesday,t,1,w,0.91,1
6,393,Refrigerated,P,"['Onion', 'Potato', 'Cotton', 'Tomato', 'Grains', 'Fruits']",Thursday,t,3,w,0.22,1
6,403,Closed,P,"['Onion', 'Potato', 'Cotton', 'Tomato', 'Grains', 'Fruits']",Sunday,t,10,w,0.21,1
18,319,Closed,P,"['Onion', 'Potato', 'Cotton', 'Tomato', 'Grains', 'Fruits']",Thursday,t,14,w,0.82,0
10,84,Closed,P,"['Onion', 'Potato', 'Cotton', 'Tomato', 'Grains', 'Fruits']",Monday,t,2,w,0.89,1
14,59,Refrigerated,P,"['Onion', 'Potato', 'Cotton', 'Tomato', 'Grains', 'Fruits']",Monday,t,12,w,0.8,0
12,86,Open,P,"['Onion', 'Potato', 'Cotton', 'Tomato', 'Grains', 'Fruits']",Tuesday,t,2,w,0.85,0
6,446,Refrigerated,P,"['Onion', 'Potato', 'Cotton', 'Tomato', 'Grains', 'Fruits']",Monday,t,8,w,0.92,0
6,100,Open,P,"['Onion', 'Potato', 'Cotton', 'Tomato', 'Grains', 'Fruits']",Wednesday,t,0,w,0.73,1
20,444,Refrigerated,P,"['Onion', 'Potato', 'Cotton', 'Tomato', 'Grains', 'Fruits']",Wednesday,t,11,w,0.47,0
10,338,Closed,P,"['Onion', 'Potato', 'Cotton', 'Tomato', 'Grains', 'Fruits']",Tuesday,t,14,w,0.25,0
20,389,Refrigerated,P,"['Onion', 'Potato', 'Cotton', 'Tomato', 'Grains', 'Fruits']",Monday,t,5,w,0.79,1
16,111,Refrigerated,P,"['Onion', 'Potato', 'Cotton', 'Tomato', 'Grains', 'Fruits']",Wednesday,t,0,w,0.38,1
8,559,Closed,P,"['Onion', 'Potato', 'Cotton', 'Tomato', 'Grains', 'Fruits']",Saturday,t,8,w,0.91,0
18,243,Open,P,"['Onion', 'Potato', 'Cotton', 'Tomato', 'Grains', 'Fruits']",Saturday,t,5,w,0.29,1
10,420,Closed,P,"['Onion', 'Potato', 'Cotton', 'Tomato', 'Grains', 'Fruits']",Monday,t,8,w,0.41,1
10,307,Refrigerated,P,"['Onion', 'Potato', 'Cotton', 'Tomato', 'Grains', 'Fruits']",Monday,t,5,w,0.85,0
20,180,Closed,P,"['Onion', 'Potato', 'Cotton', 'Tomato', 'Grains', 'Fruits']",Sunday,t,5,w,0.76,0
14,356,Refrigerated,P,"['Onion', 'Potato', 'Cotton', 'Tomato', 'Grains', 'Fruits']",Monday,t,9,w,0.45,0
18,290,Refrigerated,P,"['Onion', 'Potato', 'Cotton', 'Tomato', 'Grains', 'Fruits']",Saturday,t,15,w,0.68,0
18,538,Closed,P,"['Onion', 'Potato', 'Cotton', 'Tomato', 'Grains', 'Fruits']",Sunday,t,6,w,0.6,1
10,409,Open,P,"['Onion', 'Potato', 'Cotton', 'Tomato', 'Grains', 'Fruits']",Sunday,t,3,w,0.3,1
20,495,Closed,P,"['Onion', 'Potato', 'Cotton', 'Tomato', 'Grains', 'Fruits']",Thursday,t,1,w,0.64,0
10,439,Closed,P,"['Onion', 'Potato', 'Cotton', 'Tomato', 'Grains', 'Fruits']",Wednesday,t,3,w,0.53,0
6,593,Closed,P,"['Onion', 'Potato', 'Cotton', 'Tomato', 'Grains', 'Fruits']",Sunday,t,10,w,0.22,0
12,475,Closed,P,"['Onion', 'Potato', 'Cotton', 'Tomato', 'Grains', 'Fruits']",Saturday,t,8,w,0.56,0
8,328,Open,P,"['Onion', 'Potato', 'Cotton', 'Tomato', 'Grains', 'Fruits']",Sunday,t,14,w,0.3,0
6,137,Closed,P,"['Onion', 'Potato', 'Cotton', 'Tomato', 'Grains', 'Fruits']",Wednesday,t,9,w,0.68,0
16,519,Closed,P,"['Onion', 'Potato', 'Cotton', 'Tomato', 'Grains', 'Fruits']",Wednesday,t,6,w,0.39,0
14,415,Closed,P,"['Onion', 'Potato', 'Cotton', 'Tomato', 'Grains', 'Fruits']",Saturday,t,12,w,0.36,0
10,53,Refrigerated,P,"['Onion', 'Potato', 'Cotton', 'Tomato', 'Grains', 'Fruits']",Monday,t,6,w,0.71,0
20,183,Refrigerated,P,"['Onion', 'Potato', 'Cotton', 'Tomato', 'Grains', 'Fruits']",Thursday,t,10,w,0.25,0
14,211,Refrigerated,P,"['Onion', 'Potato', 'Cotton', 'Tomato', 'Grains', 'Fruits']",Sunday,t,0,w,0.51,0
6,241,Closed,P,"['Onion', 'Potato', 'Cotton', 'Tomato', 'Grains', 'Fruits']",Saturday,t,8,w,0.68,0
14,251,Refrigerated,P,"['Onion', 'Potato', 'Cotton', 'Tomato', 'Grains', 'Fruits']",Monday,t,15,w,0.8,0
20,528,Refrigerated,P,"['Onion', 'Potato', 'Cotton', 'Tomato', 'Grains', 'Fruits']",Tuesday,t,15,w,0.52,0
8,448,Open,P,"['Onion', 'Potato', 'Cotton', 'Tomato', 'Grains', 'Fruits']",Friday,t,0,w,0.8,1
6,151,Closed,P,"['Onion', 'Potato', 'Cotton', 'Tomato', 'Grains', 'Fruits']",Wednesday,t,15,w,0.56,1
20,97,Open,P,"['Onion', 'Potato', 'Cotton', 'Tomato', 'Grains', 'Fruits']",Tuesday,t,9,w,0.31,1
12,232,Closed,P,"['Onion', 'Potato', 'Cotton', 'Tomato', 'Grains', 'Fruits']",Sunday,t,9,w,0.61,0
16,170,Open,P,"['Onion', 'Potato', 'Cotton', 'Tomato', 'Grains', 'Fruits']",Friday,t,13,w,0.23,1
10,523,Refrigerated,P,"['Onion', 'Potato', 'Cotton', 'Tomato', 'Grains', 'Fruits']",Wednesday,t,11,w,0.27,1
12,286,Refrigerated,P,"['Onion', 'Potato', 'Cotton', 'Tomato', 'Grains', 'Fruits']",Wednesday,t,13,w,0.68,0
14,243,Refrigerated,P,"['Onion', 'Potato', 'Cotton', 'Tomato', 'Grains', 'Fruits']",Saturday,t,11,w,0.86,0
12,535,Refrigerated,P,"['Onion', 'Potato', 'Cotton', 'Tomato', 'Grains', 'Fruits']",Tuesday,t,10,w,0.75,0
10,509,Closed,P,"['Onion', 'Potato', 'Cotton', 'Tomato', 'Grains', 'Fruits']",Saturday,t,14,w,0.81,0
16,410,Open,P,"['Onion', 'Potato', 'Cotton', 'Tomato', 'Grains', 'Fruits']",Thursday,t,4,w,0.85,1
12,527,Open,P,"['Onion', 'Potato', 'Cotton', 'Tomato', 'Grains', 'Fruits']",Friday,t,15,w,0.75,0
14,131,Open,P,"['Onion', 'Potato', 'Cotton', 'Tomato', 'Grains', 'Fruits']",Thursday,t,15,w,0.39,1
8,103,Closed,P,"['Onion', 'Potato', 'Cotton', 'Tomato', 'Grains', 'Fruits']",Thursday,t,5,w,0.85,1
10,338,Open,P,"['Onion', 'Potato', 'Cotton', 'Tomato', 'Grains', 'Fruits']",Thursday,t,2,w,0.31,1
6,521,Open,P,"['Onion', 'Potato', 'Cotton', 'Tomato', 'Grains', 'Fruits']",Tuesday,t,7,w,0.54,1
16,498,Refrigerated,P,"['Onion', 'Potato', 'Cotton', 'Tomato', 'Grains', 'Fruits']",Wednesday,t,7,w,0.44,1
12,114,Refrigerated,P,"['Onion', 'Potato', 'Cotton', 'Tomato', 'Grains', 'Fruits']",Monday,t,10,w,0.48,1
8,274,Closed,P,"['Onion', 'Potato', 'Cotton', 'Tomato', 'Grains', 'Fruits']",Saturday,t,2,w,0.41,0
20,418,Closed,P,"['Onion', 'Potato', 'Cotton', 'Tomato', 'Grains', 'Fruits']",Sunday,t,7,w,0.34,0
20,268,Closed,P,"['Onion', 'Potato', 'Cotton', 'Tomato', 'Grains', 'Fruits']",Tuesday,t,1,w,0.83,1
14,225,Closed,P,"['Onion', 'Potato', 'Cotton', 'Tomato', 'Grains', 'Fruits']",Monday,t,5,w,0.21,1
18,392,Closed,P,"['Onion', 'Potato', 'Cotton', 'Tomato', 'Grains', 'Fruits']",Thursday,t,5,w,0.84,1
16,92,Closed,P,"['Onion', 'Potato', 'Cotton', 'Tomato', 'Grains', 'Fruits']",Monday,t,0,w,0.92,1
16,298,Open,P,"['Onion', 'Potato', 'Cotton', 'Tomato', 'Grains', 'Fruits']",Friday,t,13,w,0.82,0
12,330,Closed,P,"['Onion', 'Potato', 'Cotton', 'Tomato', 'Grains', 'Fruits']",Friday,t,13,w,0.84,0
16,435,Open,P,"['Onion', 'Potato', 'Cotton', 'Tomato', 'Grains', 'Fruits']",Thursday,t,0,w,0.33,0
6,446,Refrigerated,P,"['Onion', 'Potato', 'Cotton', 'Tomato', 'Grains', 'Fruits']",Saturday,t,3,w,0.45,1
10,560,Closed,P,"['Onion', 'Potato', 'Cotton', 'Tomato', 'Grains', 'Fruits']",Sunday,t,9,w,0.49,0
8,561,Refrigerated,P,"['Onion', 'Potato', 'Cotton', 'Tomato', 'Grains', 'Fruits']",Wednesday,t,1,w,0.5,1
16,97,Closed,P,"['Onion', 'Potato', 'Cotton', 'Tomato', 'Grains', 'Fruits']",Saturday,t,2,w,0.88,1
14,198,Refrigerated,P,"['Onion', 'Potato', 'Cotton', 'Tomato', 'Grains', 'Fruits']",Thursday,t,1,w,0.84,0
12,498,Refrigerated,P,"['Onion', 'Potato', 'Cotton', 'Tomato', 'Grains', 'Fruits']",Sunday,t,13,w,0.86,0
14,196,Closed,P,"['Onion', 'Potato', 'Cotton', 'Tomato', 'Grains', 'Fruits']",Thursday,t,9,w,0.86,0
18,130,Closed,P,"['Onion', 'Potato', 'Cotton', 'Tomato', 'Grains', 'Fruits']",Monday,t,2,w,0.36,1
12,528,Closed,P,"['Onion', 'Potato', 'Cotton', 'Tomato', 'Grains', 'Fruits']",Saturday,t,1,w,0.39,1
16,88,Open,P,"['Onion', 'Potato', 'Cotton', 'Tomato', 'Grains', 'Fruits']",Thursday,t,2,w,0.46,0
6,55,Closed,P,"['Onion', 'Potato', 'Cotton', 'Tomato', 'Grains', 'Fruits']",Friday,t,5,w,0.93,0
18,544,Closed,P,"['Onion', 'Potato', 'Cotton', 'Tomato', 'Grains', 'Fruits']",Thursday,t,15,w,0.72,1
10,288,Closed,P,"['Onion', 'Potato', 'Cotton', 'Tomato', 'Grains', 'Fruits']",Wednesday,t,0,w,0.28,0
16,546,Refrigerated,P,"['Onion', 'Potato', 'Cotton', 'Tomato', 'Grains', 'Fruits']",Tuesday,t,14,w,0.79,0
8,224,Refrigerated,P,"['Onion', 'Potato', 'Cotton', 'Tomato', 'Grains', 'Fruits']",Wednesday,t,9,w,0.67,0
6,142,Open,P,"['Onion', 'Potato', 'Cotton', 'Tomato', 'Grains', 'Fruits']",Wednesday,t,4,w,0.6,0
6,202,Closed,P,"['Onion', 'Potato', 'Cotton', 'Tomato', 'Grains', 'Fruits']",Sunday,t,2,w,0.86,1
18,296,Closed,P,"['Onion', 'Potato', 'Cotton', 'Tomato', 'Grains', 'Fruits']",Tuesday,t,10,w,0.86,0
18,498,Closed,P,"['Onion', 'Potato', 'Cotton', 'Tomato', 'Grains', 'Fruits']",Thursday,t,4,w,0.86,0
18,247,Closed,P,"['Onion', 'Potato', 'Cotton', 'Tomato', 'Grains', 'Fruits']",Tuesday,t,7,w,0.59,1
6,201,Open,P,"['Onion', 'Potato', 'Cotton', 'Tomato', 'Grains', 'Fruits']",Sunday,t,11,w,0.8,0
18,324,Open,P,"['Onion', 'Potato', 'Cotton', 'Tomato', 'Grains', 'Fruits']",Friday,t,6,w,0.88,0
12,344,Open,P,"['Onion', 'Potato', 'Cotton', 'Tomato', 'Grains', 'Fruits']",Monday,t,13,w,0.44,0
12,286,Open,P,"['Onion', 'Potato', 'Cotton', 'Tomato', 'Grains', 'Fruits']",Wednesday,t,1,w,0.73,0
18,51,Refrigerated,P,"['Onion', 'Potato', 'Cotton', 'Tomato', 'Grains', 'Fruits']",Monday,t,8,w,0.55,1
14,528,Refrigerated,P,"['Onion', 'Potato', 'Cotton', 'Tomato', 'Grains', 'Fruits']",Saturday,t,7,w,0.4,0
6,213,Closed,P,"['Onion', 'Potato', 'Cotton', 'Tomato', 'Grains', 'Fruits']",Wednesday,t,3,w,0.2,1
6,171,Refrigerated,P,"['Onion', 'Potato', 'Cotton', 'Tomato', 'Grains', 'Fruits']",Thursday,t,9,w,0.36,0
14,234,Closed,P,"['Onion', 'Potato', 'Cotton', 'Tomato', 'Grains', 'Fruits']",Monday,t,5,w,0.58,1
16,372,Open,P,"['Onion', 'Potato', 'Cotton', 'Tomato', 'Grains', 'Fruits']",Monday,t,4,w,0.25,0
8,243,Closed,P,"['Onion', 'Potato', 'Cotton', 'Tomato', 'Grains', 'Fruits']",Wednesday,t,2,w,0.8,1
16,63,Refrigerated,P,"['Onion', 'Potato', 'Cotton', 'Tomato', 'Grains', 'Fruits']",Monday,t,3,w,0.27,0
14,154,Open,P,"['Onion', 'Potato', 'Cotton', 'Tomato', 'Grains', 'Fruits']",Saturday,t,15,w,0.67,0
16,119,Closed,P,"['Onion', 'Potato', 'Cotton', 'Tomato', 'Grains', 'Fruits']",Friday,t,6,w,0.55,1
18,321,Closed,P,"['Onion', 'Potato', 'Cotton', 'Tomato', 'Grains', 'Fruits']",Friday,t,6,w,0.63,0
12,99,Closed,P,"['Onion', 'Potato', 'Cotton', 'Tomato', 'Grains', 'Fruits']",Wednesday,t,6,w,0.81,0
8,258,Closed,P,"['Onion', 'Potato', 'Cotton', 'Tomato', 'Grains', 'Fruits']",Friday,t,2,w,0.68,0
12,490,Closed,P,"['Onion', 'Potato', 'Cotton', 'Tomato', 'Grains', 'Fruits']",Sunday,t,13,w,0.36,0
12,136,Refrigerated,P,"['Onion', 'Potato', 'Cotton', 'Tomato', 'Grains', 'Fruits']",Saturday,t,8,w,0.91,1
6,377,Open,P,"['Onion', 'Potato', 'Cotton', 'Tomato', 'Grains', 'Fruits']",Thursday,t,3,w,0.66,0
12,295,Refrigerated,P,"['Onion', 'Potato', 'Cotton', 'Tomato', 'Grains', 'Fruits']",Tuesday,t,0,w,0.32,1
12,580,Refrigerated,P,"['Onion', 'Potato', 'Cotton', 'Tomato', 'Grains', 'Fruits']",Monday,t,0,w,0.44,1
10,557,Open,P,"['Onion', 'Potato', 'Cotton', 'Tomato', 'Grains', 'Fruits']",Monday,t,9,w,0.78,0
18,489,Refrigerated,P,"['Onion', 'Potato', 'Cotton', 'Tomato', 'Grains', 'Fruits']",Thursday,t,15,w,0.49,0
20,568,Refrigerated,P,"['Onion', 'Potato', 'Cotton', 'Tomato', 'Grains', 'Fruits']",Thursday,t,13,w,0.47,0
6,588,Open,P,"['Onion', 'Potato', 'Cotton', 'Tomato', 'Grains', 'Fruits']",Tuesday,t,14,w,0.27,0
10,351,Closed,P,"['Onion', 'Potato', 'Cotton', 'Tomato', 'Grains', 'Fruits']",Monday,t,11,w,0.59,1
6,569,Refrigerated,P,"['Onion', 'Potato', 'Cotton', 'Tomato', 'Grains', 'Fruits']",Sunday,t,12,w,0.6,1
8,483,Refrigerated,P,"['Onion', 'Potato', 'Cotton', 'Tomato', 'Grains', 'Fruits']",Monday,t,12,w,0.84,0
8,213,Closed,P,"['Onion', 'Potato', 'Cotton', 'Tomato', 'Grains', 'Fruits']",Wednesday,t,11,w,0.61,0
6,482,Refrigerated,P,"['Onion', 'Potato', 'Cotton', 'Tomato', 'Grains', 'Fruits']",Saturday,t,4,w,0.67,0
20,503,Open,P,"['Onion', 'Potato', 'Cotton', 'Tomato', 'Grains', 'Fruits']",Monday,t,1,w,0.4,1
16,314,Closed,P,"['Onion', 'Potato', 'Cotton', 'Tomato', 'Grains', 'Fruits']",Friday,t,8,w,0.34,0
18,518,Refrigerated,P,"['Onion', 'Potato', 'Cotton', 'Tomato', 'Grains', 'Fruits']",Thursday,t,5,w,0.36,1
6,482,Refrigerated,P,"['Onion', 'Potato', 'Cotton', 'Tomato', 'Grains', 'Fruits']",Saturday,t,9,w,0.44,0
20,360,Open,P,"['Onion', 'Potato', 'Cotton', 'Tomato', 'Grains', 'Fruits']",Friday,t,0,w,0.53,0
16,296,Closed,P,"['Onion', 'Potato', 'Cotton', 'Tomato', 'Grains', 'Fruits']",Tuesday,t,15,w,0.42,0
16,548,Refrigerated,P,"['Onion', 'Potato', 'Cotton', 'Tomato', 'Grains', 'Fruits']",Tuesday,t,6,w,0.41,0
20,396,Closed,P,"['Onion', 'Potato', 'Cotton', 'Tomato', 'Grains', 'Fruits']",Wednesday,t,8,w,0.38,0
10,510,Open,P,"['Onion', 'Potato', 'Cotton', 'Tomato', 'Grains', 'Fruits']",Wednesday,t,13,w,0.3,0
20,583,Closed,P,"['Onion', 'Potato', 'Cotton', 'Tomato', 'Grains', 'Fruits']",Wednesday,t,3,w,0.53,0
10,169,Refrigerated,P,"['Onion', 'Potato', 'Cotton', 'Tomato', 'Grains', 'Fruits']",Friday,t,13,w,0.67,0
14,203,Closed,P,"['Onion', 'Potato', 'Cotton', 'Tomato', 'Grains', 'Fruits']",Friday,t,12,w,0.33,0
20,215,Open,P,"['Onion', 'Potato', 'Cotton', 'Tomato', 'Grains', 'Fruits']",Thursday,t,1,w,0.7,0
14,156,Open,P,"['Onion', 'Potato', 'Cotton', 'Tomato', 'Grains', 'Fruits']",Thursday,t,13,w,0.94,0
18,191,Open,P,"['Onion', 'Potato', 'Cotton', 'Tomato', 'Grains', 'Fruits']",Saturday,t,13,w,0.34,0
8,111,Open,P,"['Onion', 'Potato', 'Cotton', 'Tomato', 'Grains', 'Fruits']",Thursday,t,15,w,0.68,0
12,552,Refrigerated,P,"['Onion', 'Potato', 'Cotton', 'Tomato', 'Grains', 'Fruits']",Saturday,t,5,w,0.31,1
18,82,Open,P,"['Onion', 'Potato', 'Cotton', 'Tomato', 'Grains', 'Fruits']",Tuesday,t,13,w,0.84,1
18,127,Closed,P,"['Onion', 'Potato', 'Cotton', 'Tomato', 'Grains', 'Fruits']",Friday,t,0,w,0.65,1
16,366,Closed,P,"['Onion', 'Potato', 'Cotton', 'Tomato', 'Grains', 'Fruits']",Saturday,t,1,w,0.27,0
18,183,Refrigerated,P,"['Onion', 'Potato', 'Cotton', 'Tomato', 'Grains', 'Fruits']",Saturday,t,5,w,0.88,0
10,398,Refrigerated,P,"['Onion', 'Potato', 'Cotton', 'Tomato', 'Grains', 'Fruits']",Saturday,t,1,w,0.78,1
18,432,Closed,P,"['Onion', 'Potato', 'Cotton', 'Tomato', 'Grains', 'Fruits']",Monday,t,1,w,0.76,1
20,145,Open,P,"['Onion', 'Potato', 'Cotton', 'Tomato', 'Grains', 'Fruits']",Monday,t,11,w,0.91,0
20,480,Closed,P,"['Onion', 'Potato', 'Cotton', 'Tomato', 'Grains', 'Fruits']",Wednesday,t,13,w,0.31,0
16,112,Closed,P,"['Onion', 'Potato', 'Cotton', 'Tomato', 'Grains', 'Fruits']",Wednesday,t,15,w,0.26,1
16,410,Open,P,"['Onion', 'Potato', 'Cotton', 'Tomato', 'Grains', 'Fruits']",Wednesday,t,15,w,0.62,1
8,402,Closed,P,"['Onion', 'Potato', 'Cotton', 'Tomato', 'Grains', 'Fruits']",Sunday,t,7,w,0.8,0
14,286,Open,P,"['Onion', 'Potato', 'Cotton', 'Tomato', 'Grains', 'Fruits']",Saturday,t,15,w,0.73,0
12,283,Refrigerated,P,"['Onion', 'Potato', 'Cotton', 'Tomato', 'Grains', 'Fruits']",Friday,t,11,w,0.59,0
14,105,Closed,P,"['Onion', 'Potato', 'Cotton', 'Tomato', 'Grains', 'Fruits']",Thursday,t,8,w,0.74,0
12,352,Open,P,"['Onion', 'Potato', 'Cotton', 'Tomato', 'Grains', 'Fruits']",Thursday,t,2,w,0.22,1
14,227,Refrigerated,P,"['Onion', 'Potato', 'Cotton', 'Tomato', 'Grains', 'Fruits']",Friday,t,2,w,0.68,1
10,483,Closed,P,"['Onion', 'Potato', 'Cotton', 'Tomato', 'Grains', 'Fruits']",Friday,t,1,w,0.41,1
16,530,Refrigerated,P,"['Onion', 'Potato', 'Cotton', 'Tomato', 'Grains', 'Fruits']",Wednesday,t,7,w,0.71,0
8,200,Open,P,"['Onion', 'Potato', 'Cotton', 'Tomato', 'Grains', 'Fruits']",Tuesday,t,8,w,0.74,1
6,474,Refrigerated,P,"['Onion', 'Potato', 'Cotton', 'Tomato', 'Grains', 'Fruits']",Monday,t,10,w,0.38,1
14,383,Refrigerated,P,"['Onion', 'Potato', 'Cotton', 'Tomato', 'Grains', 'Fruits']",Saturday,t,6,w,0.32,0
8,236,Closed,P,"['Onion', 'Potato', 'Cotton', 'Tomato', 'Grains', 'Fruits']",Saturday,t,3,w,0.44,0
12,525,Refrigerated,P,"['Onion', 'Potato', 'Cotton', 'Tomato', 'Grains', 'Fruits']",Monday,t,1,w,0.84,0
6,461,Open,P,"['Onion', 'Potato', 'Cotton', 'Tomato', 'Grains', 'Fruits']",Saturday,t,5,w,0.5,0
12,183,Closed,P,"['Onion', 'Potato', 'Cotton', 'Tomato', 'Grains', 'Fruits']",Thursday,t,0,w,0.65,0
6,542,Refrigerated,P,"['Onion', 'Potato', 'Cotton', 'Tomato', 'Grains', 'Fruits']",Thursday,t,15,w,0.32,1
18,249,Closed,P,"['Onion', 'Potato', 'Cotton', 'Tomato', 'Grains', 'Fruits']",Sunday,t,11,w,0.4,0
12,569,Closed,P,"['Onion', 'Potato', 'Cotton', 'Tomato', 'Grains', 'Fruits']",Saturday,t,5,w,0.81,1
18,410,Open,P,"['Onion', 'Potato', 'Cotton', 'Tomato', 'Grains', 'Fruits']",Friday,t,5,w,0.9,0
20,151,Closed,P,"['Onion', 'Potato', 'Cotton', 'Tomato', 'Grains', 'Fruits']",Saturday,t,6,w,0.25,0
12,122,Refrigerated,P,"['Onion', 'Potato', 'Cotton', 'Tomato', 'Grains', 'Fruits']",Saturday,t,15,w,0.87,0
18,147,Closed,P,"['Onion', 'Potato', 'Cotton', 'Tomato', 'Grains', 'Fruits']",Wednesday,t,4,w,0.8,0
10,560,Refrigerated,P,"['Onion', 'Potato', 'Cotton', 'Tomato', 'Grains', 'Fruits']",Wednesday,t,14,w,0.78,0
16,282,Refrigerated,P,"['Onion', 'Potato', 'Cotton', 'Tomato', 'Grains', 'Fruits']",Sunday,t,6,w,0.66,0
20,442,Refrigerated,P,"['Onion', 'Potato', 'Cotton', 'Tomato', 'Grains', 'Fruits']",Tuesday,t,5,w,0.42,1
10,233,Closed,P,"['Onion', 'Potato', 'Cotton', 'Tomato', 'Grains', 'Fruits']",Wednesday,t,2,w,0.76,0
12,553,Open,P,"['Onion', 'Potato', 'Cotton', 'Tomato', 'Grains', 'Fruits']",Thursday,t,14,w,0.75,0
14,324,Open,P,"['Onion', 'Potato', 'Cotton', 'Tomato', 'Grains', 'Fruits']",Saturday,t,10,w,0.33,1
14,56,Refrigerated,P,"['Onion', 'Potato', 'Cotton', 'Tomato', 'Grains', 'Fruits']",Sunday,t,14,w,0.83,0
18,590,Closed,P,"['Onion', 'Potato', 'Cotton', 'Tomato', 'Grains', 'Fruits']",Saturday,t,1,w,0.71,1
8,171,Open,P,"['Onion', 'Potato', 'Cotton', 'Tomato', 'Grains', 'Fruits']",Monday,t,14,w,0.95,0
14,334,Refrigerated,P,"['Onion', 'Potato', 'Cotton', 'Tomato', 'Grains', 'Fruits']",Thursday,t,2,w,0.8,0
6,144,Refrigerated,P,"['Onion', 'Potato', 'Cotton', 'Tomato', 'Grains', 'Fruits']",Monday,t,7,w,0.95,1
10,451,Refrigerated,P,"['Onion', 'Potato', 'Cotton', 'Tomato', 'Grains', 'Fruits']",Wednesday,t,12,w,0.55,0
18,421,Refrigerated,P,"['Onion', 'Potato', 'Cotton', 'Tomato', 'Grains', 'Fruits']",Tuesday,t,15,w,0.93,1
6,493,Refrigerated,P,"['Onion', 'Potato', 'Cotton', 'Tomato', 'Grains', 'Fruits']",Friday,t,4,w,0.38,1
18,240,Open,P,"['Onion', 'Potato', 'Cotton', 'Tomato', 'Grains', 'Fruits']",Saturday,t,0,w,0.83,0
16,275,Closed,P,"['Onion', 'Potato', 'Cotton', 'Tomato', 'Grains', 'Fruits']",Sunday,t,10,w,0.78,1
6,552,Refrigerated,P,"['Onion', 'Potato', 'Cotton', 'Tomato', 'Grains', 'Fruits']",Saturday,t,4,w,0.25,1
8,410,Open,P,"['Onion', 'Potato', 'Cotton', 'Tomato', 'Grains', 'Fruits']",Monday,t,13,w,0.29,1
20,109,Closed,P,"['Onion', 'Potato', 'Cotton', 'Tomato', 'Grains', 'Fruits']",Wednesday,t,3,w,0.69,0
20,503,Refrigerated,P,"['Onion', 'Potato', 'Cotton', 'Tomato', 'Grains', 'Fruits']",Saturday,t,3,w,0.51,0
18,99,Refrigerated,P,"['Onion', 'Potato', 'Cotton', 'Tomato', 'Grains', 'Fruits']",Wednesday,t,2,w,0.31,1
6,575,Refrigerated,P,"['Onion', 'Potato', 'Cotton', 'Tomato', 'Grains', 'Fruits']",Friday,t,15,w,0.84,0
10,312,Open,P,"['Onion', 'Potato', 'Cotton', 'Tomato', 'Grains', 'Fruits']",Wednesday,t,12,w,0.95,0
10,289,Open,P,"['Onion', 'Potato', 'Cotton', 'Tomato', 'Grains', 'Fruits']",Friday,t,2,w,0.39,1
16,66,Open,P,"['Onion', 'Potato', 'Cotton', 'Tomato', 'Grains', 'Fruits']",Sunday,t,12,w,0.84,1
16,441,Closed,P,"['Onion', 'Potato', 'Cotton', 'Tomato', 'Grains', 'Fruits']",Wednesday,t,5,w,0.91,1
8,295,Closed,P,"['Onion', 'Potato', 'Cotton', 'Tomato', 'Grains', 'Fruits']",Thursday,t,1,w,0.7,0
12,158,Closed,P,"['Onion', 'Potato', 'Cotton', 'Tomato', 'Grains', 'Fruits']",Saturday,t,15,w,0.8,0
8,423,Open,P,"['Onion', 'Potato', 'Cotton', 'Tomato', 'Grains', 'Fruits']",Saturday,t,12,w,0.22,0
14,492,Refrigerated,P,"['Onion', 'Potato', 'Cotton', 'Tomato', 'Grains', 'Fruits']",Wednesday,t,1,w,0.71,1
12,311,Open,P,"['Onion', 'Potato', 'Cotton', 'Tomato', 'Grains', 'Fruits']",Friday,t,2,w,0.53,1
6,562,Closed,P,"['Onion', 'Potato', 'Cotton', 'Tomato', 'Grains', 'Fruits']",Saturday,t,2,w,0.43,0
18,448,Open,P,"['Onion', 'Potato', 'Cotton', 'Tomato', 'Grains', 'Fruits']",Thursday,t,4,w,0.32,0
20,101,Refrigerated,P,"['Onion', 'Potato', 'Cotton', 'Tomato', 'Grains', 'Fruits']",Wednesday,t,4,w,0.95,0
20,546,Refrigerated,P,"['Onion', 'Potato', 'Cotton', 'Tomato', 'Grains', 'Fruits']",Saturday,t,5,w,0.95,1
8,424,Open,P,"['Onion', 'Potato', 'Cotton', 'Tomato', 'Grains', 'Fruits']",Monday,t,11,w,0.33,1
14,529,Closed,P,"['Onion', 'Potato', 'Cotton', 'Tomato', 'Grains', 'Fruits']",Saturday,t,8,w,0.85,1
16,127,Refrigerated,P,"['Onion', 'Potato', 'Cotton', 'Tomato', 'Grains', 'Fruits']",Monday,t,4,w,0.37,0
10,198,Closed,P,"['Onion', 'Potato', 'Cotton', 'Tomato', 'Grains', 'Fruits']",Saturday,t,1,w,0.63,1
10,290,Refrigerated,P,"['Onion', 'Potato', 'Cotton', 'Tomato', 'Grains', 'Fruits']",Saturday,t,8,w,0.72,0
8,296,Refrigerated,P,"['Onion', 'Potato', 'Cotton', 'Tomato', 'Grains', 'Fruits']",Monday,t,10,w,0.56,0
16,155,Open,P,"['Onion', 'Potato', 'Cotton', 'Tomato', 'Grains', 'Fruits']",Wednesday,t,5,w,0.55,0
20,298,Open,P,"['Onion', 'Potato', 'Cotton', 'Tomato', 'Grains', 'Fruits']",Wednesday,t,10,w,0.71,1
12,307,Refrigerated,P,"['Onion', 'Potato', 'Cotton', 'Tomato', 'Grains', 'Fruits']",Monday,t,11,w,0.79,0
18,219,Refrigerated,P,"['Onion', 'Potato', 'Cotton', 'Tomato', 'Grains', 'Fruits']",Thursday,t,7,w,0.21,1
16,383,Refrigerated,P,"['Onion', 'Potato', 'Cotton', 'Tomato', 'Grains', 'Fruits']",Wednesday,t,9,w,0.56,1
18,241,Closed,P,"['Onion', 'Potato', 'Cotton', 'Tomato', 'Grains', 'Fruits']",Friday,t,5,w,0.85,1
18,211,Refrigerated,P,"['Onion', 'Potato', 'Cotton', 'Tomato', 'Grains', 'Fruits']",Sunday,t,6,w,0.21,0
10,189,Closed,P,"['Onion', 'Potato', 'Cotton', 'Tomato', 'Grains', 'Fruits']",Sunday,t,2,w,0.95,1
8,428,Open,P,"['Onion', 'Potato', 'Cotton', 'Tomato', 'Grains', 'Fruits']",Saturday,t,0,w,0.83,0
14,504,Closed,P,"['Onion', 'Potato', 'Cotton', 'Tomato', 'Grains', 'Fruits']",Sunday,t,13,w,0.75,0
20,58,Refrigerated,P,"['Onion', 'Potato', 'Cotton', 'Tomato', 'Grains', 'Fruits']",Sunday,t,7,w,0.6,0
8,230,Refrigerated,P,"['Onion', 'Potato', 'Cotton', 'Tomato', 'Grains', 'Fruits']",Saturday,t,12,w,0.54,0
20,448,Closed,P,"['Onion', 'Potato', 'Cotton', 'Tomato', 'Grains', 'Fruits']",Wednesday,t,5,w,0.9,1
6,260,Closed,P,"['Onion', 'Potato', 'Cotton', 'Tomato', 'Grains', 'Fruits']",Sunday,t,8,w,0.64,0
12,580,Open,P,"['Onion', 'Potato', 'Cotton', 'Tomato', 'Grains', 'Fruits']",Monday,t,1,w,0.63,1
14,398,Open,P,"['Onion', 'Potato', 'Cotton', 'Tomato', 'Grains', 'Fruits']",Thursday,t,4,w,0.25,0
18,65,Closed,P,"['Onion', 'Potato', 'Cotton', 'Tomato', 'Grains', 'Fruits']",Thursday,t,15,w,0.76,0
6,418,Closed,P,"['Onion', 'Potato', 'Cotton', 'Tomato', 'Grains', 'Fruits']",Saturday,t,5,w,0.67,1
14,125,Open,P,"['Onion', 'Potato', 'Cotton', 'Tomato', 'Grains', 'Fruits']",Wednesday,t,0,w,0.77,1
6,521,Open,P,"['Onion', 'Potato', 'Cotton', 'Tomato', 'Grains', 'Fruits']",Friday,t,6,w,0.22,1
6,569,Refrigerated,P,"['Onion', 'Potato', 'Cotton', 'Tomato', 'Grains', 'Fruits']",Friday,t,8,w,0.36,1
8,253,Open,P,"['Onion', 'Potato', 'Cotton', 'Tomato', 'Grains', 'Fruits']",Sunday,t,15,w,0.36,0
8,127,Refrigerated,P,"['Onion', 'Potato', 'Cotton', 'Tomato', 'Grains', 'Fruits']",Sunday,t,7,w,0.72,0
20,549,Closed,P,"['Onion', 'Potato', 'Cotton', 'Tomato', 'Grains', 'Fruits']",Friday,t,5,w,0.62,0
8,588,Refrigerated,P,"['Onion', 'Potato', 'Cotton', 'Tomato', 'Grains', 'Fruits']",Wednesday,t,5,w,0.74,1
8,213,Closed,P,"['Onion', 'Potato', 'Cotton', 'Tomato', 'Grains', 'Fruits']",Friday,t,9,w,0.21,0
8,186,Open,P,"['Onion', 'Potato', 'Cotton', 'Tomato', 'Grains', 'Fruits']",Friday,t,14,w,0.43,0
20,372,Refrigerated,P,"['Onion', 'Potato', 'Cotton', 'Tomato', 'Grains', 'Fruits']",Sunday,t,10,w,0.22,0
8,440,Closed,P,"['Onion', 'Potato', 'Cotton', 'Tomato', 'Grains', 'Fruits']",Sunday,t,5,w,0.27,1
16,280,Open,P,"['Onion', 'Potato', 'Cotton', 'Tomato', 'Grains', 'Fruits']",Monday,t,14,w,0.77,0
10,209,Open,P,"['Onion', 'Potato', 'Cotton', 'Tomato', 'Grains', 'Fruits']",Monday,t,14,w,0.33,0
8,369,Open,P,"['Onion', 'Potato', 'Cotton', 'Tomato', 'Grains', 'Fruits']",Sunday,t,12,w,0.26,0
6,526,Closed,P,"['Onion', 'Potato', 'Cotton', 'Tomato', 'Grains', 'Fruits']",Thursday,t,1,w,0.47,1
6,494,Refrigerated,P,"['Onion', 'Potato', 'Cotton', 'Tomato', 'Grains', 'Fruits']",Saturday,t,7,w,0.92,1
18,241,Closed,P,"['Onion', 'Potato', 'Cotton', 'Tomato', 'Grains', 'Fruits']",Wednesday,t,1,w,0.83,1
8,546,Open,P,"['Onion', 'Potato', 'Cotton', 'Tomato', 'Grains', 'Fruits']",Wednesday,t,10,w,0.36,1
18,503,Open,P,"['Onion', 'Potato', 'Cotton', 'Tomato', 'Grains', 'Fruits']",Sunday,t,9,w,0.56,0
16,479,Closed,P,"['Onion', 'Potato', 'Cotton', 'Tomato', 'Grains', 'Fruits']",Tuesday,t,1,w,0.8,0
16,542,Closed,P,"['Onion', 'Potato', 'Cotton', 'Tomato', 'Grains', 'Fruits']",Tuesday,t,10,w,0.73,0
8,451,Open,P,"['Onion', 'Potato', 'Cotton', 'Tomato', 'Grains', 'Fruits']",Thursday,t,1,w,0.74,1
8,324,Closed,P,"['Onion', 'Potato', 'Cotton', 'Tomato', 'Grains', 'Fruits']",Monday,t,7,w,0.78,0
16,573,Refrigerated,P,"['Onion', 'Potato', 'Cotton', 'Tomato', 'Grains', 'Fruits']",Thursday,t,5,w,0.27,0
6,193,Open,P,"['Onion', 'Potato', 'Cotton', 'Tomato', 'Grains', 'Fruits']",Monday,t,12,w,0.28,0
6,465,Refrigerated,P,"['Onion', 'Potato', 'Cotton', 'Tomato', 'Grains', 'Fruits']",Sunday,t,15,w,0.22,1
10,449,Closed,P,"['Onion', 'Potato', 'Cotton', 'Tomato', 'Grains', 'Fruits']",Saturday,t,0,w,0.5,1
10,577,Refrigerated,P,"['Onion', 'Potato', 'Cotton', 'Tomato', 'Grains', 'Fruits']",Tuesday,t,11,w,0.6,0
20,218,Open,P,"['Onion', 'Potato', 'Cotton', 'Tomato', 'Grains', 'Fruits']",Monday,t,15,w,0.87,0
16,282,Closed,P,"['Onion', 'Potato', 'Cotton', 'Tomato', 'Grains', 'Fruits']",Thursday,t,2,w,0.42,0
20,167,Refrigerated,P,"['Onion', 'Potato', 'Cotton', 'Tomato', 'Grains', 'Fruits']",Wednesday,t,6,w,0.85,0
6,102,Open,P,"['Onion', 'Potato', 'Cotton', 'Tomato', 'Grains', 'Fruits']",Saturday,t,13,w,0.43,0
14,188,Closed,P,"['Onion', 'Potato', 'Cotton', 'Tomato', 'Grains', 'Fruits']",Friday,t,6,w,0.67,0
6,583,Open,P,"['Onion', 'Potato', 'Cotton', 'Tomato', 'Grains', 'Fruits']",Wednesday,t,3,w,0.73,0
10,252,Closed,P,"['Onion', 'Potato', 'Cotton', 'Tomato', 'Grains', 'Fruits']",Thursday,t,3,w,0.24,1
16,223,Closed,P,"['Onion', 'Potato', 'Cotton', 'Tomato', 'Grains', 'Fruits']",Tuesday,t,6,w,0.76,0
10,78,Refrigerated,P,"['Onion', 'Potato', 'Cotton', 'Tomato', 'Grains', 'Fruits']",Wednesday,t,15,w,0.4,0
20,87,Closed,P,"['Onion', 'Potato', 'Cotton', 'Tomato', 'Grains', 'Fruits']",Friday,t,3,w,0.34,0
18,155,Open,P,"['Onion', 'Potato', 'Cotton', 'Tomato', 'Grains', 'Fruits']",Sunday,t,11,w,0.91,1
18,341,Closed,P,"['Onion', 'Potato', 'Cotton', 'Tomato', 'Grains', 'Fruits']",Saturday,t,15,w,0.39,1
10,388,Open,P,"['Onion', 'Potato', 'Cotton', 'Tomato', 'Grains', 'Fruits']",Wednesday,t,2,w,0.39,0
10,414,Closed,P,"['Onion', 'Potato', 'Cotton', 'Tomato', 'Grains', 'Fruits']",Friday,t,13,w,0.21,0
8,306,Open,P,"['Onion', 'Potato', 'Cotton', 'Tomato', 'Grains', 'Fruits']",Wednesday,t,4,w,0.38,0
18,395,Refrigerated,P,"['Onion', 'Potato', 'Cotton', 'Tomato', 'Grains', 'Fruits']",Friday,t,1,w,0.34,1
6,396,Open,P,"['Onion', 'Potato', 'Cotton', 'Tomato', 'Grains', 'Fruits']",Thursday,t,7,w,0.75,0
12,589,Closed,P,"['Onion', 'Potato', 'Cotton', 'Tomato', 'Grains', 'Fruits']",Monday,t,15,w,0.79,0
8,175,Refrigerated,P,"['Onion', 'Potato', 'Cotton', 'Tomato', 'Grains', 'Fruits']",Wednesday,t,15,w,0.63,0
20,350,Closed,P,"['Onion', 'Potato', 'Cotton', 'Tomato', 'Grains', 'Fruits']",Saturday,t,0,w,0.64,1
14,303,Refrigerated,P,"['Onion', 'Potato', 'Cotton', 'Tomato', 'Grains', 'Fruits']",Sunday,t,15,w,0.61,0
16,431,Closed,P,"['Onion', 'Potato', 'Cotton', 'Tomato', 'Grains', 'Fruits']",Thursday,t,14,w,0.62,0
10,537,Open,P,"['Onion', 'Potato', 'Cotton', 'Tomato', 'Grains', 'Fruits']",Wednesday,t,15,w,0.34,0
6,384,Closed,P,"['Onion', 'Potato', 'Cotton', 'Tomato', 'Grains', 'Fruits']",Sunday,t,3,w,0.25,1
20,456,Refrigerated,P,"['Onion', 'Potato', 'Cotton', 'Tomato', 'Grains', 'Fruits']",Tuesday,t,12,w,0.68,1
16,138,Refrigerated,P,"['Onion', 'Potato', 'Cotton', 'Tomato', 'Grains', 'Fruits']",Thursday,t,5,w,0.34,0
20,306,Refrigerated,P,"['Onion', 'Potato', 'Cotton', 'Tomato', 'Grains', 'Fruits']",Thursday,t,1,w,0.36,0
12,344,Open,P,"['Onion', 'Potato', 'Cotton', 'Tomato', 'Grains', 'Fruits']",Wednesday,t,3,w,0.76,1
8,343,Closed,P,"['Onion', 'Potato', 'Cotton', 'Tomato', 'Grains', 'Fruits']",Tuesday,t,14,w,0.39,0
12,402,Closed,P,"['Onion', 'Potato', 'Cotton', 'Tomato', 'Grains', 'Fruits']",Wednesday,t,11,w,0.85,0
12,115,Refrigerated,P,"['Onion', 'Potato', 'Cotton', 'Tomato', 'Grains', 'Fruits']",Sunday,t,10,w,0.5,0
6,64,Refrigerated,P,"['Onion', 'Potato', 'Cotton', 'Tomato', 'Grains', 'Fruits']",Tuesday,t,1,w,0.42,1
8,464,Closed,P,"['Onion', 'Potato', 'Cotton', 'Tomato', 'Grains', 'Fruits']",Monday,t,8,w,0.58,0
10,338,Closed,P,"['Onion', 'Potato', 'Cotton', 'Tomato', 'Grains', 'Fruits']",Sunday,t,5,w,0.25,0
6,518,Open,P,"['Onion', 'Potato', 'Cotton', 'Tomato', 'Grains', 'Fruits']",Sunday,t,2,w,0.62,1
12,512,Open,P,"['Onion', 'Potato', 'Cotton', 'Tomato', 'Grains', 'Fruits']",Friday,t,0,w,0.45,1
12,333,Refrigerated,P,"['Onion', 'Potato', 'Cotton', 'Tomato', 'Grains', 'Fruits']",Saturday,t,12,w,0.57,1
20,252,Refrigerated,P,"['Onion', 'Potato', 'Cotton', 'Tomato', 'Grains', 'Fruits']",Friday,t,6,w,0.89,1
10,549,Refrigerated,P,"['Onion', 'Potato', 'Cotton', 'Tomato', 'Grains', 'Fruits']",Friday,t,11,w,0.87,1
12,84,Open,P,"['Onion', 'Potato', 'Cotton', 'Tomato', 'Grains', 'Fruits']",Tuesday,t,15,w,0.51,1
14,124,Refrigerated,P,"['Onion', 'Potato', 'Cotton', 'Tomato', 'Grains', 'Fruits']",Sunday,t,12,w,0.32,0
6,533,Open,P,"['Onion', 'Potato', 'Cotton', 'Tomato', 'Grains', 'Fruits']",Saturday,t,2,w,0.45,1
18,542,Refrigerated,P,"['Onion', 'Potato', 'Cotton', 'Tomato', 'Grains', 'Fruits']",Tuesday,t,14,w,0.65,0
12,109,Refrigerated,P,"['Onion', 'Potato', 'Cotton', 'Tomato', 'Grains', 'Fruits']",Sunday,t,14,w,0.41,1
16,300,Closed,P,"['Onion', 'Potato', 'Cotton', 'Tomato', 'Grains', 'Fruits']",Tuesday,t,1,w,0.33,1
8,137,Closed,P,"['Onion', 'Potato', 'Cotton', 'Tomato', 'Grains', 'Fruits']",Sunday,t,7,w,0.81,0
8,336,Closed,P,"['Onion', 'Potato', 'Cotton', 'Tomato', 'Grains', 'Fruits']",Monday,t,8,w,0.84,0
14,351,Closed,P,"['Onion', 'Potato', 'Cotton', 'Tomato', 'Grains', 'Fruits']",Sunday,t,1,w,0.77,0
14,565,Closed,P,"['Onion', 'Potato', 'Cotton', 'Tomato', 'Grains', 'Fruits']",Tuesday,t,14,w,0.73,1
10,512,Closed,P,"['Onion', 'Potato', 'Cotton', 'Tomato', 'Grains', 'Fruits']",Monday,t,6,w,0.68,0
6,486,Closed,P,"['Onion', 'Potato', 'Cotton', 'Tomato', 'Grains', 'Fruits']",Wednesday,t,13,w,0.68,0
12,302,Closed,P,"['Onion', 'Potato', 'Cotton', 'Tomato', 'Grains', 'Fruits']",Thursday,t,8,w,0.37,0
20,587,Closed,P,"['Onion', 'Potato', 'Cotton', 'Tomato', 'Grains', 'Fruits']",Saturday,t,10,w,0.51,0
12,500,Closed,P,"['Onion', 'Potato', 'Cotton', 'Tomato', 'Grains', 'Fruits']",Friday,t,6,w,0.23,1
6,236,Closed,P,"['Onion', 'Potato', 'Cotton', 'Tomato', 'Grains', 'Fruits']",Thursday,t,4,w,0.94,1
16,123,Closed,P,"['Onion', 'Potato', 'Cotton', 'Tomato', 'Grains', 'Fruits']",Saturday,t,7,w,0.74,0
14,52,Open,P,"['Onion', 'Potato', 'Cotton', 'Tomato', 'Grains', 'Fruits']",Wednesday,t,15,w,0.27,0
6,574,Refrigerated,P,"['Onion', 'Potato', 'Cotton', 'Tomato', 'Grains', 'Fruits']",Wednesday,t,3,w,0.59,1
20,53,Closed,P,"['Onion', 'Potato', 'Cotton', 'Tomato', 'Grains', 'Fruits']",Friday,t,2,w,0.3,1
20,425,Refrigerated,P,"['Onion', 'Potato', 'Cotton', 'Tomato', 'Grains', 'Fruits']",Tuesday,t,1,w,0.87,1
16,377,Closed,P,"['Onion', 'Potato', 'Cotton', 'Tomato', 'Grains', 'Fruits']",Friday,t,6,w,0.62,0
20,53,Closed,P,"['Onion', 'Potato', 'Cotton', 'Tomato', 'Grains', 'Fruits']",Monday,t,10,w,0.36,0
14,168,Open,P,"['Onion', 'Potato', 'Cotton', 'Tomato', 'Grains', 'Fruits']",Monday,t,13,w,0.82,0
8,401,Open,P,"['Onion', 'Potato', 'Cotton', 'Tomato', 'Grains', 'Fruits']",Thursday,t,12,w,0.8,0
16,435,Refrigerated,P,"['Onion', 'Potato', 'Cotton', 'Tomato', 'Grains', 'Fruits']",Saturday,t,2,w,0.36,1
18,512,Closed,P,"['Onion', 'Potato', 'Cotton', 'Tomato', 'Grains', 'Fruits']",Wednesday,t,8,w,0.79,1
10,477,Open,P,"['Onion', 'Potato', 'Cotton', 'Tomato', 'Grains', 'Fruits']",Tuesday,t,5,w,0.66,0
18,436,Refrigerated,P,"['Onion', 'Potato', 'Cotton', 'Tomato', 'Grains', 'Fruits']",Friday,t,14,w,0.59,1
6,247,Closed,P,"['Onion', 'Potato', 'Cotton', 'Tomato', 'Grains', 'Fruits']",Wednesday,t,8,w,0.28,1
12,510,Refrigerated,P,"['Onion', 'Potato', 'Cotton', 'Tomato', 'Grains', 'Fruits']",Sunday,t,5,w,0.86,0
14,270,Open,P,"['Onion', 'Potato', 'Cotton', 'Tomato', 'Grains', 'Fruits']",Monday,t,8,w,0.45,0
6,91,Closed,P,"['Onion', 'Potato', 'Cotton', 'Tomato', 'Grains', 'Fruits']",Wednesday,t,12,w,0.3,0
12,479,Closed,P,"['Onion', 'Potato', 'Cotton', 'Tomato', 'Grains', 'Fruits']",Sunday,t,14,w,0.69,0
6,341,Open,P,"['Onion', 'Potato', 'Cotton', 'Tomato', 'Grains', 'Fruits']",Thursday,t,14,w,0.92,0
12,181,Refrigerated,P,"['Onion', 'Potato', 'Cotton', 'Tomato', 'Grains', 'Fruits']",Wednesday,t,15,w,0.55,0
16,512,Refrigerated,P,"['Onion', 'Potato', 'Cotton', 'Tomato', 'Grains', 'Fruits']",Sunday,t,0,w,0.45,0
14,355,Open,P,"['Onion', 'Potato', 'Cotton', 'Tomato', 'Grains', 'Fruits']",Thursday,t,12,w,0.92,0
20,326,Refrigerated,P,"['Onion', 'Potato', 'Cotton', 'Tomato', 'Grains', 'Fruits']",Sunday,t,0,w,0.59,0
14,175,Refrigerated,P,"['Onion', 'Potato', 'Cotton', 'Tomato', 'Grains', 'Fruits']",Wednesday,t,9,w,0.72,0
14,240,Closed,P,"['Onion', 'Potato', 'Cotton', 'Tomato', 'Grains', 'Fruits']",Thursday,t,11,w,0.4,0
18,115,Open,P,"['Onion', 'Potato', 'Cotton', 'Tomato', 'Grains', 'Fruits']",Wednesday,t,5,w,0.41,0
8,301,Refrigerated,P,"['Onion', 'Potato', 'Cotton', 'Tomato', 'Grains', 'Fruits']",Wednesday,t,0,w,0.54,0
6,283,Closed,P,"['Onion', 'Potato', 'Cotton', 'Tomato', 'Grains', 'Fruits']",Friday,t,0,w,0.6,1
20,416,Open,P,"['Onion', 'Potato', 'Cotton', 'Tomato', 'Grains', 'Fruits']",Tuesday,t,5,w,0.5,0
20,361,Refrigerated,P,"['Onion', 'Potato', 'Cotton', 'Tomato', 'Grains', 'Fruits']",Sunday,t,2,w,0.78,1
18,466,Refrigerated,P,"['Onion', 'Potato', 'Cotton', 'Tomato', 'Grains', 'Fruits']",Saturday,t,2,w,0.88,0
18,262,Refrigerated,P,"['Onion', 'Potato', 'Cotton', 'Tomato', 'Grains', 'Fruits']",Tuesday,t,6,w,0.76,0
18,360,Open,P,"['Onion', 'Potato', 'Cotton', 'Tomato', 'Grains', 'Fruits']",Thursday,t,11,w,0.63,0
12,453,Closed,P,"['Onion', 'Potato', 'Cotton', 'Tomato', 'Grains', 'Fruits']",Sunday,t,8,w,0.42,0
18,224,Open,P,"['Onion', 'Potato', 'Cotton', 'Tomato', 'Grains', 'Fruits']",Sunday,t,5,w,0.87,1
6,74,Refrigerated,P,"['Onion', 'Potato', 'Cotton', 'Tomato', 'Grains', 'Fruits']",Sunday,t,11,w,0.84,0
16,458,Refrigerated,P,"['Onion', 'Potato', 'Cotton', 'Tomato', 'Grains', 'Fruits']",Friday,t,1,w,0.9,0
12,141,Closed,P,"['Onion', 'Potato', 'Cotton', 'Tomato', 'Grains', 'Fruits']",Sunday,t,0,w,0.87,1
20,384,Refrigerated,P,"['Onion', 'Potato', 'Cotton', 'Tomato', 'Grains', 'Fruits']",Saturday,t,14,w,0.59,1
10,541,Closed,P,"['Onion', 'Potato', 'Cotton', 'Tomato', 'Grains', 'Fruits']",Sunday,t,7,w,0.82,0
14,208,Open,P,"['Onion', 'Potato', 'Cotton', 'Tomato', 'Grains', 'Fruits']",Friday,t,8,w,0.54,1
10,422,Open,P,"['Onion', 'Potato', 'Cotton', 'Tomato', 'Grains', 'Fruits']",Wednesday,t,0,w,0.26,1
20,301,Refrigerated,P,"['Onion', 'Potato', 'Cotton', 'Tomato', 'Grains', 'Fruits']",Saturday,t,11,w,0.36,0
16,338,Closed,P,"['Onion', 'Potato', 'Cotton', 'Tomato', 'Grains', 'Fruits']",Tuesday,t,7,w,0.75,0
18,316,Closed,P,"['Onion', 'Potato', 'Cotton', 'Tomato', 'Grains', 'Fruits']",Monday,t,3,w,0.71,0
16,318,Open,P,"['Onion', 'Potato', 'Cotton', 'Tomato', 'Grains', 'Fruits']",Saturday,t,4,w,0.8,0
8,304,Refrigerated,P,"['Onion', 'Potato', 'Cotton', 'Tomato', 'Grains', 'Fruits']",Saturday,t,10,w,0.38,0
20,329,Refrigerated,P,"['Onion', 'Potato', 'Cotton', 'Tomato', 'Grains', 'Fruits']",Friday,t,0,w,0.72,0
14,103,Closed,P,"['Onion', 'Potato', 'Cotton', 'Tomato', 'Grains', 'Fruits']",Sunday,t,13,w,0.26,0
18,161,Open,P,"['Onion', 'Potato', 'Cotton', 'Tomato', 'Grains', 'Fruits']",Sunday,t,6,w,0.32,1
8,373,Refrigerated,P,"['Onion', 'Potato', 'Cotton', 'Tomato', 'Grains', 'Fruits']",Thursday,t,7,w,0.4,1
6,378,Closed,P,"['Onion', 'Potato', 'Cotton', 'Tomato', 'Grains', 'Fruits']",Monday,t,6,w,0.63,1
20,558,Open,P,"['Onion', 'Potato', 'Cotton', 'Tomato', 'Grains', 'Fruits']",Sunday,t,6,w,0.84,0
12,240,Refrigerated,P,"['Onion', 'Potato', 'Cotton', 'Tomato', 'Grains', 'Fruits']",Thursday,t,0,w,0.71,1
16,441,Open,P,"['Onion', 'Potato', 'Cotton', 'Tomato', 'Grains', 'Fruits']",Friday,t,11,w,0.8,0
12,284,Refrigerated,P,"['Onion', 'Potato', 'Cotton', 'Tomato', 'Grains', 'Fruits']",Friday,t,6,w,0.22,1
16,505,Refrigerated,P,"['Onion', 'Potato', 'Cotton', 'Tomato', 'Grains', 'Fruits']",Friday,t,0,w,0.56,0
12,506,Refrigerated,P,"['Onion', 'Potato', 'Cotton', 'Tomato', 'Grains', 'Fruits']",Monday,t,13,w,0.67,0
14,463,Refrigerated,P,"['Onion', 'Potato', 'Cotton', 'Tomato', 'Grains', 'Fruits']",Sunday,t,9,w,0.85,0
18,528,Open,P,"['Onion', 'Potato', 'Cotton', 'Tomato', 'Grains', 'Fruits']",Tuesday,t,3,w,0.47,1
6,185,Open,P,"['Onion', 'Potato', 'Cotton', 'Tomato', 'Grains', 'Fruits']",Wednesday,t,1,w,0.5,0
20,344,Open,P,"['Onion', 'Potato', 'Cotton', 'Tomato', 'Grains', 'Fruits']",Saturday,t,8,w,0.56,0
6,202,Closed,P,"['Onion', 'Potato', 'Cotton', 'Tomato', 'Grains', 'Fruits']",Sunday,t,0,w,0.38,1
6,173,Open,P,"['Onion', 'Potato', 'Cotton', 'Tomato', 'Grains', 'Fruits']",Monday,t,12,w,0.88,0
8,454,Refrigerated,P,"['Onion', 'Potato', 'Cotton', 'Tomato', 'Grains', 'Fruits']",Tuesday,t,2,w,0.51,1
6,550,Refrigerated,P,"['Onion', 'Potato', 'Cotton', 'Tomato', 'Grains', 'Fruits']",Wednesday,t,14,w,0.52,0
6,303,Open,P,"['Onion', 'Potato', 'Cotton', 'Tomato', 'Grains', 'Fruits']",Monday,t,2,w,0.26,1
8,388,Open,P,"['Onion', 'Potato', 'Cotton', 'Tomato', 'Grains', 'Fruits']",Monday,t,9,w,0.81,0
14,265,Open,P,"['Onion', 'Potato', 'Cotton', 'Tomato', 'Grains', 'Fruits']",Monday,t,4,w,0.27,1
14,441,Refrigerated,P,"['Onion', 'Potato', 'Cotton', 'Tomato', 'Grains', 'Fruits']",Wednesday,t,3,w,0.49,1
20,292,Closed,P,"['Onion', 'Potato', 'Cotton', 'Tomato', 'Grains', 'Fruits']",Friday,t,2,w,0.29,1
10,76,Refrigerated,P,"['Onion', 'Potato', 'Cotton', 'Tomato', 'Grains', 'Fruits']",Thursday,t,3,w,0.54,0
14,526,Refrigerated,P,"['Onion', 'Potato', 'Cotton', 'Tomato', 'Grains', 'Fruits']",Saturday,t,11,w,0.77,1
12,280,Closed,P,"['Onion', 'Potato', 'Cotton', 'Tomato', 'Grains', 'Fruits']",Sunday,t,8,w,0.9,0
6,272,Refrigerated,P,"['Onion', 'Potato', 'Cotton', 'Tomato', 'Grains', 'Fruits']",Friday,t,12,w,0.32,0
14,373,Open,P,"['Onion', 'Potato', 'Cotton', 'Tomato', 'Grains', 'Fruits']",Wednesday,t,0,w,0.66,1
20,83,Open,P,"['Onion', 'Potato', 'Cotton', 'Tomato', 'Grains', 'Fruits']",Tuesday,t,14,w,0.45,1
18,347,Refrigerated,P,"['Onion', 'Potato', 'Cotton', 'Tomato', 'Grains', 'Fruits']",Thursday,t,4,w,0.26,0
12,103,Open,P,"['Onion', 'Potato', 'Cotton', 'Tomato', 'Grains', 'Fruits']",Friday,t,2,w,0.8,1
12,304,Open,P,"['Onion', 'Potato', 'Cotton', 'Tomato', 'Grains', 'Fruits']",Sunday,t,0,w,0.86,1
16,564,Open,P,"['Onion', 'Potato', 'Cotton', 'Tomato', 'Grains', 'Fruits']",Wednesday,t,1,w,0.94,0
20,179,Open,P,"['Onion', 'Potato', 'Cotton', 'Tomato', 'Grains', 'Fruits']",Tuesday,t,3,w,0.59,0
8,514,Closed,P,"['Onion', 'Potato', 'Cotton', 'Tomato', 'Grains', 'Fruits']",Tuesday,t,4,w,0.45,1
20,167,Open,P,"['Onion', 'Potato', 'Cotton', 'Tomato', 'Grains', 'Fruits']",Thursday,t,12,w,0.59,0
14,153,Closed,P,"['Onion', 'Potato', 'Cotton', 'Tomato', 'Grains', 'Fruits']",Tuesday,t,9,w,0.61,0
14,240,Closed,P,"['Onion', 'Potato', 'Cotton', 'Tomato', 'Grains', 'Fruits']",Wednesday,t,14,w,0.6,0
20,543,Open,P,"['Onion', 'Potato', 'Cotton', 'Tomato', 'Grains', 'Fruits']",Monday,t,12,w,0.37,0
12,541,Refrigerated,P,"['Onion', 'Potato', 'Cotton', 'Tomato', 'Grains', 'Fruits']",Monday,t,0,w,0.73,1
8,409,Refrigerated,P,"['Onion', 'Potato', 'Cotton', 'Tomato', 'Grains', 'Fruits']",Friday,t,7,w,0.37,1
20,204,Closed,P,"['Onion', 'Potato', 'Cotton', 'Tomato', 'Grains', 'Fruits']",Monday,t,11,w,0.72,0
14,143,Closed,P,"['Onion', 'Potato', 'Cotton', 'Tomato', 'Grains', 'Fruits']",Sunday,t,13,w,0.61,1
18,457,Open,P,"['Onion', 'Potato', 'Cotton', 'Tomato', 'Grains', 'Fruits']",Monday,t,11,w,0.68,0
14,259,Closed,P,"['Onion', 'Potato', 'Cotton', 'Tomato', 'Grains', 'Fruits']",Wednesday,t,1,w,0.53,0
12,341,Closed,P,"['Onion', 'Potato', 'Cotton', 'Tomato', 'Grains', 'Fruits']",Wednesday,t,3,w,0.55,0
20,347,Open,P,"['Onion', 'Potato', 'Cotton', 'Tomato', 'Grains', 'Fruits']",Friday,t,9,w,0.43,1
18,590,Open,P,"['Onion', 'Potato', 'Cotton', 'Tomato', 'Grains', 'Fruits']",Friday,t,0,w,0.64,1
10,91,Refrigerated,P,"['Onion', 'Potato', 'Cotton', 'Tomato', 'Grains', 'Fruits']",Wednesday,t,4,w,0.3,1
8,241,Closed,P,"['Onion', 'Potato', 'Cotton', 'Tomato', 'Grains', 'Fruits']",Tuesday,t,12,w,0.37,0
20,308,Closed,P,"['Onion', 'Potato', 'Cotton', 'Tomato', 'Grains', 'Fruits']",Thursday,t,5,w,0.43,1
16,167,Closed,P,"['Onion', 'Potato', 'Cotton', 'Tomato', 'Grains', 'Fruits']",Monday,t,11,w,0.55,0
10,354,Closed,P,"['Onion', 'Potato', 'Cotton', 'Tomato', 'Grains', 'Fruits']",Saturday,t,0,w,0.21,0
20,316,Refrigerated,P,"['Onion', 'Potato', 'Cotton', 'Tomato', 'Grains', 'Fruits']",Saturday,t,15,w,0.51,0
8,281,Refrigerated,P,"['Onion', 'Potato', 'Cotton', 'Tomato', 'Grains', 'Fruits']",Monday,t,14,w,0.23,1
16,343,Refrigerated,P,"['Onion', 'Potato', 'Cotton', 'Tomato', 'Grains', 'Fruits']",Saturday,t,8,w,0.3,0
8,446,Open,P,"['Onion', 'Potato', 'Cotton', 'Tomato', 'Grains', 'Fruits']",Wednesday,t,9,w,0.57,1
18,159,Closed,P,"['Onion', 'Potato', 'Cotton', 'Tomato', 'Grains', 'Fruits']",Monday,t,1,w,0.42,0
8,223,Refrigerated,P,"['Onion', 'Potato', 'Cotton', 'Tomato', 'Grains', 'Fruits']",Sunday,t,8,w,0.62,1
8,187,Closed,P,"['Onion', 'Potato', 'Cotton', 'Tomato', 'Grains', 'Fruits']",Monday,t,14,w,0.72,0
16,249,Refrigerated,P,"['Onion', 'Potato', 'Cotton', 'Tomato', 'Grains', 'Fruits']",Sunday,t,14,w,0.4,0
6,588,Open,P,"['Onion', 'Potato', 'Cotton', 'Tomato', 'Grains', 'Fruits']",Monday,t,5,w,0.85,1
18,383,Refrigerated,P,"['Onion', 'Potato', 'Cotton', 'Tomato', 'Grains', 'Fruits']",Monday,t,7,w,0.52,0
16,513,Open,P,"['Onion', 'Potato', 'Cotton', 'Tomato', 'Grains', 'Fruits']",Tuesday,t,12,w,0.51,1
6,58,Closed,P,"['Onion', 'Potato', 'Cotton', 'Tomato', 'Grains', 'Fruits']",Saturday,t,0,w,0.72,1
12,517,Refrigerated,P,"['Onion', 'Potato', 'Cotton', 'Tomato', 'Grains', 'Fruits']",Friday,t,15,w,0.79,0
6,245,Open,P,"['Onion', 'Potato', 'Cotton', 'Tomato', 'Grains', 'Fruits']",Monday,t,2,w,0.63,1
20,437,Refrigerated,P,"['Onion', 'Potato', 'Cotton', 'Tomato', 'Grains', 'Fruits']",Tuesday,t,11,w,0.25,0
6,506,Open,P,"['Onion', 'Potato', 'Cotton', 'Tomato', 'Grains', 'Fruits']",Thursday,t,5,w,0.84,0
18,271,Closed,P,"['Onion', 'Potato', 'Cotton', 'Tomato', 'Grains', 'Fruits']",Wednesday,t,12,w,0.62,0
20,325,Refrigerated,P,"['Onion', 'Potato', 'Cotton', 'Tomato', 'Grains', 'Fruits']",Wednesday,t,1,w,0.78,0
16,421,Refrigerated,P,"['Onion', 'Potato', 'Cotton', 'Tomato', 'Grains', 'Fruits']",Thursday,t,7,w,0.5,0
8,495,Open,P,"['Onion', 'Potato', 'Cotton', 'Tomato', 'Grains', 'Fruits']",Wednesday,t,15,w,0.36,1
18,138,Closed,P,"['Onion', 'Potato', 'Cotton', 'Tomato', 'Grains', 'Fruits']",Sunday,t,2,w,0.55,0
6,241,Closed,P,"['Onion', 'Potato', 'Cotton', 'Tomato', 'Grains', 'Fruits']",Wednesday,t,8,w,0.81,0
8,534,Refrigerated,P,"['Onion', 'Potato', 'Cotton', 'Tomato', 'Grains', 'Fruits']",Friday,t,10,w,0.6,0
6,95,Refrigerated,P,"['Onion', 'Potato', 'Cotton', 'Tomato', 'Grains', 'Fruits']",Thursday,t,12,w,0.75,0
20,239,Open,P,"['Onion', 'Potato', 'Cotton', 'Tomato', 'Grains', 'Fruits']",Friday,t,11,w,0.8,0
14,265,Refrigerated,P,"['Onion', 'Potato', 'Cotton', 'Tomato', 'Grains', 'Fruits']",Thursday,t,4,w,0.45,0
16,481,Refrigerated,P,"['Onion', 'Potato', 'Cotton', 'Tomato', 'Grains', 'Fruits']",Saturday,t,13,w,0.2,0
8,180,Open,P,"['Onion', 'Potato', 'Cotton', 'Tomato', 'Grains', 'Fruits']",Sunday,t,8,w,0.42,0
20,88,Open,P,"['Onion', 'Potato', 'Cotton', 'Tomato', 'Grains', 'Fruits']",Wednesday,t,1,w,0.87,1
14,485,Open,P,"['Onion', 'Potato', 'Cotton', 'Tomato', 'Grains', 'Fruits']",Sunday,t,15,w,0.83,0
20,445,Open,P,"['Onion', 'Potato', 'Cotton', 'Tomato', 'Grains', 'Fruits']",Saturday,t,10,w,0.3,1
8,108,Open,P,"['Onion', 'Potato', 'Cotton', 'Tomato', 'Grains', 'Fruits']",Tuesday,t,14,w,0.67,0
14,187,Open,P,"['Onion', 'Potato', 'Cotton', 'Tomato', 'Grains', 'Fruits']",Tuesday,t,0,w,0.79,0
20,305,Open,P,"['Onion', 'Potato', 'Cotton', 'Tomato', 'Grains', 'Fruits']",Friday,t,15,w,0.46,0
16,192,Closed,P,"['Onion', 'Potato', 'Cotton', 'Tomato', 'Grains', 'Fruits']",Friday,t,12,w,0.22,0
14,562,Closed,P,"['Onion', 'Potato', 'Cotton', 'Tomato', 'Grains', 'Fruits']",Saturday,t,9,w,0.28,1
16,410,Closed,P,"['Onion', 'Potato', 'Cotton', 'Tomato', 'Grains', 'Fruits']",Saturday,t,10,w,0.38,0
10,321,Refrigerated,P,"['Onion', 'Potato', 'Cotton', 'Tomato', 'Grains', 'Fruits']",Wednesday,t,0,w,0.81,1
6,386,Refrigerated,P,"['Onion', 'Potato', 'Cotton', 'Tomato', 'Grains', 'Fruits']",Tuesday,t,15,w,0.52,0
8,585,Open,P,"['Onion', 'Potato', 'Cotton', 'Tomato', 'Grains', 'Fruits']",Saturday,t,6,w,0.84,0
16,336,Open,P,"['Onion', 'Potato', 'Cotton', 'Tomato', 'Grains', 'Fruits']",Friday,t,6,w,0.86,0
20,523,Refrigerated,P,"['Onion', 'Potato', 'Cotton', 'Tomato', 'Grains', 'Fruits']",Monday,t,3,w,0.53,1
12,438,Open,P,"['Onion', 'Potato', 'Cotton', 'Tomato', 'Grains', 'Fruits']",Friday,t,10,w,0.53,1
18,327,Closed,P,"['Onion', 'Potato', 'Cotton', 'Tomato', 'Grains', 'Fruits']",Friday,t,9,w,0.49,0
12,567,Closed,P,"['Onion', 'Potato', 'Cotton', 'Tomato', 'Grains', 'Fruits']",Thursday,t,15,w,0.49,1
6,349,Open,P,"['Onion', 'Potato', 'Cotton', 'Tomato', 'Grains', 'Fruits']",Sunday,t,10,w,0.74,0
6,78,Closed,P,"['Onion', 'Potato', 'Cotton', 'Tomato', 'Grains', 'Fruits']",Saturday,t,4,w,0.21,0
14,113,Open,P,"['Onion', 'Potato', 'Cotton', 'Tomato', 'Grains', 'Fruits']",Wednesday,t,14,w,0.63,0
8,224,Closed,P,"['Onion', 'Potato', 'Cotton', 'Tomato', 'Grains', 'Fruits']",Tuesday,t,15,w,0.54,0
12,406,Refrigerated,P,"['Onion', 'Potato', 'Cotton', 'Tomato', 'Grains', 'Fruits']",Monday,t,7,w,0.45,1
16,578,Open,P,"['Onion', 'Potato', 'Cotton', 'Tomato', 'Grains', 'Fruits']",Wednesday,t,10,w,0.26,1
10,526,Closed,P,"['Onion', 'Potato', 'Cotton', 'Tomato', 'Grains', 'Fruits']",Wednesday,t,9,w,0.59,1
6,207,Open,P,"['Onion', 'Potato', 'Cotton', 'Tomato', 'Grains', 'Fruits']",Thursday,t,1,w,0.59,0
6,546,Closed,P,"['Onion', 'Potato', 'Cotton', 'Tomato', 'Grains', 'Fruits']",Sunday,t,8,w,0.36,1
18,263,Open,P,"['Onion', 'Potato', 'Cotton', 'Tomato', 'Grains', 'Fruits']",Thursday,t,2,w,0.68,0
20,88,Open,P,"['Onion', 'Potato', 'Cotton', 'Tomato', 'Grains', 'Fruits']",Tuesday,t,11,w,0.4,0
16,147,Closed,P,"['Onion', 'Potato', 'Cotton', 'Tomato', 'Grains', 'Fruits']",Saturday,t,12,w,0.23,0
14,598,Closed,P,"['Onion', 'Potato', 'Cotton', 'Tomato', 'Grains', 'Fruits']",Thursday,t,4,w,0.45,1
10,312,Open,P,"['Onion', 'Potato', 'Cotton', 'Tomato', 'Grains', 'Fruits']",Saturday,t,7,w,0.77,0
12,67,Open,P,"['Onion', 'Potato', 'Cotton', 'Tomato', 'Grains', 'Fruits']",Wednesday,t,15,w,0.83,0
20,86,Closed,P,"['Onion', 'Potato', 'Cotton', 'Tomato', 'Grains', 'Fruits']",Friday,t,7,w,0.47,0
16,114,Refrigerated,P,"['Onion', 'Potato', 'Cotton', 'Tomato', 'Grains', 'Fruits']",Friday,t,6,w,0.42,0
6,94,Closed,P,"['Onion', 'Potato', 'Cotton', 'Tomato', 'Grains', 'Fruits']",Thursday,t,6,w,0.55,0
18,447,Open,P,"['Onion', 'Potato', 'Cotton', 'Tomato', 'Grains', 'Fruits']",Monday,t,8,w,0.86,1
16,65,Closed,P,"['Onion', 'Potato', 'Cotton', 'Tomato', 'Grains', 'Fruits']",Saturday,t,11,w,0.59,0
6,457,Closed,P,"['Onion', 'Potato', 'Cotton', 'Tomato', 'Grains', 'Fruits']",Sunday,t,4,w,0.35,1
12,68,Open,P,"['Onion', 'Potato', 'Cotton', 'Tomato', 'Grains', 'Fruits']",Tuesday,t,3,w,0.82,0
8,302,Closed,P,"['Onion', 'Potato', 'Cotton', 'Tomato', 'Grains', 'Fruits']",Wednesday,t,2,w,0.94,1
10,457,Open,P,"['Onion', 'Potato', 'Cotton', 'Tomato', 'Grains', 'Fruits']",Sunday,t,6,w,0.62,0
8,326,Open,P,"['Onion', 'Potato', 'Cotton', 'Tomato', 'Grains', 'Fruits']",Saturday,t,10,w,0.3,0
10,344,Open,P,"['Onion', 'Potato', 'Cotton', 'Tomato', 'Grains', 'Fruits']",Tuesday,t,4,w,0.21,1
10,214,Closed,P,"['Onion', 'Potato', 'Cotton', 'Tomato', 'Grains', 'Fruits']",Wednesday,t,15,w,0.74,0
10,380,Closed,P,"['Onion', 'Potato', 'Cotton', 'Tomato', 'Grains', 'Fruits']",Saturday,t,13,w,0.64,0
14,467,Refrigerated,P,"['Onion', 'Potato', 'Cotton', 'Tomato', 'Grains', 'Fruits']",Sunday,t,9,w,0.87,0
20,519,Refrigerated,P,"['Onion', 'Potato', 'Cotton', 'Tomato', 'Grains', 'Fruits']",Tuesday,t,2,w,0.2,1
6,105,Closed,P,"['Onion', 'Potato', 'Cotton', 'Tomato', 'Grains', 'Fruits']",Tuesday,t,1,w,0.56,1
16,483,Closed,P,"['Onion', 'Potato', 'Cotton', 'Tomato', 'Grains', 'Fruits']",Thursday,t,15,w,0.52,1
20,511,Closed,P,"['Onion', 'Potato', 'Cotton', 'Tomato', 'Grains', 'Fruits']",Friday,t,9,w,0.91,0
10,213,Open,P,"['Onion', 'Potato', 'Cotton', 'Tomato', 'Grains', 'Fruits']",Tuesday,t,6,w,0.35,1
10,272,Closed,P,"['Onion', 'Potato', 'Cotton', 'Tomato', 'Grains', 'Fruits']",Thursday,t,15,w,0.78,0
6,148,Closed,P,"['Onion', 'Potato', 'Cotton', 'Tomato', 'Grains', 'Fruits']",Monday,t,9,w,0.89,0
14,428,Closed,P,"['Onion', 'Potato', 'Cotton', 'Tomato', 'Grains', 'Fruits']",Saturday,t,7,w,0.88,0
14,474,Open,P,"['Onion', 'Potato', 'Cotton', 'Tomato', 'Grains', 'Fruits']",Tuesday,t,8,w,0.46,0
12,262,Refrigerated,P,"['Onion', 'Potato', 'Cotton', 'Tomato', 'Grains', 'Fruits']",Friday,t,2,w,0.46,1
14,398,Refrigerated,P,"['Onion', 'Potato', 'Cotton', 'Tomato', 'Grains', 'Fruits']",Wednesday,t,1,w,0.46,1
10,245,Open,P,"['Onion', 'Potato', 'Cotton', 'Tomato', 'Grains', 'Fruits']",Thursday,t,13,w,0.62,0
14,453,Refrigerated,P,"['Onion', 'Potato', 'Cotton', 'Tomato', 'Grains', 'Fruits']",Wednesday,t,11,w,0.76,0
16,439,Closed,P,"['Onion', 'Potato', 'Cotton', 'Tomato', 'Grains', 'Fruits']",Friday,t,4,w,0.54,0
6,226,Closed,P,"['Onion', 'Potato', 'Cotton', 'Tomato', 'Grains', 'Fruits']",Saturday,t,8,w,0.8,1
16,413,Refrigerated,P,"['Onion', 'Potato', 'Cotton', 'Tomato', 'Grains', 'Fruits']",Tuesday,t,2,w,0.52,1
6,321,Open,P,"['Onion', 'Potato', 'Cotton', 'Tomato', 'Grains', 'Fruits']",Friday,t,9,w,0.23,0
10,345,Closed,P,"['Onion', 'Potato', 'Cotton', 'Tomato', 'Grains', 'Fruits']",Saturday,t,0,w,0.44,0
10,467,Refrigerated,P,"['Onion', 'Potato', 'Cotton', 'Tomato', 'Grains', 'Fruits']",Wednesday,t,9,w,0.72,0
12,539,Open,P,"['Onion', 'Potato', 'Cotton', 'Tomato', 'Grains', 'Fruits']",Tuesday,t,6,w,0.23,0
18,596,Open,P,"['Onion', 'Potato', 'Cotton', 'Tomato', 'Grains', 'Fruits']",Friday,t,7,w,0.76,0
10,461,Closed,P,"['Onion', 'Potato', 'Cotton', 'Tomato', 'Grains', 'Fruits']",Wednesday,t,14,w,0.53,0
14,338,Open,P,"['Onion', 'Potato', 'Cotton', 'Tomato', 'Grains', 'Fruits']",Saturday,t,1,w,0.94,1
8,90,Refrigerated,P,"['Onion', 'Potato', 'Cotton', 'Tomato', 'Grains', 'Fruits']",Saturday,t,3,w,0.42,1
6,430,Closed,P,"['Onion', 'Potato', 'Cotton', 'Tomato', 'Grains', 'Fruits']",Tuesday,t,3,w,0.43,1
14,312,Refrigerated,P,"['Onion', 'Potato', 'Cotton', 'Tomato', 'Grains', 'Fruits']",Sunday,t,1,w,0.33,1
14,227,Open,P,"['Onion', 'Potato', 'Cotton', 'Tomato', 'Grains', 'Fruits']",Friday,t,0,w,0.42,1
8,110,Closed,P,"['Onion', 'Potato', 'Cotton', 'Tomato', 'Grains', 'Fruits']",Saturday,t,6,w,0.22,0
12,140,Closed,P,"['Onion', 'Potato', 'Cotton', 'Tomato', 'Grains', 'Fruits']",Friday,t,1,w,0.51,1
16,168,Closed,P,"['Onion', 'Potato', 'Cotton', 'Tomato', 'Grains', 'Fruits']",Wednesday,t,11,w,0.45,0
14,184,Closed,P,"['Onion', 'Potato', 'Cotton', 'Tomato', 'Grains', 'Fruits']",Monday,t,2,w,0.78,1
16,175,Open,P,"['Onion', 'Potato', 'Cotton', 'Tomato', 'Grains', 'Fruits']",Saturday,t,5,w,0.83,0
12,319,Open,P,"['Onion', 'Potato', 'Cotton', 'Tomato', 'Grains', 'Fruits']",Thursday,t,13,w,0.21,0
20,241,Closed,P,"['Onion', 'Potato', 'Cotton', 'Tomato', 'Grains', 'Fruits']",Tuesday,t,1,w,0.35,1
6,499,Open,P,"['Onion', 'Potato', 'Cotton', 'Tomato', 'Grains', 'Fruits']",Saturday,t,9,w,0.81,0
6,579,Closed,P,"['Onion', 'Potato', 'Cotton', 'Tomato', 'Grains', 'Fruits']",Saturday,t,4,w,0.77,1
6,151,Refrigerated,P,"['Onion', 'Potato', 'Cotton', 'Tomato', 'Grains', 'Fruits']",Friday,t,2,w,0.91,1
6,76,Refrigerated,P,"['Onion', 'Potato', 'Cotton', 'Tomato', 'Grains', 'Fruits']",Tuesday,t,3,w,0.7,0
20,363,Refrigerated,P,"['Onion', 'Potato', 'Cotton', 'Tomato', 'Grains', 'Fruits']",Wednesday,t,4,w,0.4,0
6,202,Closed,P,"['Onion', 'Potato', 'Cotton', 'Tomato', 'Grains', 'Fruits']",Wednesday,t,15,w,0.6,0
18,497,Closed,P,"['Onion', 'Potato', 'Cotton', 'Tomato', 'Grains', 'Fruits']",Monday,t,10,w,0.91,0
10,529,Open,P,"['Onion', 'Potato', 'Cotton', 'Tomato', 'Grains', 'Fruits']",Tuesday,t,13,w,0.55,1
18,516,Closed,P,"['Onion', 'Potato', 'Cotton', 'Tomato', 'Grains', 'Fruits']",Monday,t,0,w,0.39,1
12,417,Open,P,"['Onion', 'Potato', 'Cotton', 'Tomato', 'Grains', 'Fruits']",Tuesday,t,11,w,0.63,0
12,492,Closed,P,"['Onion', 'Potato', 'Cotton', 'Tomato', 'Grains', 'Fruits']",Sunday,t,5,w,0.26,0
16,169,Refrigerated,P,"['Onion', 'Potato', 'Cotton', 'Tomato', 'Grains', 'Fruits']",Thursday,t,1,w,0.91,1
8,70,Refrigerated,P,"['Onion', 'Potato', 'Cotton', 'Tomato', 'Grains', 'Fruits']",Monday,t,0,w,0.69,0
18,545,Open,P,"['Onion', 'Potato', 'Cotton', 'Tomato', 'Grains', 'Fruits']",Monday,t,7,w,0.36,0
16,95,Closed,P,"['Onion', 'Potato', 'Cotton', 'Tomato', 'Grains', 'Fruits']",Saturday,t,15,w,0.21,1
6,87,Closed,P,"['Onion', 'Potato', 'Cotton', 'Tomato', 'Grains', 'Fruits']",Saturday,t,6,w,0.51,0
6,409,Closed,P,"['Onion', 'Potato', 'Cotton', 'Tomato', 'Grains', 'Fruits']",Wednesday,t,2,w,0.78,1
18,117,Closed,P,"['Onion', 'Potato', 'Cotton', 'Tomato', 'Grains', 'Fruits']",Wednesday,t,5,w,0.53,1
8,367,Refrigerated,P,"['Onion', 'Potato', 'Cotton', 'Tomato', 'Grains', 'Fruits']",Thursday,t,8,w,0.38,1
20,335,Refrigerated,P,"['Onion', 'Potato', 'Cotton', 'Tomato', 'Grains', 'Fruits']",Monday,t,13,w,0.45,0
6,335,Open,P,"['Onion', 'Potato', 'Cotton', 'Tomato', 'Grains', 'Fruits']",Wednesday,t,3,w,0.81,0
10,231,Refrigerated,P,"['Onion', 'Potato', 'Cotton', 'Tomato', 'Grains', 'Fruits']",Monday,t,12,w,0.88,1
18,557,Closed,P,"['Onion', 'Potato', 'Cotton', 'Tomato', 'Grains', 'Fruits']",Thursday,t,12,w,0.91,0
16,126,Closed,P,"['Onion', 'Potato', 'Cotton', 'Tomato', 'Grains', 'Fruits']",Wednesday,t,9,w,0.65,1
8,224,Open,P,"['Onion', 'Potato', 'Cotton', 'Tomato', 'Grains', 'Fruits']",Friday,t,0,w,0.57,1
6,305,Refrigerated,P,"['Onion', 'Potato', 'Cotton', 'Tomato', 'Grains', 'Fruits']",Sunday,t,4,w,0.39,0
6,75,Refrigerated,P,"['Onion', 'Potato', 'Cotton', 'Tomato', 'Grains', 'Fruits']",Wednesday,t,11,w,0.86,0
20,455,Closed,P,"['Onion', 'Potato', 'Cotton', 'Tomato', 'Grains', 'Fruits']",Wednesday,t,8,w,0.79,0
18,126,Closed,P,"['Onion', 'Potato', 'Cotton', 'Tomato', 'Grains', 'Fruits']",Tuesday,t,14,w,0.3,0
6,223,Refrigerated,P,"['Onion', 'Potato', 'Cotton', 'Tomato', 'Grains', 'Fruits']",Monday,t,9,w,0.47,1
8,593,Refrigerated,P,"['Onion', 'Potato', 'Cotton', 'Tomato', 'Grains', 'Fruits']",Thursday,t,8,w,0.84,0
14,410,Open,P,"['Onion', 'Potato', 'Cotton', 'Tomato', 'Grains', 'Fruits']",Friday,t,5,w,0.61,1
14,360,Closed,P,"['Onion', 'Potato', 'Cotton', 'Tomato', 'Grains', 'Fruits']",Saturday,t,14,w,0.48,1
6,574,Closed,P,"['Onion', 'Potato', 'Cotton', 'Tomato', 'Grains', 'Fruits']",Wednesday,t,14,w,0.53,1
12,311,Open,P,"['Onion', 'Potato', 'Cotton', 'Tomato', 'Grains', 'Fruits']",Monday,t,9,w,0.68,0
10,257,Closed,P,"['Onion', 'Potato', 'Cotton', 'Tomato', 'Grains', 'Fruits']",Saturday,t,10,w,0.79,1
18,553,Closed,P,"['Onion', 'Potato', 'Cotton', 'Tomato', 'Grains', 'Fruits']",Sunday,t,1,w,0.21,1
16,567,Refrigerated,P,"['Onion', 'Potato', 'Cotton', 'Tomato', 'Grains', 'Fruits']",Friday,t,9,w,0.75,0
10,273,Refrigerated,P,"['Onion', 'Potato', 'Cotton', 'Tomato', 'Grains', 'Fruits']",Wednesday,t,9,w,0.67,0
18,248,Refrigerated,P,"['Onion', 'Potato', 'Cotton', 'Tomato', 'Grains', 'Fruits']",Saturday,t,12,w,0.65,0
14,351,Refrigerated,P,"['Onion', 'Potato', 'Cotton', 'Tomato', 'Grains', 'Fruits']",Monday,t,12,w,0.94,0
12,128,Closed,P,"['Onion', 'Potato', 'Cotton', 'Tomato', 'Grains', 'Fruits']",Monday,t,0,w,0.87,1
6,348,Refrigerated,P,"['Onion', 'Potato', 'Cotton', 'Tomato', 'Grains', 'Fruits']",Friday,t,0,w,0.47,0
12,294,Closed,P,"['Onion', 'Potato', 'Cotton', 'Tomato', 'Grains', 'Fruits']",Monday,t,4,w,0.46,0
12,558,Refrigerated,P,"['Onion', 'Potato', 'Cotton', 'Tomato', 'Grains', 'Fruits']",Wednesday,t,9,w,0.86,0
14,277,Refrigerated,P,"['Onion', 'Potato', 'Cotton', 'Tomato', 'Grains', 'Fruits']",Monday,t,11,w,0.69,0
18,507,Closed,P,"['Onion', 'Potato', 'Cotton', 'Tomato', 'Grains', 'Fruits']",Wednesday,t,1,w,0.34,1
18,111,Refrigerated,P,"['Onion', 'Potato', 'Cotton', 'Tomato', 'Grains', 'Fruits']",Thursday,t,6,w,0.95,0
14,533,Closed,P,"['Onion', 'Potato', 'Cotton', 'Tomato', 'Grains', 'Fruits']",Wednesday,t,13,w,0.31,1
8,331,Refrigerated,P,"['Onion', 'Potato', 'Cotton', 'Tomato', 'Grains', 'Fruits']",Saturday,t,7,w,0.43,0
10,510,Refrigerated,P,"['Onion', 'Potato', 'Cotton', 'Tomato', 'Grains', 'Fruits']",Saturday,t,15,w,0.25,1
18,80,Open,P,"['Onion', 'Potato', 'Cotton', 'Tomato', 'Grains', 'Fruits']",Saturday,t,2,w,0.43,1
10,385,Closed,P,"['Onion', 'Potato', 'Cotton', 'Tomato', 'Grains', 'Fruits']",Sunday,t,13,w,0.53,0
20,539,Closed,P,"['Onion', 'Potato', 'Cotton', 'Tomato', 'Grains', 'Fruits']",Wednesday,t,0,w,0.37,1
8,339,Closed,P,"['Onion', 'Potato', 'Cotton', 'Tomato', 'Grains', 'Fruits']",Tuesday,t,8,w,0.78,0
18,414,Refrigerated,P,"['Onion', 'Potato', 'Cotton', 'Tomato', 'Grains', 'Fruits']",Wednesday,t,7,w,0.56,0
14,399,Refrigerated,P,"['Onion', 'Potato', 'Cotton', 'Tomato', 'Grains', 'Fruits']",Monday,t,9,w,0.65,0
12,458,Refrigerated,P,"['Onion', 'Potato', 'Cotton', 'Tomato', 'Grains', 'Fruits']",Saturday,t,5,w,0.84,1
14,316,Closed,P,"['Onion', 'Potato', 'Cotton', 'Tomato', 'Grains', 'Fruits']",Wednesday,t,0,w,0.91,1
10,506,Open,P,"['Onion', 'Potato', 'Cotton', 'Tomato', 'Grains', 'Fruits']",Sunday,t,10,w,0.85,1
16,580,Open,P,"['Onion', 'Potato', 'Cotton', 'Tomato', 'Grains', 'Fruits']",Saturday,t,7,w,0.3,0
20,295,Refrigerated,P,"['Onion', 'Potato', 'Cotton', 'Tomato', 'Grains', 'Fruits']",Wednesday,t,5,w,0.25,0
14,598,Open,P,"['Onion', 'Potato', 'Cotton', 'Tomato', 'Grains', 'Fruits']",Saturday,t,12,w,0.6,1
14,228,Closed,P,"['Onion', 'Potato', 'Cotton', 'Tomato', 'Grains', 'Fruits']",Wednesday,t,14,w,0.28,0
20,599,Open,P,"['Onion', 'Potato', 'Cotton', 'Tomato', 'Grains', 'Fruits']",Thursday,t,12,w,0.25,1
20,137,Open,P,"['Onion', 'Potato', 'Cotton', 'Tomato', 'Grains', 'Fruits']",Tuesday,t,9,w,0.72,0
8,457,Closed,P,"['Onion', 'Potato', 'Cotton', 'Tomato', 'Grains', 'Fruits']",Sunday,t,13,w,0.43,0
18,541,Closed,P,"['Onion', 'Potato', 'Cotton', 'Tomato', 'Grains', 'Fruits']",Saturday,t,4,w,0.43,0
10,178,Closed,P,"['Onion', 'Potato', 'Cotton', 'Tomato', 'Grains', 'Fruits']",Thursday,t,14,w,0.94,0
20,144,Refrigerated,P,"['Onion', 'Potato', 'Cotton', 'Tomato', 'Grains', 'Fruits']",Friday,t,14,w,0.45,0
12,373,Open,P,"['Onion', 'Potato', 'Cotton', 'Tomato', 'Grains', 'Fruits']",Monday,t,9,w,0.37,1
14,181,Closed,P,"['Onion', 'Potato', 'Cotton', 'Tomato', 'Grains', 'Fruits']",Sunday,t,2,w,0.86,1
10,117,Refrigerated,P,"['Onion', 'Potato', 'Cotton', 'Tomato', 'Grains', 'Fruits']",Sunday,t,2,w,0.27,1
6,495,Closed,P,"['Onion', 'Potato', 'Cotton', 'Tomato', 'Grains', 'Fruits']",Saturday,t,6,w,0.36,1
14,370,Open,P,"['Onion', 'Potato', 'Cotton', 'Tomato', 'Grains', 'Fruits']",Tuesday,t,9,w,0.46,0
16,300,Open,P,"['Onion', 'Potato', 'Cotton', 'Tomato', 'Grains', 'Fruits']",Sunday,t,1,w,0.32,1
20,385,Refrigerated,P,"['Onion', 'Potato', 'Cotton', 'Tomato', 'Grains', 'Fruits']",Wednesday,t,14,w,0.23,0
6,419,Closed,P,"['Onion', 'Potato', 'Cotton', 'Tomato', 'Grains', 'Fruits']",Wednesday,t,5,w,0.25,0
16,363,Closed,P,"['Onion', 'Potato', 'Cotton', 'Tomato', 'Grains', 'Fruits']",Sunday,t,12,w,0.66,0
12,497,Refrigerated,P,"['Onion', 'Potato', 'Cotton', 'Tomato', 'Grains', 'Fruits']",Tuesday,t,9,w,0.74,0
8,81,Refrigerated,P,"['Onion', 'Potato', 'Cotton', 'Tomato', 'Grains', 'Fruits']",Tuesday,t,13,w,0.77,0
18,73,Closed,P,"['Onion', 'Potato', 'Cotton', 'Tomato', 'Grains', 'Fruits']",Sunday,t,4,w,0.77,0
14,507,Closed,P,"['Onion', 'Potato', 'Cotton', 'Tomato', 'Grains', 'Fruits']",Saturday,t,1,w,0.65,0
6,262,Refrigerated,P,"['Onion', 'Potato', 'Cotton', 'Tomato', 'Grains', 'Fruits']",Tuesday,t,3,w,0.9,1
12,91,Open,P,"['Onion', 'Potato', 'Cotton', 'Tomato', 'Grains', 'Fruits']",Monday,t,11,w,0.57,0
6,447,Refrigerated,P,"['Onion', 'Potato', 'Cotton', 'Tomato', 'Grains', 'Fruits']",Tuesday,t,9,w,0.2,0
14,480,Refrigerated,P,"['Onion', 'Potato', 'Cotton', 'Tomato', 'Grains', 'Fruits']",Monday,t,3,w,0.36,1
16,555,Closed,P,"['Onion', 'Potato', 'Cotton', 'Tomato', 'Grains', 'Fruits']",Tuesday,t,3,w,0.88,0
10,133,Refrigerated,P,"['Onion', 'Potato', 'Cotton', 'Tomato', 'Grains', 'Fruits']",Friday,t,12,w,0.65,0
8,551,Refrigerated,P,"['Onion', 'Potato', 'Cotton', 'Tomato', 'Grains', 'Fruits']",Wednesday,t,0,w,0.93,0
18,75,Refrigerated,P,"['Onion', 'Potato', 'Cotton', 'Tomato', 'Grains', 'Fruits']",Monday,t,0,w,0.77,0
12,476,Open,P,"['Onion', 'Potato', 'Cotton', 'Tomato', 'Grains', 'Fruits']",Wednesday,t,9,w,0.67,0
20,262,Open,P,"['Onion', 'Potato', 'Cotton', 'Tomato', 'Grains', 'Fruits']",Monday,t,1,w,0.48,0
6,417,Open,P,"['Onion', 'Potato', 'Cotton', 'Tomato', 'Grains', 'Fruits']",Sunday,t,13,w,0.9,0
6,357,Refrigerated,P,"['Onion', 'Potato', 'Cotton', 'Tomato', 'Grains', 'Fruits']",Monday,t,13,w,0.61,0
8,464,Refrigerated,P,"['Onion', 'Potato', 'Cotton', 'Tomato', 'Grains', 'Fruits']",Tuesday,t,1,w,0.87,1
14,152,Open,P,"['Onion', 'Potato', 'Cotton', 'Tomato', 'Grains', 'Fruits']",Wednesday,t,3,w,0.38,0
18,459,Closed,P,"['Onion', 'Potato', 'Cotton', 'Tomato', 'Grains', 'Fruits']",Saturday,t,11,w,0.25,0
18,593,Refrigerated,P,"['Onion', 'Potato', 'Cotton', 'Tomato', 'Grains', 'Fruits']",Wednesday,t,8,w,0.64,0
10,384,Refrigerated,P,"['Onion', 'Potato', 'Cotton', 'Tomato', 'Grains', 'Fruits']",Thursday,t,1,w,0.56,1
8,207,Open,P,"['Onion', 'Potato', 'Cotton', 'Tomato', 'Grains', 'Fruits']",Friday,t,9,w,0.35,1
20,129,Open,P,"['Onion', 'Potato', 'Cotton', 'Tomato', 'Grains', 'Fruits']",Monday,t,3,w,0.21,1
8,298,Refrigerated,P,"['Onion', 'Potato', 'Cotton', 'Tomato', 'Grains', 'Fruits']",Monday,t,1,w,0.23,0
14,161,Refrigerated,P,"['Onion', 'Potato', 'Cotton', 'Tomato', 'Grains', 'Fruits']",Saturday,t,8,w,0.21,1
16,219,Closed,P,"['Onion', 'Potato', 'Cotton', 'Tomato', 'Grains', 'Fruits']",Tuesday,t,4,w,0.83,1
8,209,Refrigerated,P,"['Onion', 'Potato', 'Cotton', 'Tomato', 'Grains', 'Fruits']",Monday,t,1,w,0.7,1
14,160,Closed,P,"['Onion', 'Potato', 'Cotton', 'Tomato', 'Grains', 'Fruits']",Monday,t,3,w,0.59,1
6,465,Refrigerated,P,"['Onion', 'Potato', 'Cotton', 'Tomato', 'Grains', 'Fruits']",Sunday,t,13,w,0.3,0
14,578,Open,P,"['Onion', 'Potato', 'Cotton', 'Tomato', 'Grains', 'Fruits']",Monday,t,2,w,0.73,0
8,479,Closed,P,"['Onion', 'Potato', 'Cotton', 'Tomato', 'Grains', 'Fruits']",Wednesday,t,12,w,0.88,0
12,447,Refrigerated,P,"['Onion', 'Potato', 'Cotton', 'Tomato', 'Grains', 'Fruits']",Monday,t,7,w,0.41,1
6,548,Closed,P,"['Onion', 'Potato', 'Cotton', 'Tomato', 'Grains', 'Fruits']",Wednesday,t,0,w,0.75,0
14,215,Refrigerated,P,"['Onion', 'Potato', 'Cotton', 'Tomato', 'Grains', 'Fruits']",Thursday,t,12,w,0.45,1
6,563,Closed,P,"['Onion', 'Potato', 'Cotton', 'Tomato', 'Grains', 'Fruits']",Thursday,t,3,w,0.82,1
16,521,Refrigerated,P,"['Onion', 'Potato', 'Cotton', 'Tomato', 'Grains', 'Fruits']",Wednesday,t,10,w,0.61,0
16,221,Refrigerated,P,"['Onion', 'Potato', 'Cotton', 'Tomato', 'Grains', 'Fruits']",Wednesday,t,10,w,0.3,1
14,194,Closed,P,"['Onion', 'Potato', 'Cotton', 'Tomato', 'Grains', 'Fruits']",Saturday,t,1,w,0.22,1
20,226,Closed,P,"['Onion', 'Potato', 'Cotton', 'Tomato', 'Grains', 'Fruits']",Sunday,t,7,w,0.31,1
20,578,Open,P,"['Onion', 'Potato', 'Cotton', 'Tomato', 'Grains', 'Fruits']",Monday,t,11,w,0.3,1
6,191,Closed,P,"['Onion', 'Potato', 'Cotton', 'Tomato', 'Grains', 'Fruits']",Tuesday,t,0,w,0.28,1
14,239,Open,P,"['Onion', 'Potato', 'Cotton', 'Tomato', 'Grains', 'Fruits']",Tuesday,t,15,w,0.92,0
10,186,Closed,P,"['Onion', 'Potato', 'Cotton', 'Tomato', 'Grains', 'Fruits']",Monday,t,13,w,0.76,0
20,580,Closed,P,"['Onion', 'Potato', 'Cotton', 'Tomato', 'Grains', 'Fruits']",Wednesday,t,13,w,0.26,1
20,494,Closed,P,"['Onion', 'Potato', 'Cotton', 'Tomato', 'Grains', 'Fruits']",Thursday,t,14,w,0.34,1
6,503,Open,P,"['Onion', 'Potato', 'Cotton', 'Tomato', 'Grains', 'Fruits']",Friday,t,15,w,0.24,1
10,181,Open,P,"['Onion', 'Potato', 'Cotton', 'Tomato', 'Grains', 'Fruits']",Monday,t,15,w,0.75,0
16,278,Open,P,"['Onion', 'Potato', 'Cotton', 'Tomato', 'Grains', 'Fruits']",Tuesday,t,9,w,0.36,0
8,491,Closed,P,"['Onion', 'Potato', 'Cotton', 'Tomato', 'Grains', 'Fruits']",Wednesday,t,13,w,0.23,0
16,119,Open,P,"['Onion', 'Potato', 'Cotton', 'Tomato', 'Grains', 'Fruits']",Wednesday,t,14,w,0.38,1
8,379,Refrigerated,P,"['Onion', 'Potato', 'Cotton', 'Tomato', 'Grains', 'Fruits']",Friday,t,0,w,0.5,1
10,359,Closed,P,"['Onion', 'Potato', 'Cotton', 'Tomato', 'Grains', 'Fruits']",Saturday,t,6,w,0.25,0
20,404,Open,P,"['Onion', 'Potato', 'Cotton', 'Tomato', 'Grains', 'Fruits']",Wednesday,t,2,w,0.87,1
14,364,Closed,P,"['Onion', 'Potato', 'Cotton', 'Tomato', 'Grains', 'Fruits']",Monday,t,15,w,0.78,1
14,286,Closed,P,"['Onion', 'Potato', 'Cotton', 'Tomato', 'Grains', 'Fruits']",Thursday,t,13,w,0.41,0
20,169,Open,P,"['Onion', 'Potato', 'Cotton', 'Tomato', 'Grains', 'Fruits']",Thursday,t,5,w,0.74,1
20,524,Closed,P,"['Onion', 'Potato', 'Cotton', 'Tomato', 'Grains', 'Fruits']",Thursday,t,11,w,0.55,0
8,578,Refrigerated,P,"['Onion', 'Potato', 'Cotton', 'Tomato', 'Grains', 'Fruits']",Wednesday,t,15,w,0.84,0
16,333,Refrigerated,P,"['Onion', 'Potato', 'Cotton', 'Tomato', 'Grains', 'Fruits']",Wednesday,t,14,w,0.74,0
20,502,Refrigerated,P,"['Onion', 'Potato', 'Cotton', 'Tomato', 'Grains', 'Fruits']",Sunday,t,11,w,0.93,1
20,250,Open,P,"['Onion', 'Potato', 'Cotton', 'Tomato', 'Grains', 'Fruits']",Monday,t,15,w,0.92,1
10,415,Closed,P,"['Onion', 'Potato', 'Cotton', 'Tomato', 'Grains', 'Fruits']",Saturday,t,8,w,0.48,0
10,384,Open,P,"['Onion', 'Potato', 'Cotton', 'Tomato', 'Grains', 'Fruits']",Thursday,t,11,w,0.44,0
10,326,Open,P,"['Onion', 'Potato', 'Cotton', 'Tomato', 'Grains', 'Fruits']",Wednesday,t,4,w,0.22,1
6,478,Closed,P,"['Onion', 'Potato', 'Cotton', 'Tomato', 'Grains', 'Fruits']",Monday,t,5,w,0.46,0
8,335,Refrigerated,P,"['Onion', 'Potato', 'Cotton', 'Tomato', 'Grains', 'Fruits']",Thursday,t,13,w,0.91,0
6,294,Open,P,"['Onion', 'Potato', 'Cotton', 'Tomato', 'Grains', 'Fruits']",Saturday,t,12,w,0.79,0
18,405,Open,P,"['Onion', 'Potato', 'Cotton', 'Tomato', 'Grains', 'Fruits']",Friday,t,3,w,0.89,1
16,179,Open,P,"['Onion', 'Potato', 'Cotton', 'Tomato', 'Grains', 'Fruits']",Wednesday,t,2,w,0.88,1
10,83,Refrigerated,P,"['Onion', 'Potato', 'Cotton', 'Tomato', 'Grains', 'Fruits']",Thursday,t,1,w,0.24,1
10,148,Closed,P,"['Onion', 'Potato', 'Cotton', 'Tomato', 'Grains', 'Fruits']",Saturday,t,10,w,0.65,0
18,78,Closed,P,"['Onion', 'Potato', 'Cotton', 'Tomato', 'Grains', 'Fruits']",Wednesday,t,2,w,0.71,0
10,83,Closed,P,"['Onion', 'Potato', 'Cotton', 'Tomato', 'Grains', 'Fruits']",Wednesday,t,2,w,0.9,1
20,309,Refrigerated,P,"['Onion', 'Potato', 'Cotton', 'Tomato', 'Grains', 'Fruits']",Friday,t,12,w,0.9,0
6,134,Closed,P,"['Onion', 'Potato', 'Cotton', 'Tomato', 'Grains', 'Fruits']",Saturday,t,14,w,0.88,0
8,156,Open,P,"['Onion', 'Potato', 'Cotton', 'Tomato', 'Grains', 'Fruits']",Monday,t,5,w,0.91,0
10,201,Open,P,"['Onion', 'Potato', 'Cotton', 'Tomato', 'Grains', 'Fruits']",Thursday,t,1,w,0.41,1
12,241,Closed,P,"['Onion', 'Potato', 'Cotton', 'Tomato', 'Grains', 'Fruits']",Friday,t,8,w,0.23,0
10,478,Open,P,"['Onion', 'Potato', 'Cotton', 'Tomato', 'Grains', 'Fruits']",Saturday,t,10,w,0.3,1
20,107,Open,P,"['Onion', 'Potato', 'Cotton', 'Tomato', 'Grains', 'Fruits']",Wednesday,t,2,w,0.66,1
20,439,Open,P,"['Onion', 'Potato', 'Cotton', 'Tomato', 'Grains', 'Fruits']",Tuesday,t,11,w,0.42,1
14,253,Closed,P,"['Onion', 'Potato', 'Cotton', 'Tomato', 'Grains', 'Fruits']",Sunday,t,5,w,0.54,1
12,379,Closed,P,"['Onion', 'Potato', 'Cotton', 'Tomato', 'Grains', 'Fruits']",Tuesday,t,5,w,0.5,1
18,59,Closed,P,"['Onion', 'Potato', 'Cotton', 'Tomato', 'Grains', 'Fruits']",Sunday,t,2,w,0.88,1
12,230,Open,P,"['Onion', 'Potato', 'Cotton', 'Tomato', 'Grains', 'Fruits']",Thursday,t,3,w,0.81,1
16,225,Refrigerated,P,"['Onion', 'Potato', 'Cotton', 'Tomato', 'Grains', 'Fruits']",Tuesday,t,12,w,0.91,1
10,406,Open,P,"['Onion', 'Potato', 'Cotton', 'Tomato', 'Grains', 'Fruits']",Monday,t,10,w,0.92,0
16,546,Open,P,"['Onion', 'Potato', 'Cotton', 'Tomato', 'Grains', 'Fruits']",Saturday,t,11,w,0.53,0
12,290,Refrigerated,P,"['Onion', 'Potato', 'Cotton', 'Tomato', 'Grains', 'Fruits']",Monday,t,6,w,0.58,0
16,236,Closed,P,"['Onion', 'Potato', 'Cotton', 'Tomato', 'Grains', 'Fruits']",Friday,t,12,w,0.61,0
18,393,Open,P,"['Onion', 'Potato', 'Cotton', 'Tomato', 'Grains', 'Fruits']",Monday,t,5,w,0.56,0
18,66,Closed,P,"['Onion', 'Potato', 'Cotton', 'Tomato', 'Grains', 'Fruits']",Sunday,t,4,w,0.38,0
14,195,Refrigerated,P,"['Onion', 'Potato', 'Cotton', 'Tomato', 'Grains', 'Fruits']",Tuesday,t,9,w,0.82,0
10,197,Refrigerated,P,"['Onion', 'Potato', 'Cotton', 'Tomato', 'Grains', 'Fruits']",Saturday,t,10,w,0.32,0
10,302,Refrigerated,P,"['Onion', 'Potato', 'Cotton', 'Tomato', 'Grains', 'Fruits']",Thursday,t,4,w,0.22,0
8,403,Refrigerated,P,"['Onion', 'Potato', 'Cotton', 'Tomato', 'Grains', 'Fruits']",Saturday,t,2,w,0.64,0
6,319,Open,P,"['Onion', 'Potato', 'Cotton', 'Tomato', 'Grains', 'Fruits']",Tuesday,t,5,w,0.31,1
10,240,Closed,P,"['Onion', 'Potato', 'Cotton', 'Tomato', 'Grains', 'Fruits']",Friday,t,4,w,0.57,0
20,233,Open,P,"['Onion', 'Potato', 'Cotton', 'Tomato', 'Grains', 'Fruits']",Monday,t,11,w,0.31,1
12,240,Refrigerated,P,"['Onion', 'Potato', 'Cotton', 'Tomato', 'Grains', 'Fruits']",Wednesday,t,3,w,0.73,0
8,482,Open,P,"['Onion', 'Potato', 'Cotton', 'Tomato', 'Grains', 'Fruits']",Tuesday,t,10,w,0.37,1
6,399,Closed,P,"['Onion', 'Potato', 'Cotton', 'Tomato', 'Grains', 'Fruits']",Sunday,t,12,w,0.76,0
8,574,Open,P,"['Onion', 'Potato', 'Cotton', 'Tomato', 'Grains', 'Fruits']",Tuesday,t,14,w,0.34,0
8,600,Closed,P,"['Onion', 'Potato', 'Cotton', 'Tomato', 'Grains', 'Fruits']",Wednesday,t,1,w,0.9,0
16,114,Closed,P,"['Onion', 'Potato', 'Cotton', 'Tomato', 'Grains', 'Fruits']",Saturday,t,11,w,0.67,0
18,472,Refrigerated,P,"['Onion', 'Potato', 'Cotton', 'Tomato', 'Grains', 'Fruits']",Thursday,t,5,w,0.35,1
16,156,Closed,P,"['Onion', 'Potato', 'Cotton', 'Tomato', 'Grains', 'Fruits']",Thursday,t,8,w,0.87,0
8,478,Open,P,"['Onion', 'Potato', 'Cotton', 'Tomato', 'Grains', 'Fruits']",Tuesday,t,15,w,0.55,0
10,235,Open,P,"['Onion', 'Potato', 'Cotton', 'Tomato', 'Grains', 'Fruits']",Sunday,t,9,w,0.93,0
20,246,Refrigerated,P,"['Onion', 'Potato', 'Cotton', 'Tomato', 'Grains', 'Fruits']",Saturday,t,7,w,0.53,0
6,230,Refrigerated,P,"['Onion', 'Potato', 'Cotton', 'Tomato', 'Grains', 'Fruits']",Friday,t,10,w,0.58,1
8,74,Closed,P,"['Onion', 'Potato', 'Cotton', 'Tomato', 'Grains', 'Fruits']",Tuesday,t,2,w,0.44,1
14,280,Open,P,"['Onion', 'Potato', 'Cotton', 'Tomato', 'Grains', 'Fruits']",Monday,t,12,w,0.9,0
20,137,Refrigerated,P,"['Onion', 'Potato', 'Cotton', 'Tomato', 'Grains', 'Fruits']",Sunday,t,6,w,0.9,0
10,381,Closed,P,"['Onion', 'Potato', 'Cotton', 'Tomato', 'Grains', 'Fruits']",Thursday,t,4,w,0.22,1
14,399,Refrigerated,P,"['Onion', 'Potato', 'Cotton', 'Tomato', 'Grains', 'Fruits']",Tuesday,t,11,w,0.29,0
8,576,Open,P,"['Onion', 'Potato', 'Cotton', 'Tomato', 'Grains', 'Fruits']",Saturday,t,11,w,0.65,0
16,304,Refrigerated,P,"['Onion', 'Potato', 'Cotton', 'Tomato', 'Grains', 'Fruits']",Wednesday,t,6,w,0.89,1
12,474,Closed,P,"['Onion', 'Potato', 'Cotton', 'Tomato', 'Grains', 'Fruits']",Sunday,t,2,w,0.28,1
12,281,Closed,P,"['Onion', 'Potato', 'Cotton', 'Tomato', 'Grains', 'Fruits']",Thursday,t,12,w,0.26,1
6,477,Refrigerated,P,"['Onion', 'Potato', 'Cotton', 'Tomato', 'Grains', 'Fruits']",Tuesday,t,5,w,0.54,0
14,50,Refrigerated,P,"['Onion', 'Potato', 'Cotton', 'Tomato', 'Grains', 'Fruits']",Friday,t,4,w,0.53,1
8,490,Open,P,"['Onion', 'Potato', 'Cotton', 'Tomato', 'Grains', 'Fruits']",Monday,t,12,w,0.61,0
18,314,Closed,P,"['Onion', 'Potato', 'Cotton', 'Tomato', 'Grains', 'Fruits']",Monday,t,4,w,0.46,1
16,384,Open,P,"['Onion', 'Potato', 'Cotton', 'Tomato', 'Grains', 'Fruits']",Thursday,t,13,w,0.42,0
14,100,Open,P,"['Onion', 'Potato', 'Cotton', 'Tomato', 'Grains', 'Fruits']",Tuesday,t,15,w,0.41,0
6,351,Open,P,"['Onion', 'Potato', 'Cotton', 'Tomato', 'Grains', 'Fruits']",Tuesday,t,1,w,0.49,0
12,571,Closed,P,"['Onion', 'Potato', 'Cotton', 'Tomato', 'Grains', 'Fruits']",Tuesday,t,6,w,0.91,0
18,547,Refrigerated,P,"['Onion', 'Potato', 'Cotton', 'Tomato', 'Grains', 'Fruits']",Sunday,t,6,w,0.6,1
8,524,Closed,P,"['Onion', 'Potato', 'Cotton', 'Tomato', 'Grains', 'Fruits']",Tuesday,t,12,w,0.31,0
14,282,Closed,P,"['Onion', 'Potato', 'Cotton', 'Tomato', 'Grains', 'Fruits']",Tuesday,t,12,w,0.58,0
8,497,Closed,P,"['Onion', 'Potato', 'Cotton', 'Tomato', 'Grains', 'Fruits']",Saturday,t,10,w,0.93,0
6,485,Refrigerated,P,"['Onion', 'Potato', 'Cotton', 'Tomato', 'Grains', 'Fruits']",Friday,t,8,w,0.38,0
20,204,Refrigerated,P,"['Onion', 'Potato', 'Cotton', 'Tomato', 'Grains', 'Fruits']",Wednesday,t,3,w,0.64,0
14,274,Open,P,"['Onion', 'Potato', 'Cotton', 'Tomato', 'Grains', 'Fruits']",Friday,t,8,w,0.88,0
6,461,Closed,P,"['Onion', 'Potato', 'Cotton', 'Tomato', 'Grains', 'Fruits']",Tuesday,t,4,w,0.57,1
16,212,Refrigerated,P,"['Onion', 'Potato', 'Cotton', 'Tomato', 'Grains', 'Fruits']",Saturday,t,0,w,0.48,1
12,101,Closed,P,"['Onion', 'Potato', 'Cotton', 'Tomato', 'Grains', 'Fruits']",Friday,t,10,w,0.7,1
16,150,Refrigerated,P,"['Onion', 'Potato', 'Cotton', 'Tomato', 'Grains', 'Fruits']",Monday,t,5,w,0.41,1
6,328,Open,P,"['Onion', 'Potato', 'Cotton', 'Tomato', 'Grains', 'Fruits']",Thursday,t,4,w,0.3,0
8,265,Refrigerated,P,"['Onion', 'Potato', 'Cotton', 'Tomato', 'Grains', 'Fruits']",Monday,t,11,w,0.25,1
14,506,Open,P,"['Onion', 'Potato', 'Cotton', 'Tomato', 'Grains', 'Fruits']",Saturday,t,11,w,0.29,1
6,308,Refrigerated,P,"['Onion', 'Potato', 'Cotton', 'Tomato', 'Grains', 'Fruits']",Wednesday,t,9,w,0.48,0
18,287,Open,P,"['Onion', 'Potato', 'Cotton', 'Tomato', 'Grains', 'Fruits']",Sunday,t,9,w,0.46,1
14,254,Open,P,"['Onion', 'Potato', 'Cotton', 'Tomato', 'Grains', 'Fruits']",Wednesday,t,6,w,0.29,1
14,319,Refrigerated,P,"['Onion', 'Potato', 'Cotton', 'Tomato', 'Grains', 'Fruits']",Tuesday,t,7,w,0.9,0
20,249,Open,P,"['Onion', 'Potato', 'Cotton', 'Tomato', 'Grains', 'Fruits']",Saturday,t,1,w,0.28,1
8,594,Open,P,"['Onion', 'Potato', 'Cotton', 'Tomato', 'Grains', 'Fruits']",Sunday,t,0,w,0.7,0
8,590,Closed,P,"['Onion', 'Potato', 'Cotton', 'Tomato', 'Grains', 'Fruits']",Saturday,t,2,w,0.61,1
12,296,Closed,P,"['Onion', 'Potato', 'Cotton', 'Tomato', 'Grains', 'Fruits']",Monday,t,11,w,0.66,0
18,367,Closed,P,"['Onion', 'Potato', 'Cotton', 'Tomato', 'Grains', 'Fruits']",Monday,t,11,w,0.88,0
18,304,Refrigerated,P,"['Onion', 'Potato', 'Cotton', 'Tomato', 'Grains', 'Fruits']",Tuesday,t,0,w,0.37,0
10,108,Open,P,"['Onion', 'Potato', 'Cotton', 'Tomato', 'Grains', 'Fruits']",Thursday,t,2,w,0.44,1
6,245,Refrigerated,P,"['Onion', 'Potato', 'Cotton', 'Tomato', 'Grains', 'Fruits']",Sunday,t,4,w,0.66,1
8,75,Closed,P,"['Onion', 'Potato', 'Cotton', 'Tomato', 'Grains', 'Fruits']",Tuesday,t,6,w,0.53,1
12,352,Refrigerated,P,"['Onion', 'Potato', 'Cotton', 'Tomato', 'Grains', 'Fruits']",Sunday,t,9,w,0.49,0
12,420,Refrigerated,P,"['Onion', 'Potato', 'Cotton', 'Tomato', 'Grains', 'Fruits']",Saturday,t,5,w,0.26,1
16,367,Closed,P,"['Onion', 'Potato', 'Cotton', 'Tomato', 'Grains', 'Fruits']",Friday,t,15,w,0.2,0
20,64,Open,P,"['Onion', 'Potato', 'Cotton', 'Tomato', 'Grains', 'Fruits']",Tuesday,t,14,w,0.45,1
14,592,Open,P,"['Onion', 'Potato', 'Cotton', 'Tomato', 'Grains', 'Fruits']",Monday,t,5,w,0.72,1
20,184,Refrigerated,P,"['Onion', 'Potato', 'Cotton', 'Tomato', 'Grains', 'Fruits']",Monday,t,14,w,0.65,0
16,167,Open,P,"['Onion', 'Potato', 'Cotton', 'Tomato', 'Grains', 'Fruits']",Tuesday,t,1,w,0.57,0
12,262,Refrigerated,P,"['Onion', 'Potato', 'Cotton', 'Tomato', 'Grains', 'Fruits']",Sunday,t,5,w,0.28,1
10,170,Open,P,"['Onion', 'Potato', 'Cotton', 'Tomato', 'Grains', 'Fruits']",Wednesday,t,5,w,0.84,0
16,231,Refrigerated,P,"['Onion', 'Potato', 'Cotton', 'Tomato', 'Grains', 'Fruits']",Thursday,t,12,w,0.25,0
16,83,Refrigerated,P,"['Onion', 'Potato', 'Cotton', 'Tomato', 'Grains', 'Fruits']",Sunday,t,2,w,0.57,0
18,250,Closed,P,"['Onion', 'Potato', 'Cotton', 'Tomato', 'Grains', 'Fruits']",Wednesday,t,9,w,0.61,0
18,477,Refrigerated,P,"['Onion', 'Potato', 'Cotton', 'Tomato', 'Grains', 'Fruits']",Saturday,t,15,w,0.74,0
16,103,Closed,P,"['Onion', 'Potato', 'Cotton', 'Tomato', 'Grains', 'Fruits']",Friday,t,8,w,0.25,0
16,190,Closed,P,"['Onion', 'Potato', 'Cotton', 'Tomato', 'Grains', 'Fruits']",Friday,t,0,w,0.85,1
20,415,Open,P,"['Onion', 'Potato', 'Cotton', 'Tomato', 'Grains', 'Fruits']",Sunday,t,12,w,0.83,0
12,569,Refrigerated,P,"['Onion', 'Potato', 'Cotton', 'Tomato', 'Grains', 'Fruits']",Friday,t,1,w,0.28,1
6,216,Open,P,"['Onion', 'Potato', 'Cotton', 'Tomato', 'Grains', 'Fruits']",Tuesday,t,5,w,0.34,1
6,228,Refrigerated,P,"['Onion', 'Potato', 'Cotton', 'Tomato', 'Grains', 'Fruits']",Wednesday,t,4,w,0.48,0
14,573,Closed,P,"['Onion', 'Potato', 'Cotton', 'Tomato', 'Grains', 'Fruits']",Friday,t,2,w,0.7,0
16,332,Closed,P,"['Onion', 'Potato', 'Cotton', 'Tomato', 'Grains', 'Fruits']",Saturday,t,7,w,0.45,1
8,493,Refrigerated,P,"['Onion', 'Potato', 'Cotton', 'Tomato', 'Grains', 'Fruits']",Tuesday,t,10,w,0.3,0
16,131,Open,P,"['Onion', 'Potato', 'Cotton', 'Tomato', 'Grains', 'Fruits']",Friday,t,2,w,0.57,0
12,114,Open,P,"['Onion', 'Potato', 'Cotton', 'Tomato', 'Grains', 'Fruits']",Wednesday,t,7,w,0.52,0
8,105,Closed,P,"['Onion', 'Potato', 'Cotton', 'Tomato', 'Grains', 'Fruits']",Wednesday,t,12,w,0.66,0
14,113,Open,P,"['Onion', 'Potato', 'Cotton', 'Tomato', 'Grains', 'Fruits']",Friday,t,11,w,0.4,1
14,222,Open,P,"['Onion', 'Potato', 'Cotton', 'Tomato', 'Grains', 'Fruits']",Saturday,t,5,w,0.71,0
10,466,Closed,P,"['Onion', 'Potato', 'Cotton', 'Tomato', 'Grains', 'Fruits']",Friday,t,14,w,0.33,0
14,172,Closed,P,"['Onion', 'Potato', 'Cotton', 'Tomato', 'Grains', 'Fruits']",Friday,t,6,w,0.48,0
6,503,Refrigerated,P,"['Onion', 'Potato', 'Cotton', 'Tomato', 'Grains', 'Fruits']",Saturday,t,12,w,0.88,0
12,423,Open,P,"['Onion', 'Potato', 'Cotton', 'Tomato', 'Grains', 'Fruits']",Sunday,t,6,w,0.84,0
16,423,Refrigerated,P,"['Onion', 'Potato', 'Cotton', 'Tomato', 'Grains', 'Fruits']",Thursday,t,1,w,0.64,0
18,163,Closed,P,"['Onion', 'Potato', 'Cotton', 'Tomato', 'Grains', 'Fruits']",Friday,t,0,w,0.86,0
20,484,Open,P,"['Onion', 'Potato', 'Cotton', 'Tomato', 'Grains', 'Fruits']",Monday,t,7,w,0.81,1
14,424,Refrigerated,P,"['Onion', 'Potato', 'Cotton', 'Tomato', 'Grains', 'Fruits']",Friday,t,10,w,0.35,1
12,404,Refrigerated,P,"['Onion', 'Potato', 'Cotton', 'Tomato', 'Grains', 'Fruits']",Tuesday,t,15,w,0.63,0
8,298,Refrigerated,P,"['Onion', 'Potato', 'Cotton', 'Tomato', 'Grains', 'Fruits']",Saturday,t,0,w,0.62,0
8,172,Refrigerated,P,"['Onion', 'Potato', 'Cotton', 'Tomato', 'Grains', 'Fruits']",Tuesday,t,10,w,0.36,1
14,133,Refrigerated,P,"['Onion', 'Potato', 'Cotton', 'Tomato', 'Grains', 'Fruits']",Monday,t,3,w,0.57,0
12,301,Refrigerated,P,"['Onion', 'Potato', 'Cotton', 'Tomato', 'Grains', 'Fruits']",Sunday,t,2,w,0.71,0
10,235,Open,P,"['Onion', 'Potato', 'Cotton', 'Tomato', 'Grains', 'Fruits']",Wednesday,t,7,w,0.28,0
8,475,Closed,P,"['Onion', 'Potato', 'Cotton', 'Tomato', 'Grains', 'Fruits']",Thursday,t,1,w,0.93,1
6,65,Refrigerated,P,"['Onion', 'Potato', 'Cotton', 'Tomato', 'Grains', 'Fruits']",Friday,t,5,w,0.41,1
8,278,Refrigerated,P,"['Onion', 'Potato', 'Cotton', 'Tomato', 'Grains', 'Fruits']",Tuesday,t,15,w,0.36,0
6,399,Refrigerated,P,"['Onion', 'Potato', 'Cotton', 'Tomato', 'Grains', 'Fruits']",Friday,t,10,w,0.57,0
8,288,Closed,P,"['Onion', 'Potato', 'Cotton', 'Tomato', 'Grains', 'Fruits']",Sunday,t,1,w,0.67,1
20,478,Refrigerated,P,"['Onion', 'Potato', 'Cotton', 'Tomato', 'Grains', 'Fruits']",Wednesday,t,5,w,0.27,1
6,477,Open,P,"['Onion', 'Potato', 'Cotton', 'Tomato', 'Grains', 'Fruits']",Friday,t,3,w,0.4,0
18,493,Closed,P,"['Onion', 'Potato', 'Cotton', 'Tomato', 'Grains', 'Fruits']",Saturday,t,12,w,0.82,0
12,390,Open,P,"['Onion', 'Potato', 'Cotton', 'Tomato', 'Grains', 'Fruits']",Monday,t,8,w,0.89,0
16,77,Refrigerated,P,"['Onion', 'Potato', 'Cotton', 'Tomato', 'Grains', 'Fruits']",Sunday,t,9,w,0.47,0
14,499,Open,P,"['Onion', 'Potato', 'Cotton', 'Tomato', 'Grains', 'Fruits']",Wednesday,t,4,w,0.42,0
10,160,Closed,P,"['Onion', 'Potato', 'Cotton', 'Tomato', 'Grains', 'Fruits']",Thursday,t,8,w,0.91,0
14,358,Closed,P,"['Onion', 'Potato', 'Cotton', 'Tomato', 'Grains', 'Fruits']",Thursday,t,15,w,0.59,0
10,374,Open,P,"['Onion', 'Potato', 'Cotton', 'Tomato', 'Grains', 'Fruits']",Wednesday,t,10,w,0.86,0
14,293,Open,P,"['Onion', 'Potato', 'Cotton', 'Tomato', 'Grains', 'Fruits']",Friday,t,4,w,0.38,1
18,561,Closed,P,"['Onion', 'Potato', 'Cotton', 'Tomato', 'Grains', 'Fruits']",Friday,t,6,w,0.56,1
20,174,Closed,P,"['Onion', 'Potato', 'Cotton', 'Tomato', 'Grains', 'Fruits']",Sunday,t,5,w,0.29,0
6,258,Refrigerated,P,"['Onion', 'Potato', 'Cotton', 'Tomato', 'Grains', 'Fruits']",Wednesday,t,5,w,0.56,0
20,199,Open,P,"['Onion', 'Potato', 'Cotton', 'Tomato', 'Grains', 'Fruits']",Wednesday,t,15,w,0.36,0
6,489,Open,P,"['Onion', 'Potato', 'Cotton', 'Tomato', 'Grains', 'Fruits']",Tuesday,t,14,w,0.37,1
6,593,Closed,P,"['Onion', 'Potato', 'Cotton', 'Tomato', 'Grains', 'Fruits']",Saturday,t,11,w,0.71,0
10,475,Open,P,"['Onion', 'Potato', 'Cotton', 'Tomato', 'Grains', 'Fruits']",Monday,t,11,w,0.75,0
8,590,Open,P,"['Onion', 'Potato', 'Cotton', 'Tomato', 'Grains', 'Fruits']",Sunday,t,5,w,0.57,1
14,188,Refrigerated,P,"['Onion', 'Potato', 'Cotton', 'Tomato', 'Grains', 'Fruits']",Thursday,t,6,w,0.69,0
16,397,Open,P,"['Onion', 'Potato', 'Cotton', 'Tomato', 'Grains', 'Fruits']",Tuesday,t,9,w,0.73,0
6,326,Open,P,"['Onion', 'Potato', 'Cotton', 'Tomato', 'Grains', 'Fruits']",Tuesday,t,4,w,0.78,0
6,75,Refrigerated,P,"['Onion', 'Potato', 'Cotton', 'Tomato', 'Grains', 'Fruits']",Saturday,t,7,w,0.48,0
12,53,Refrigerated,P,"['Onion', 'Potato', 'Cotton', 'Tomato', 'Grains', 'Fruits']",Sunday,t,9,w,0.56,0
6,547,Open,P,"['Onion', 'Potato', 'Cotton', 'Tomato', 'Grains', 'Fruits']",Monday,t,11,w,0.66,0
8,101,Open,P,"['Onion', 'Potato', 'Cotton', 'Tomato', 'Grains', 'Fruits']",Sunday,t,5,w,0.77,1
16,230,Open,P,"['Onion', 'Potato', 'Cotton', 'Tomato', 'Grains', 'Fruits']",Thursday,t,11,w,0.81,1
20,554,Refrigerated,P,"['Onion', 'Potato', 'Cotton', 'Tomato', 'Grains', 'Fruits']",Monday,t,12,w,0.84,1
6,103,Closed,P,"['Onion', 'Potato', 'Cotton', 'Tomato', 'Grains', 'Fruits']",Wednesday,t,4,w,0.53,0
10,277,Open,P,"['Onion', 'Potato', 'Cotton', 'Tomato', 'Grains', 'Fruits']",Tuesday,t,15,w,0.27,1
18,470,Refrigerated,P,"['Onion', 'Potato', 'Cotton', 'Tomato', 'Grains', 'Fruits']",Thursday,t,7,w,0.95,0
20,143,Refrigerated,P,"['Onion', 'Potato', 'Cotton', 'Tomato', 'Grains', 'Fruits']",Sunday,t,2,w,0.37,1
10,129,Refrigerated,P,"['Onion', 'Potato', 'Cotton', 'Tomato', 'Grains', 'Fruits']",Tuesday,t,6,w,0.93,1
10,583,Open,P,"['Onion', 'Potato', 'Cotton', 'Tomato', 'Grains', 'Fruits']",Sunday,t,1,w,0.49,1
6,442,Closed,P,"['Onion', 'Potato', 'Cotton', 'Tomato', 'Grains', 'Fruits']",Friday,t,11,w,0.85,1
14,452,Closed,P,"['Onion', 'Potato', 'Cotton', 'Tomato', 'Grains', 'Fruits']",Thursday,t,7,w,0.52,0
6,261,Closed,P,"['Onion', 'Potato', 'Cotton', 'Tomato', 'Grains', 'Fruits']",Tuesday,t,9,w,0.82,0
14,497,Closed,P,"['Onion', 'Potato', 'Cotton', 'Tomato', 'Grains', 'Fruits']",Sunday,t,4,w,0.51,1
20,361,Refrigerated,P,"['Onion', 'Potato', 'Cotton', 'Tomato', 'Grains', 'Fruits']",Friday,t,8,w,0.95,0
10,351,Refrigerated,P,"['Onion', 'Potato', 'Cotton', 'Tomato', 'Grains', 'Fruits']",Saturday,t,11,w,0.4,1
20,595,Open,P,"['Onion', 'Potato', 'Cotton', 'Tomato', 'Grains', 'Fruits']",Wednesday,t,15,w,0.66,0
18,90,Refrigerated,P,"['Onion', 'Potato', 'Cotton', 'Tomato', 'Grains', 'Fruits']",Wednesday,t,7,w,0.28,0
16,290,Refrigerated,P,"['Onion', 'Potato', 'Cotton', 'Tomato', 'Grains', 'Fruits']",Tuesday,t,3,w,0.41,1
16,73,Refrigerated,P,"['Onion', 'Potato', 'Cotton', 'Tomato', 'Grains', 'Fruits']",Tuesday,t,1,w,0.83,0
12,396,Refrigerated,P,"['Onion', 'Potato', 'Cotton', 'Tomato', 'Grains', 'Fruits']",Wednesday,t,13,w,0.44,0
20,544,Closed,P,"['Onion', 'Potato', 'Cotton', 'Tomato', 'Grains', 'Fruits']",Wednesday,t,5,w,0.75,1
10,538,Closed,P,"['Onion', 'Potato', 'Cotton', 'Tomato', 'Grains', 'Fruits']",Friday,t,15,w,0.25,0
18,542,Open,P,"['Onion', 'Potato', 'Cotton', 'Tomato', 'Grains', 'Fruits']",Tuesday,t,3,w,0.6,1
20,584,Refrigerated,P,"['Onion', 'Potato', 'Cotton', 'Tomato', 'Grains', 'Fruits']",Wednesday,t,3,w,0.71,0
18,543,Open,P,"['Onion', 'Potato', 'Cotton', 'Tomato', 'Grains', 'Fruits']",Thursday,t,5,w,0.53,0
10,426,Refrigerated,P,"['Onion', 'Potato', 'Cotton', 'Tomato', 'Grains', 'Fruits']",Tuesday,t,2,w,0.46,1
10,92,Refrigerated,P,"['Onion', 'Potato', 'Cotton', 'Tomato', 'Grains', 'Fruits']",Thursday,t,7,w,0.25,0
8,543,Open,P,"['Onion', 'Potato', 'Cotton', 'Tomato', 'Grains', 'Fruits']",Monday,t,6,w,0.57,1
12,207,Refrigerated,P,"['Onion', 'Potato', 'Cotton', 'Tomato', 'Grains', 'Fruits']",Monday,t,2,w,0.26,1
12,546,Open,P,"['Onion', 'Potato', 'Cotton', 'Tomato', 'Grains', 'Fruits']",Monday,t,13,w,0.64,0
12,537,Open,P,"['Onion', 'Potato', 'Cotton', 'Tomato', 'Grains', 'Fruits']",Thursday,t,14,w,0.66,0
6,136,Open,P,"['Onion', 'Potato', 'Cotton', 'Tomato', 'Grains', 'Fruits']",Thursday,t,15,w,0.24,0
8,575,Open,P,"['Onion', 'Potato', 'Cotton', 'Tomato', 'Grains', 'Fruits']",Wednesday,t,12,w,0.61,1
16,299,Closed,P,"['Onion', 'Potato', 'Cotton', 'Tomato', 'Grains', 'Fruits']",Monday,t,1,w,0.28,1
10,169,Open,P,"['Onion', 'Potato', 'Cotton', 'Tomato', 'Grains', 'Fruits']",Friday,t,1,w,0.27,1
8,119,Refrigerated,P,"['Onion', 'Potato', 'Cotton', 'Tomato', 'Grains', 'Fruits']",Friday,t,8,w,0.2,0
20,116,Open,P,"['Onion', 'Potato', 'Cotton', 'Tomato', 'Grains', 'Fruits']",Wednesday,t,2,w,0.79,0
12,233,Refrigerated,P,"['Onion', 'Potato', 'Cotton', 'Tomato', 'Grains', 'Fruits']",Saturday,t,11,w,0.63,0
16,569,Refrigerated,P,"['Onion', 'Potato', 'Cotton', 'Tomato', 'Grains', 'Fruits']",Monday,t,14,w,0.28,1
10,384,Closed,P,"['Onion', 'Potato', 'Cotton', 'Tomato', 'Grains', 'Fruits']",Sunday,t,10,w,0.23,1
10,135,Refrigerated,P,"['Onion', 'Potato', 'Cotton', 'Tomato', 'Grains', 'Fruits']",Wednesday,t,1,w,0.72,0
16,52,Open,P,"['Onion', 'Potato', 'Cotton', 'Tomato', 'Grains', 'Fruits']",Tuesday,t,4,w,0.36,1
8,524,Refrigerated,P,"['Onion', 'Potato', 'Cotton', 'Tomato', 'Grains', 'Fruits']",Wednesday,t,15,w,0.83,1
10,67,Closed,P,"['Onion', 'Potato', 'Cotton', 'Tomato', 'Grains', 'Fruits']",Saturday,t,4,w,0.38,1
18,523,Closed,P,"['Onion', 'Potato', 'Cotton', 'Tomato', 'Grains', 'Fruits']",Friday,t,5,w,0.62,1
6,94,Closed,P,"['Onion', 'Potato', 'Cotton', 'Tomato', 'Grains', 'Fruits']",Tuesday,t,12,w,0.49,0
10,437,Open,P,"['Onion', 'Potato', 'Cotton', 'Tomato', 'Grains', 'Fruits']",Sunday,t,9,w,0.88,1
20,175,Closed,P,"['Onion', 'Potato', 'Cotton', 'Tomato', 'Grains', 'Fruits']",Sunday,t,8,w,0.68,0
18,402,Closed,P,"['Onion', 'Potato', 'Cotton', 'Tomato', 'Grains', 'Fruits']",Saturday,t,7,w,0.28,1
12,228,Refrigerated,P,"['Onion', 'Potato', 'Cotton', 'Tomato', 'Grains', 'Fruits']",Sunday,t,4,w,0.8,0
16,313,Refrigerated,P,"['Onion', 'Potato', 'Cotton', 'Tomato', 'Grains', 'Fruits']",Tuesday,t,9,w,0.94,0
14,110,Open,P,"['Onion', 'Potato', 'Cotton', 'Tomato', 'Grains', 'Fruits']",Saturday,t,4,w,0.84,0
14,417,Open,P,"['Onion', 'Potato', 'Cotton', 'Tomato', 'Grains', 'Fruits']",Tuesday,t,7,w,0.79,0
16,446,Closed,P,"['Onion', 'Potato', 'Cotton', 'Tomato', 'Grains', 'Fruits']",Tuesday,t,11,w,0.7,0
10,55,Open,P,"['Onion', 'Potato', 'Cotton', 'Tomato', 'Grains', 'Fruits']",Monday,t,7,w,0.68,0
16,517,Closed,P,"['Onion', 'Potato', 'Cotton', 'Tomato', 'Grains', 'Fruits']",Monday,t,2,w,0.89,0
8,439,Open,P,"['Onion', 'Potato', 'Cotton', 'Tomato', 'Grains', 'Fruits']",Monday,t,7,w,0.32,1
20,464,Closed,P,"['Onion', 'Potato', 'Cotton', 'Tomato', 'Grains', 'Fruits']",Friday,t,12,w,0.87,0
6,427,Closed,P,"['Onion', 'Potato', 'Cotton', 'Tomato', 'Grains', 'Fruits']",Monday,t,2,w,0.69,0
6,81,Refrigerated,P,"['Onion', 'Potato', 'Cotton', 'Tomato', 'Grains', 'Fruits']",Wednesday,t,0,w,0.3,1
6,434,Closed,P,"['Onion', 'Potato', 'Cotton', 'Tomato', 'Grains', 'Fruits']",Friday,t,4,w,0.68,0
10,441,Open,P,"['Onion', 'Potato', 'Cotton', 'Tomato', 'Grains', 'Fruits']",Sunday,t,14,w,0.75,1
14,302,Open,P,"['Onion', 'Potato', 'Cotton', 'Tomato', 'Grains', 'Fruits']",Thursday,t,7,w,0.94,0
10,492,Refrigerated,P,"['Onion', 'Potato', 'Cotton', 'Tomato', 'Grains', 'Fruits']",Tuesday,t,0,w,0.7,0
8,338,Open,P,"['Onion', 'Potato', 'Cotton', 'Tomato', 'Grains', 'Fruits']",Sunday,t,13,w,0.43,0
16,368,Open,P,"['Onion', 'Potato', 'Cotton', 'Tomato', 'Grains', 'Fruits']",Friday,t,15,w,0.38,1
16,186,Refrigerated,P,"['Onion', 'Potato', 'Cotton', 'Tomato', 'Grains', 'Fruits']",Sunday,t,9,w,0.81,0
10,241,Closed,P,"['Onion', 'Potato', 'Cotton', 'Tomato', 'Grains', 'Fruits']",Wednesday,t,0,w,0.31,1
18,171,Open,P,"['Onion', 'Potato', 'Cotton', 'Tomato', 'Grains', 'Fruits']",Thursday,t,8,w,0.36,0
16,500,Refrigerated,P,"['Onion', 'Potato', 'Cotton', 'Tomato', 'Grains', 'Fruits']",Thursday,t,13,w,0.84,0
12,58,Open,P,"['Onion', 'Potato', 'Cotton', 'Tomato', 'Grains', 'Fruits']",Saturday,t,11,w,0.65,1
16,459,Refrigerated,P,"['Onion', 'Potato', 'Cotton', 'Tomato', 'Grains', 'Fruits']",Thursday,t,6,w,0.33,1
20,82,Open,P,"['Onion', 'Potato', 'Cotton', 'Tomato', 'Grains', 'Fruits']",Monday,t,2,w,0.46,0
16,250,Closed,P,"['Onion', 'Potato', 'Cotton', 'Tomato', 'Grains', 'Fruits']",Wednesday,t,3,w,0.26,1
12,557,Refrigerated,P,"['Onion', 'Potato', 'Cotton', 'Tomato', 'Grains', 'Fruits']",Monday,t,2,w,0.44,1
16,575,Refrigerated,P,"['Onion', 'Potato', 'Cotton', 'Tomato', 'Grains', 'Fruits']",Monday,t,8,w,0.45,0
12,484,Closed,P,"['Onion', 'Potato', 'Cotton', 'Tomato', 'Grains', 'Fruits']",Saturday,t,3,w,0.26,0
10,480,Refrigerated,P,"['Onion', 'Potato', 'Cotton', 'Tomato', 'Grains', 'Fruits']",Friday,t,4,w,0.56,1
20,190,Open,P,"['Onion', 'Potato', 'Cotton', 'Tomato', 'Grains', 'Fruits']",Sunday,t,1,w,0.48,0
10,371,Refrigerated,P,"['Onion', 'Potato', 'Cotton', 'Tomato', 'Grains', 'Fruits']",Friday,t,8,w,0.26,0
12,151,Open,P,"['Onion', 'Potato', 'Cotton', 'Tomato', 'Grains', 'Fruits']",Wednesday,t,10,w,0.92,0
10,151,Refrigerated,P,"['Onion', 'Potato', 'Cotton', 'Tomato', 'Grains', 'Fruits']",Thursday,t,7,w,0.39,0
8,383,Open,P,"['Onion', 'Potato', 'Cotton', 'Tomato', 'Grains', 'Fruits']",Friday,t,13,w,0.5,0
20,296,Refrigerated,P,"['Onion', 'Potato', 'Cotton', 'Tomato', 'Grains', 'Fruits']",Monday,t,9,w,0.91,0
6,54,Closed,P,"['Onion', 'Potato', 'Cotton', 'Tomato', 'Grains', 'Fruits']",Sunday,t,14,w,0.55,0
14,480,Refrigerated,P,"['Onion', 'Potato', 'Cotton', 'Tomato', 'Grains', 'Fruits']",Sunday,t,6,w,0.5,1
16,277,Open,P,"['Onion', 'Potato', 'Cotton', 'Tomato', 'Grains', 'Fruits']",Tuesday,t,10,w,0.75,0
18,463,Open,P,"['Onion', 'Potato', 'Cotton', 'Tomato', 'Grains', 'Fruits']",Monday,t,10,w,0.54,1
6,445,Refrigerated,P,"['Onion', 'Potato', 'Cotton', 'Tomato', 'Grains', 'Fruits']",Monday,t,4,w,0.26,1
18,431,Closed,P,"['Onion', 'Potato', 'Cotton', 'Tomato', 'Grains', 'Fruits']",Tuesday,t,8,w,0.4,0
8,234,Refrigerated,P,"['Onion', 'Potato', 'Cotton', 'Tomato', 'Grains', 'Fruits']",Monday,t,6,w,0.59,1
18,101,Open,P,"['Onion', 'Potato', 'Cotton', 'Tomato', 'Grains', 'Fruits']",Monday,t,0,w,0.28,1
8,270,Refrigerated,P,"['Onion', 'Potato', 'Cotton', 'Tomato', 'Grains', 'Fruits']",Thursday,t,3,w,0.62,0
20,181,Open,P,"['Onion', 'Potato', 'Cotton', 'Tomato', 'Grains', 'Fruits']",Wednesday,t,3,w,0.55,0
6,155,Refrigerated,P,"['Onion', 'Potato', 'Cotton', 'Tomato', 'Grains', 'Fruits']",Friday,t,14,w,0.76,0
8,391,Open,P,"['Onion', 'Potato', 'Cotton', 'Tomato', 'Grains', 'Fruits']",Tuesday,t,12,w,0.45,0
20,255,Open,P,"['Onion', 'Potato', 'Cotton', 'Tomato', 'Grains', 'Fruits']",Monday,t,9,w,0.29,0
20,486,Open,P,"['Onion', 'Potato', 'Cotton', 'Tomato', 'Grains', 'Fruits']",Wednesday,t,15,w,0.69,0
10,378,Closed,P,"['Onion', 'Potato', 'Cotton', 'Tomato', 'Grains', 'Fruits']",Saturday,t,3,w,0.36,1
8,387,Closed,P,"['Onion', 'Potato', 'Cotton', 'Tomato', 'Grains', 'Fruits']",Thursday,t,2,w,0.42,1
12,256,Closed,P,"['Onion', 'Potato', 'Cotton', 'Tomato', 'Grains', 'Fruits']",Monday,t,9,w,0.83,0
20,358,Refrigerated,P,"['Onion', 'Potato', 'Cotton', 'Tomato', 'Grains', 'Fruits']",Thursday,t,9,w,0.6,0
20,272,Refrigerated,P,"['Onion', 'Potato', 'Cotton', 'Tomato', 'Grains', 'Fruits']",Monday,t,10,w,0.58,0
14,90,Closed,P,"['Onion', 'Potato', 'Cotton', 'Tomato', 'Grains', 'Fruits']",Tuesday,t,10,w,0.36,1
6,475,Closed,P,"['Onion', 'Potato', 'Cotton', 'Tomato', 'Grains', 'Fruits']",Friday,t,7,w,0.79,0
8,283,Closed,P,"['Onion', 'Potato', 'Cotton', 'Tomato', 'Grains', 'Fruits']",Tuesday,t,7,w,0.4,1
16,519,Open,P,"['Onion', 'Potato', 'Cotton', 'Tomato', 'Grains', 'Fruits']",Thursday,t,11,w,0.77,0
18,560,Refrigerated,P,"['Onion', 'Potato', 'Cotton', 'Tomato', 'Grains', 'Fruits']",Sunday,t,7,w,0.93,0
20,312,Closed,P,"['Onion', 'Potato', 'Cotton', 'Tomato', 'Grains', 'Fruits']",Monday,t,6,w,0.88,0
10,106,Open,P,"['Onion', 'Potato', 'Cotton', 'Tomato', 'Grains', 'Fruits']",Saturday,t,1,w,0.45,1
8,547,Open,P,"['Onion', 'Potato', 'Cotton', 'Tomato', 'Grains', 'Fruits']",Sunday,t,6,w,0.7,0
18,418,Open,P,"['Onion', 'Potato', 'Cotton', 'Tomato', 'Grains', 'Fruits']",Thursday,t,14,w,0.46,0
20,414,Closed,P,"['Onion', 'Potato', 'Cotton', 'Tomato', 'Grains', 'Fruits']",Monday,t,9,w,0.54,0
18,118,Refrigerated,P,"['Onion', 'Potato', 'Cotton', 'Tomato', 'Grains', 'Fruits']",Thursday,t,7,w,0.27,0
12,186,Closed,P,"['Onion', 'Potato', 'Cotton', 'Tomato', 'Grains', 'Fruits']",Thursday,t,9,w,0.21,0
16,111,Refrigerated,P,"['Onion', 'Potato', 'Cotton', 'Tomato', 'Grains', 'Fruits']",Monday,t,4,w,0.27,1
20,466,Closed,P,"['Onion', 'Potato', 'Cotton', 'Tomato', 'Grains', 'Fruits']",Sunday,t,6,w,0.33,0
20,497,Open,P,"['Onion', 'Potato', 'Cotton', 'Tomato', 'Grains', 'Fruits']",Saturday,t,2,w,0.6,0
10,539,Open,P,"['Onion', 'Potato', 'Cotton', 'Tomato', 'Grains', 'Fruits']",Sunday,t,6,w,0.61,1
20,471,Closed,P,"['Onion', 'Potato', 'Cotton', 'Tomato', 'Grains', 'Fruits']",Tuesday,t,6,w,0.43,0
14,282,Open,P,"['Onion', 'Potato', 'Cotton', 'Tomato', 'Grains', 'Fruits']",Saturday,t,6,w,0.62,0
16,300,Open,P,"['Onion', 'Potato', 'Cotton', 'Tomato', 'Grains', 'Fruits']",Sunday,t,1,w,0.63,1
6,229,Closed,P,"['Onion', 'Potato', 'Cotton', 'Tomato', 'Grains', 'Fruits']",Saturday,t,1,w,0.5,0
20,304,Open,P,"['Onion', 'Potato', 'Cotton', 'Tomato', 'Grains', 'Fruits']",Tuesday,t,4,w,0.25,1
20,452,Open,P,"['Onion', 'Potato', 'Cotton', 'Tomato', 'Grains', 'Fruits']",Sunday,t,15,w,0.75,0
10,150,Open,P,"['Onion', 'Potato', 'Cotton', 'Tomato', 'Grains', 'Fruits']",Thursday,t,15,w,0.61,0
8,541,Closed,P,"['Onion', 'Potato', 'Cotton', 'Tomato', 'Grains', 'Fruits']",Saturday,t,13,w,0.26,0
14,448,Open,P,"['Onion', 'Potato', 'Cotton', 'Tomato', 'Grains', 'Fruits']",Saturday,t,2,w,0.49,1
20,102,Closed,P,"['Onion', 'Potato', 'Cotton', 'Tomato', 'Grains', 'Fruits']",Saturday,t,13,w,0.83,1
16,509,Closed,P,"['Onion', 'Potato', 'Cotton', 'Tomato', 'Grains', 'Fruits']",Saturday,t,3,w,0.25,0
8,554,Closed,P,"['Onion', 'Potato', 'Cotton', 'Tomato', 'Grains', 'Fruits']",Monday,t,0,w,0.3,1
18,214,Refrigerated,P,"['Onion', 'Potato', 'Cotton', 'Tomato', 'Grains', 'Fruits']",Wednesday,t,5,w,0.58,0
6,60,Open,P,"['Onion', 'Potato', 'Cotton', 'Tomato', 'Grains', 'Fruits']",Friday,t,13,w,0.52,0
14,139,Refrigerated,P,"['Onion', 'Potato', 'Cotton', 'Tomato', 'Grains', 'Fruits']",Friday,t,15,w,0.65,0
12,194,Open,P,"['Onion', 'Potato', 'Cotton', 'Tomato', 'Grains', 'Fruits']",Friday,t,15,w,0.69,0
20,594,Closed,P,"['Onion', 'Potato', 'Cotton', 'Tomato', 'Grains', 'Fruits']",Wednesday,t,12,w,0.36,1
18,344,Open,P,"['Onion', 'Potato', 'Cotton', 'Tomato', 'Grains', 'Fruits']",Friday,t,7,w,0.31,0
6,314,Open,P,"['Onion', 'Potato', 'Cotton', 'Tomato', 'Grains', 'Fruits']",Tuesday,t,12,w,0.76,0
6,337,Closed,P,"['Onion', 'Potato', 'Cotton', 'Tomato', 'Grains', 'Fruits']",Saturday,t,7,w,0.41,0
18,482,Open,P,"['Onion', 'Potato', 'Cotton', 'Tomato', 'Grains', 'Fruits']",Sunday,t,15,w,0.52,0
6,542,Open,P,"['Onion', 'Potato', 'Cotton', 'Tomato', 'Grains', 'Fruits']",Monday,t,8,w,0.59,0
18,329,Open,P,"['Onion', 'Potato', 'Cotton', 'Tomato', 'Grains', 'Fruits']",Saturday,t,12,w,0.65,0
12,257,Open,P,"['Onion', 'Potato', 'Cotton', 'Tomato', 'Grains', 'Fruits']",Saturday,t,14,w,0.62,0
18,584,Refrigerated,P,"['Onion', 'Potato', 'Cotton', 'Tomato', 'Grains', 'Fruits']",Wednesday,t,14,w,0.62,0
8,437,Closed,P,"['Onion', 'Potato', 'Cotton', 'Tomato', 'Grains', 'Fruits']",Saturday,t,7,w,0.23,0
12,541,Refrigerated,P,"['Onion', 'Potato', 'Cotton', 'Tomato', 'Grains', 'Fruits']",Tuesday,t,4,w,0.63,1
14,463,Open,P,"['Onion', 'Potato', 'Cotton', 'Tomato', 'Grains', 'Fruits']",Tuesday,t,5,w,0.24,1
10,468,Refrigerated,P,"['Onion', 'Potato', 'Cotton', 'Tomato', 'Grains', 'Fruits']",Tuesday,t,1,w,0.5,0
18,503,Refrigerated,P,"['Onion', 'Potato', 'Cotton', 'Tomato', 'Grains', 'Fruits']",Saturday,t,2,w,0.94,0
20,321,Closed,P,"['Onion', 'Potato', 'Cotton', 'Tomato', 'Grains', 'Fruits']",Tuesday,t,11,w,0.72,0
10,312,Open,P,"['Onion', 'Potato', 'Cotton', 'Tomato', 'Grains', 'Fruits']",Monday,t,7,w,0.31,0
20,242,Closed,P,"['Onion', 'Potato', 'Cotton', 'Tomato', 'Grains', 'Fruits']",Monday,t,3,w,0.77,1
14,71,Closed,P,"['Onion', 'Potato', 'Cotton', 'Tomato', 'Grains', 'Fruits']",Wednesday,t,5,w,0.55,0
16,537,Open,P,"['Onion', 'Potato', 'Cotton', 'Tomato', 'Grains', 'Fruits']",Saturday,t,1,w,0.55,1
14,282,Refrigerated,P,"['Onion', 'Potato', 'Cotton', 'Tomato', 'Grains', 'Fruits']",Friday,t,0,w,0.53,0
10,324,Refrigerated,P,"['Onion', 'Potato', 'Cotton', 'Tomato', 'Grains', 'Fruits']",Saturday,t,10,w,0.85,0
20,278,Closed,P,"['Onion', 'Potato', 'Cotton', 'Tomato', 'Grains', 'Fruits']",Wednesday,t,7,w,0.91,0
14,451,Open,P,"['Onion', 'Potato', 'Cotton', 'Tomato', 'Grains', 'Fruits']",Thursday,t,14,w,0.31,0
14,437,Refrigerated,P,"['Onion', 'Potato', 'Cotton', 'Tomato', 'Grains', 'Fruits']",Sunday,t,7,w,0.91,0
10,521,Closed,P,"['Onion', 'Potato', 'Cotton', 'Tomato', 'Grains', 'Fruits']",Sunday,t,13,w,0.77,0
12,600,Refrigerated,P,"['Onion', 'Potato', 'Cotton', 'Tomato', 'Grains', 'Fruits']",Wednesday,t,8,w,0.38,0
6,169,Closed,P,"['Onion', 'Potato', 'Cotton', 'Tomato', 'Grains', 'Fruits']",Tuesday,t,15,w,0.85,0
8,406,Closed,P,"['Onion', 'Potato', 'Cotton', 'Tomato', 'Grains', 'Fruits']",Friday,t,5,w,0.85,0
18,396,Open,P,"['Onion', 'Potato', 'Cotton', 'Tomato', 'Grains', 'Fruits']",Tuesday,t,3,w,0.76,0
14,135,Open,P,"['Onion', 'Potato', 'Cotton', 'Tomato', 'Grains', 'Fruits']",Saturday,t,14,w,0.62,0
12,131,Closed,P,"['Onion', 'Potato', 'Cotton', 'Tomato', 'Grains', 'Fruits']",Friday,t,1,w,0.21,1
18,428,Refrigerated,P,"['Onion', 'Potato', 'Cotton', 'Tomato', 'Grains', 'Fruits']",Monday,t,6,w,0.88,1
10,581,Closed,P,"['Onion', 'Potato', 'Cotton', 'Tomato', 'Grains', 'Fruits']",Monday,t,2,w,0.82,1
12,593,Open,P,"['Onion', 'Potato', 'Cotton', 'Tomato', 'Grains', 'Fruits']",Wednesday,t,4,w,0.87,0
18,188,Refrigerated,P,"['Onion', 'Potato', 'Cotton', 'Tomato', 'Grains', 'Fruits']",Monday,t,9,w,0.47,0
16,442,Open,P,"['Onion', 'Potato', 'Cotton', 'Tomato', 'Grains', 'Fruits']",Saturday,t,3,w,0.69,0
16,590,Refrigerated,P,"['Onion', 'Potato', 'Cotton', 'Tomato', 'Grains', 'Fruits']",Wednesday,t,2,w,0.4,0
18,411,Closed,P,"['Onion', 'Potato', 'Cotton', 'Tomato', 'Grains', 'Fruits']",Monday,t,15,w,0.72,0
14,592,Closed,P,"['Onion', 'Potato', 'Cotton', 'Tomato', 'Grains', 'Fruits']",Wednesday,t,12,w,0.37,0
6,430,Closed,P,"['Onion', 'Potato', 'Cotton', 'Tomato', 'Grains', 'Fruits']",Friday,t,8,w,0.85,0
10,276,Closed,P,"['Onion', 'Potato', 'Cotton', 'Tomato', 'Grains', 'Fruits']",Thursday,t,11,w,0.52,0
16,79,Closed,P,"['Onion', 'Potato', 'Cotton', 'Tomato', 'Grains', 'Fruits']",Sunday,t,11,w,0.52,0
12,537,Refrigerated,P,"['Onion', 'Potato', 'Cotton', 'Tomato', 'Grains', 'Fruits']",Friday,t,9,w,0.4,0
6,245,Closed,P,"['Onion', 'Potato', 'Cotton', 'Tomato', 'Grains', 'Fruits']",Monday,t,0,w,0.22,0
14,559,Open,P,"['Onion', 'Potato', 'Cotton', 'Tomato', 'Grains', 'Fruits']",Tuesday,t,7,w,0.26,0
6,183,Closed,P,"['Onion', 'Potato', 'Cotton', 'Tomato', 'Grains', 'Fruits']",Sunday,t,7,w,0.54,0
8,274,Open,P,"['Onion', 'Potato', 'Cotton', 'Tomato', 'Grains', 'Fruits']",Friday,t,3,w,0.48,0
6,262,Closed,P,"['Onion', 'Potato', 'Cotton', 'Tomato', 'Grains', 'Fruits']",Tuesday,t,5,w,0.4,1
16,463,Refrigerated,P,"['Onion', 'Potato', 'Cotton', 'Tomato', 'Grains', 'Fruits']",Thursday,t,10,w,0.22,0
16,270,Refrigerated,P,"['Onion', 'Potato', 'Cotton', 'Tomato', 'Grains', 'Fruits']",Wednesday,t,11,w,0.88,0
16,514,Refrigerated,P,"['Onion', 'Potato', 'Cotton', 'Tomato', 'Grains', 'Fruits']",Friday,t,15,w,0.67,0
8,338,Refrigerated,P,"['Onion', 'Potato', 'Cotton', 'Tomato', 'Grains', 'Fruits']",Wednesday,t,9,w,0.52,0
16,308,Open,P,"['Onion', 'Potato', 'Cotton', 'Tomato', 'Grains', 'Fruits']",Monday,t,0,w,0.89,1
18,450,Closed,P,"['Onion', 'Potato', 'Cotton', 'Tomato', 'Grains', 'Fruits']",Wednesday,t,10,w,0.78,0
20,558,Closed,P,"['Onion', 'Potato', 'Cotton', 'Tomato', 'Grains', 'Fruits']",Wednesday,t,1,w,0.7,0
10,288,Refrigerated,P,"['Onion', 'Potato', 'Cotton', 'Tomato', 'Grains', 'Fruits']",Sunday,t,5,w,0.49,0
14,160,Refrigerated,P,"['Onion', 'Potato', 'Cotton', 'Tomato', 'Grains', 'Fruits']",Monday,t,12,w,0.61,0
16,600,Open,P,"['Onion', 'Potato', 'Cotton', 'Tomato', 'Grains', 'Fruits']",Sunday,t,6,w,0.69,0
12,403,Closed,P,"['Onion', 'Potato', 'Cotton', 'Tomato', 'Grains', 'Fruits']",Sunday,t,14,w,0.32,1
14,364,Closed,P,"['Onion', 'Potato', 'Cotton', 'Tomato', 'Grains', 'Fruits']",Thursday,t,5,w,0.78,0
20,439,Open,P,"['Onion', 'Potato', 'Cotton', 'Tomato', 'Grains', 'Fruits']",Friday,t,5,w,0.59,0
14,251,Open,P,"['Onion', 'Potato', 'Cotton', 'Tomato', 'Grains', 'Fruits']",Saturday,t,15,w,0.21,0
6,512,Open,P,"['Onion', 'Potato', 'Cotton', 'Tomato', 'Grains', 'Fruits']",Tuesday,t,3,w,0.46,0
6,444,Open,P,"['Onion', 'Potato', 'Cotton', 'Tomato', 'Grains', 'Fruits']",Saturday,t,8,w,0.45,1
16,316,Closed,P,"['Onion', 'Potato', 'Cotton', 'Tomato', 'Grains', 'Fruits']",Monday,t,9,w,0.48,0
12,368,Refrigerated,P,"['Onion', 'Potato', 'Cotton', 'Tomato', 'Grains', 'Fruits']",Monday,t,13,w,0.7,0
18,307,Refrigerated,P,"['Onion', 'Potato', 'Cotton', 'Tomato', 'Grains', 'Fruits']",Wednesday,t,10,w,0.95,0
10,70,Open,P,"['Onion', 'Potato', 'Cotton', 'Tomato', 'Grains', 'Fruits']",Thursday,t,8,w,0.91,0
14,128,Closed,P,"['Onion', 'Potato', 'Cotton', 'Tomato', 'Grains', 'Fruits']",Tuesday,t,15,w,0.87,1
8,256,Closed,P,"['Onion', 'Potato', 'Cotton', 'Tomato', 'Grains', 'Fruits']",Saturday,t,2,w,0.66,0
20,154,Refrigerated,P,"['Onion', 'Potato', 'Cotton', 'Tomato', 'Grains', 'Fruits']",Wednesday,t,9,w,0.27,0
16,384,Refrigerated,P,"['Onion', 'Potato', 'Cotton', 'Tomato', 'Grains', 'Fruits']",Friday,t,6,w,0.61,0
18,486,Refrigerated,P,"['Onion', 'Potato', 'Cotton', 'Tomato', 'Grains', 'Fruits']",Sunday,t,8,w,0.87,1
14,592,Open,P,"['Onion', 'Potato', 'Cotton', 'Tomato', 'Grains', 'Fruits']",Saturday,t,6,w,0.82,0
6,369,Refrigerated,P,"['Onion', 'Potato', 'Cotton', 'Tomato', 'Grains', 'Fruits']",Wednesday,t,10,w,0.38,1
6,317,Closed,P,"['Onion', 'Potato', 'Cotton', 'Tomato', 'Grains', 'Fruits']",Saturday,t,2,w,0.37,1
18,294,Refrigerated,P,"['Onion', 'Potato', 'Cotton', 'Tomato', 'Grains', 'Fruits']",Sunday,t,5,w,0.36,0
16,110,Closed,P,"['Onion', 'Potato', 'Cotton', 'Tomato', 'Grains', 'Fruits']",Tuesday,t,1,w,0.64,1
12,385,Open,P,"['Onion', 'Potato', 'Cotton', 'Tomato', 'Grains', 'Fruits']",Thursday,t,8,w,0.24,0
12,529,Open,P,"['Onion', 'Potato', 'Cotton', 'Tomato', 'Grains', 'Fruits']",Sunday,t,3,w,0.71,0
18,353,Open,P,"['Onion', 'Potato', 'Cotton', 'Tomato', 'Grains', 'Fruits']",Monday,t,1,w,0.66,1
20,311,Open,P,"['Onion', 'Potato', 'Cotton', 'Tomato', 'Grains', 'Fruits']",Monday,t,7,w,0.89,1
8,141,Refrigerated,P,"['Onion', 'Potato', 'Cotton', 'Tomato', 'Grains', 'Fruits']",Thursday,t,13,w,0.74,0
10,419,Closed,P,"['Onion', 'Potato', 'Cotton', 'Tomato', 'Grains', 'Fruits']",Thursday,t,1,w,0.3,1
10,221,Open,P,"['Onion', 'Potato', 'Cotton', 'Tomato', 'Grains', 'Fruits']",Tuesday,t,14,w,0.6,0
14,426,Refrigerated,P,"['Onion', 'Potato', 'Cotton', 'Tomato', 'Grains', 'Fruits']",Tuesday,t,2,w,0.41,1
14,505,Closed,P,"['Onion', 'Potato', 'Cotton', 'Tomato', 'Grains', 'Fruits']",Thursday,t,10,w,0.32,0
16,496,Open,P,"['Onion', 'Potato', 'Cotton', 'Tomato', 'Grains', 'Fruits']",Thursday,t,13,w,0.46,1
6,130,Open,P,"['Onion', 'Potato', 'Cotton', 'Tomato', 'Grains', 'Fruits']",Saturday,t,7,w,0.68,0
20,414,Open,P,"['Onion', 'Potato', 'Cotton', 'Tomato', 'Grains', 'Fruits']",Tuesday,t,9,w,0.75,0
14,389,Closed,P,"['Onion', 'Potato', 'Cotton', 'Tomato', 'Grains', 'Fruits']",Friday,t,13,w,0.62,0
14,270,Open,P,"['Onion', 'Potato', 'Cotton', 'Tomato', 'Grains', 'Fruits']",Wednesday,t,10,w,0.92,0
14,438,Closed,P,"['Onion', 'Potato', 'Cotton', 'Tomato', 'Grains', 'Fruits']",Sunday,t,4,w,0.55,1
16,475,Open,P,"['Onion', 'Potato', 'Cotton', 'Tomato', 'Grains', 'Fruits']",Friday,t,2,w,0.8,1
8,193,Open,P,"['Onion', 'Potato', 'Cotton', 'Tomato', 'Grains', 'Fruits']",Wednesday,t,5,w,0.85,0
10,245,Open,P,"['Onion', 'Potato', 'Cotton', 'Tomato', 'Grains', 'Fruits']",Wednesday,t,8,w,0.9,0
10,472,Refrigerated,P,"['Onion', 'Potato', 'Cotton', 'Tomato', 'Grains', 'Fruits']",Monday,t,8,w,0.35,1
6,323,Closed,P,"['Onion', 'Potato', 'Cotton', 'Tomato', 'Grains', 'Fruits']",Sunday,t,15,w,0.57,1
8,177,Refrigerated,P,"['Onion', 'Potato', 'Cotton', 'Tomato', 'Grains', 'Fruits']",Sunday,t,6,w,0.52,1
10,452,Open,P,"['Onion', 'Potato', 'Cotton', 'Tomato', 'Grains', 'Fruits']",Wednesday,t,13,w,0.36,0
12,138,Open,P,"['Onion', 'Potato', 'Cotton', 'Tomato', 'Grains', 'Fruits']",Thursday,t,14,w,0.33,1
14,398,Closed,P,"['Onion', 'Potato', 'Cotton', 'Tomato', 'Grains', 'Fruits']",Thursday,t,13,w,0.67,0
12,387,Closed,P,"['Onion', 'Potato', 'Cotton', 'Tomato', 'Grains', 'Fruits']",Monday,t,0,w,0.58,1
16,62,Closed,P,"['Onion', 'Potato', 'Cotton', 'Tomato', 'Grains', 'Fruits']",Thursday,t,6,w,0.95,1
14,521,Closed,P,"['Onion', 'Potato', 'Cotton', 'Tomato', 'Grains', 'Fruits']",Monday,t,7,w,0.65,1
14,143,Closed,P,"['Onion', 'Potato', 'Cotton', 'Tomato', 'Grains', 'Fruits']",Monday,t,10,w,0.88,0
12,391,Open,P,"['Onion', 'Potato', 'Cotton', 'Tomato', 'Grains', 'Fruits']",Tuesday,t,1,w,0.58,1
18,494,Refrigerated,P,"['Onion', 'Potato', 'Cotton', 'Tomato', 'Grains', 'Fruits']",Sunday,t,8,w,0.25,0
6,464,Closed,P,"['Onion', 'Potato', 'Cotton', 'Tomato', 'Grains', 'Fruits']",Wednesday,t,14,w,0.79,0
14,255,Open,P,"['Onion', 'Potato', 'Cotton', 'Tomato', 'Grains', 'Fruits']",Wednesday,t,14,w,0.25,1
6,197,Closed,P,"['Onion', 'Potato', 'Cotton', 'Tomato', 'Grains', 'Fruits']",Friday,t,1,w,0.61,0
16,583,Closed,P,"['Onion', 'Potato', 'Cotton', 'Tomato', 'Grains', 'Fruits']",Wednesday,t,6,w,0.4,1
8,222,Closed,P,"['Onion', 'Potato', 'Cotton', 'Tomato', 'Grains', 'Fruits']",Monday,t,4,w,0.77,1
6,329,Open,P,"['Onion', 'Potato', 'Cotton', 'Tomato', 'Grains', 'Fruits']",Wednesday,t,9,w,0.42,1
16,64,Refrigerated,P,"['Onion', 'Potato', 'Cotton', 'Tomato', 'Grains', 'Fruits']",Saturday,t,8,w,0.67,0
18,274,Closed,P,"['Onion', 'Potato', 'Cotton', 'Tomato', 'Grains', 'Fruits']",Monday,t,5,w,0.43,0
12,232,Closed,P,"['Onion', 'Potato', 'Cotton', 'Tomato', 'Grains', 'Fruits']",Tuesday,t,0,w,0.29,0
20,339,Refrigerated,P,"['Onion', 'Potato', 'Cotton', 'Tomato', 'Grains', 'Fruits']",Tuesday,t,7,w,0.6,0
20,492,Refrigerated,P,"['Onion', 'Potato', 'Cotton', 'Tomato', 'Grains', 'Fruits']",Monday,t,3,w,0.31,0
18,175,Closed,P,"['Onion', 'Potato', 'Cotton', 'Tomato', 'Grains', 'Fruits']",Sunday,t,15,w,0.32,0
6,495,Refrigerated,P,"['Onion', 'Potato', 'Cotton', 'Tomato', 'Grains', 'Fruits']",Wednesday,t,10,w,0.26,1
8,500,Open,P,"['Onion', 'Potato', 'Cotton', 'Tomato', 'Grains', 'Fruits']",Saturday,t,6,w,0.57,0
6,365,Refrigerated,P,"['Onion', 'Potato', 'Cotton', 'Tomato', 'Grains', 'Fruits']",Thursday,t,11,w,0.34,0
20,191,Open,P,"['Onion', 'Potato', 'Cotton', 'Tomato', 'Grains', 'Fruits']",Wednesday,t,7,w,0.22,0
16,441,Refrigerated,P,"['Onion', 'Potato', 'Cotton', 'Tomato', 'Grains', 'Fruits']",Wednesday,t,8,w,0.34,1
8,415,Open,P,"['Onion', 'Potato', 'Cotton', 'Tomato', 'Grains', 'Fruits']",Friday,t,9,w,0.32,1
8,426,Closed,P,"['Onion', 'Potato', 'Cotton', 'Tomato', 'Grains', 'Fruits']",Monday,t,6,w,0.72,1
18,400,Open,P,"['Onion', 'Potato', 'Cotton', 'Tomato', 'Grains', 'Fruits']",Thursday,t,2,w,0.5,0
12,386,Open,P,"['Onion', 'Potato', 'Cotton', 'Tomato', 'Grains', 'Fruits']",Wednesday,t,5,w,0.36,0
14,573,Refrigerated,P,"['Onion', 'Potato', 'Cotton', 'Tomato', 'Grains', 'Fruits']",Saturday,t,14,w,0.73,0
20,517,Closed,P,"['Onion', 'Potato', 'Cotton', 'Tomato', 'Grains', 'Fruits']",Saturday,t,11,w,0.29,1
18,351,Open,P,"['Onion', 'Potato', 'Cotton', 'Tomato', 'Grains', 'Fruits']",Wednesday,t,4,w,0.9,0
8,381,Closed,P,"['Onion', 'Potato', 'Cotton', 'Tomato', 'Grains', 'Fruits']",Tuesday,t,8,w,0.58,0
16,64,Open,P,"['Onion', 'Potato', 'Cotton', 'Tomato', 'Grains', 'Fruits']",Tuesday,t,15,w,0.92,0
14,154,Open,P,"['Onion', 'Potato', 'Cotton', 'Tomato', 'Grains', 'Fruits']",Tuesday,t,12,w,0.82,0
20,206,Refrigerated,P,"['Onion', 'Potato', 'Cotton', 'Tomato', 'Grains', 'Fruits']",Tuesday,t,8,w,0.91,0
20,493,Closed,P,"['Onion', 'Potato', 'Cotton', 'Tomato', 'Grains', 'Fruits']",Thursday,t,5,w,0.65,1
8,288,Open,P,"['Onion', 'Potato', 'Cotton', 'Tomato', 'Grains', 'Fruits']",Tuesday,t,4,w,0.82,0
18,545,Open,P,"['Onion', 'Potato', 'Cotton', 'Tomato', 'Grains', 'Fruits']",Monday,t,9,w,0.84,0
20,413,Closed,P,"['Onion', 'Potato', 'Cotton', 'Tomato', 'Grains', 'Fruits']",Thursday,t,6,w,0.64,0
18,79,Closed,P,"['Onion', 'Potato', 'Cotton', 'Tomato', 'Grains', 'Fruits']",Sunday,t,14,w,0.73,0
6,439,Closed,P,"['Onion', 'Potato', 'Cotton', 'Tomato', 'Grains', 'Fruits']",Saturday,t,5,w,0.32,0
6,566,Closed,P,"['Onion', 'Potato', 'Cotton', 'Tomato', 'Grains', 'Fruits']",Thursday,t,6,w,0.81,1
20,122,Open,P,"['Onion', 'Potato', 'Cotton', 'Tomato', 'Grains', 'Fruits']",Monday,t,15,w,0.22,1
12,590,Refrigerated,P,"['Onion', 'Potato', 'Cotton', 'Tomato', 'Grains', 'Fruits']",Saturday,t,3,w,0.64,0
20,206,Open,P,"['Onion', 'Potato', 'Cotton', 'Tomato', 'Grains', 'Fruits']",Monday,t,7,w,0.75,0
16,119,Open,P,"['Onion', 'Potato', 'Cotton', 'Tomato', 'Grains', 'Fruits']",Tuesday,t,15,w,0.61,0
20,529,Closed,P,"['Onion', 'Potato', 'Cotton', 'Tomato', 'Grains', 'Fruits']",Friday,t,7,w,0.21,1
10,442,Closed,P,"['Onion', 'Potato', 'Cotton', 'Tomato', 'Grains', 'Fruits']",Monday,t,8,w,0.8,0
12,74,Closed,P,"['Onion', 'Potato', 'Cotton', 'Tomato', 'Grains', 'Fruits']",Sunday,t,12,w,0.43,0
14,176,Refrigerated,P,"['Onion', 'Potato', 'Cotton', 'Tomato', 'Grains', 'Fruits']",Tuesday,t,5,w,0.25,1
14,293,Refrigerated,P,"['Onion', 'Potato', 'Cotton', 'Tomato', 'Grains', 'Fruits']",Friday,t,9,w,0.63,0
8,498,Refrigerated,P,"['Onion', 'Potato', 'Cotton', 'Tomato', 'Grains', 'Fruits']",Tuesday,t,0,w,0.95,0
14,397,Open,P,"['Onion', 'Potato', 'Cotton', 'Tomato', 'Grains', 'Fruits']",Wednesday,t,5,w,0.27,1
6,195,Refrigerated,P,"['Onion', 'Potato', 'Cotton', 'Tomato', 'Grains', 'Fruits']",Saturday,t,3,w,0.26,1
18,233,Closed,P,"['Onion', 'Potato', 'Cotton', 'Tomato', 'Grains', 'Fruits']",Friday,t,3,w,0.37,1
20,64,Refrigerated,P,"['Onion', 'Potato', 'Cotton', 'Tomato', 'Grains', 'Fruits']",Thursday,t,2,w,0.38,1
18,392,Refrigerated,P,"['Onion', 'Potato', 'Cotton', 'Tomato', 'Grains', 'Fruits']",Monday,t,4,w,0.9,1
16,135,Closed,P,"['Onion', 'Potato', 'Cotton', 'Tomato', 'Grains', 'Fruits']",Wednesday,t,2,w,0.51,1
18,470,Refrigerated,P,"['Onion', 'Potato', 'Cotton', 'Tomato', 'Grains', 'Fruits']",Sunday,t,3,w,0.33,1
8,110,Open,P,"['Onion', 'Potato', 'Cotton', 'Tomato', 'Grains', 'Fruits']",Wednesday,t,3,w,0.61,0
6,146,Closed,P,"['Onion', 'Potato', 'Cotton', 'Tomato', 'Grains', 'Fruits']",Monday,t,6,w,0.39,0
18,571,Open,P,"['Onion', 'Potato', 'Cotton', 'Tomato', 'Grains', 'Fruits']",Monday,t,1,w,0.84,1
12,133,Closed,P,"['Onion', 'Potato', 'Cotton', 'Tomato', 'Grains', 'Fruits']",Sunday,t,12,w,0.31,0
10,524,Refrigerated,P,"['Onion', 'Potato', 'Cotton', 'Tomato', 'Grains', 'Fruits']",Sunday,t,14,w,0.61,1
12,364,Closed,P,"['Onion', 'Potato', 'Cotton', 'Tomato', 'Grains', 'Fruits']",Saturday,t,11,w,0.21,0
14,535,Open,P,"['Onion', 'Potato', 'Cotton', 'Tomato', 'Grains', 'Fruits']",Saturday,t,5,w,0.91,0
14,573,Open,P,"['Onion', 'Potato', 'Cotton', 'Tomato', 'Grains', 'Fruits']",Saturday,t,9,w,0.22,1
20,595,Refrigerated,P,"['Onion', 'Potato', 'Cotton', 'Tomato', 'Grains', 'Fruits']",Tuesday,t,13,w,0.43,0
6,143,Refrigerated,P,"['Onion', 'Potato', 'Cotton', 'Tomato', 'Grains', 'Fruits']",Thursday,t,7,w,0.47,1
16,141,Refrigerated,P,"['Onion', 'Potato', 'Cotton', 'Tomato', 'Grains', 'Fruits']",Tuesday,t,6,w,0.53,0
20,54,Closed,P,"['Onion', 'Potato', 'Cotton', 'Tomato', 'Grains', 'Fruits']",Thursday,t,8,w,0.43,0
10,81,Refrigerated,P,"['Onion', 'Potato', 'Cotton', 'Tomato', 'Grains', 'Fruits']",Tuesday,t,2,w,0.6,1
12,337,Closed,P,"['Onion', 'Potato', 'Cotton', 'Tomato', 'Grains', 'Fruits']",Monday,t,11,w,0.31,0
20,225,Open,P,"['Onion', 'Potato', 'Cotton', 'Tomato', 'Grains', 'Fruits']",Sunday,t,6,w,0.31,0
18,57,Refrigerated,P,"['Onion', 'Potato', 'Cotton', 'Tomato', 'Grains', 'Fruits']",Friday,t,3,w,0.75,1
6,114,Closed,P,"['Onion', 'Potato', 'Cotton', 'Tomato', 'Grains', 'Fruits']",Saturday,t,13,w,0.38,1
16,270,Closed,P,"['Onion', 'Potato', 'Cotton', 'Tomato', 'Grains', 'Fruits']",Saturday,t,9,w,0.23,1
20,140,Open,P,"['Onion', 'Potato', 'Cotton', 'Tomato', 'Grains', 'Fruits']",Wednesday,t,11,w,0.84,1
18,373,Closed,P,"['Onion', 'Potato', 'Cotton', 'Tomato', 'Grains', 'Fruits']",Thursday,t,3,w,0.54,1
8,171,Open,P,"['Onion', 'Potato', 'Cotton', 'Tomato', 'Grains', 'Fruits']",Thursday,t,3,w,0.72,0
12,426,Refrigerated,P,"['Onion', 'Potato', 'Cotton', 'Tomato', 'Grains', 'Fruits']",Thursday,t,13,w,0.47,1
20,481,Open,P,"['Onion', 'Potato', 'Cotton', 'Tomato', 'Grains', 'Fruits']",Monday,t,6,w,0.85,0
14,598,Open,P,"['Onion', 'Potato', 'Cotton', 'Tomato', 'Grains', 'Fruits']",Monday,t,6,w,0.81,0
10,557,Refrigerated,P,"['Onion', 'Potato', 'Cotton', 'Tomato', 'Grains', 'Fruits']",Tuesday,t,3,w,0.25,0
12,59,Refrigerated,P,"['Onion', 'Potato', 'Cotton', 'Tomato', 'Grains', 'Fruits']",Wednesday,t,1,w,0.57,1
14,66,Open,P,"['Onion', 'Potato', 'Cotton', 'Tomato', 'Grains', 'Fruits']",Monday,t,13,w,0.75,0
20,88,Refrigerated,P,"['Onion', 'Potato', 'Cotton', 'Tomato', 'Grains', 'Fruits']",Friday,t,1,w,0.71,0
6,327,Closed,P,"['Onion', 'Potato', 'Cotton', 'Tomato', 'Grains', 'Fruits']",Thursday,t,3,w,0.78,1
12,439,Open,P,"['Onion', 'Potato', 'Cotton', 'Tomato', 'Grains', 'Fruits']",Friday,t,2,w,0.73,1
20,118,Closed,P,"['Onion', 'Potato', 'Cotton', 'Tomato', 'Grains', 'Fruits']",Wednesday,t,13,w,0.9,0
8,416,Closed,P,"['Onion', 'Potato', 'Cotton', 'Tomato', 'Grains', 'Fruits']",Friday,t,8,w,0.72,0
20,533,Open,P,"['Onion', 'Potato', 'Cotton', 'Tomato', 'Grains', 'Fruits']",Monday,t,10,w,0.23,1
8,599,Refrigerated,P,"['Onion', 'Potato', 'Cotton', 'Tomato', 'Grains', 'Fruits']",Thursday,t,0,w,0.37,0
12,588,Closed,P,"['Onion', 'Potato', 'Cotton', 'Tomato', 'Grains', 'Fruits']",Thursday,t,2,w,0.86,1
14,266,Refrigerated,P,"['Onion', 'Potato', 'Cotton', 'Tomato', 'Grains', 'Fruits']",Friday,t,9,w,0.42,0
18,250,Closed,P,"['Onion', 'Potato', 'Cotton', 'Tomato', 'Grains', 'Fruits']",Sunday,t,6,w,0.7,0
6,563,Refrigerated,P,"['Onion', 'Potato', 'Cotton', 'Tomato', 'Grains', 'Fruits']",Tuesday,t,10,w,0.43,1
12,232,Open,P,"['Onion', 'Potato', 'Cotton', 'Tomato', 'Grains', 'Fruits']",Sunday,t,9,w,0.62,0
12,108,Closed,P,"['Onion', 'Potato', 'Cotton', 'Tomato', 'Grains', 'Fruits']",Friday,t,8,w,0.53,1
16,170,Open,P,"['Onion', 'Potato', 'Cotton', 'Tomato', 'Grains', 'Fruits']",Tuesday,t,12,w,0.44,1
6,84,Open,P,"['Onion', 'Potato', 'Cotton', 'Tomato', 'Grains', 'Fruits']",Wednesday,t,10,w,0.22,0
14,330,Open,P,"['Onion', 'Potato', 'Cotton', 'Tomato', 'Grains', 'Fruits']",Thursday,t,7,w,0.91,0
10,558,Closed,P,"['Onion', 'Potato', 'Cotton', 'Tomato', 'Grains', 'Fruits']",Tuesday,t,0,w,0.29,1
12,72,Closed,P,"['Onion', 'Potato', 'Cotton', 'Tomato', 'Grains', 'Fruits']",Thursday,t,3,w,0.68,0
6,517,Open,P,"['Onion', 'Potato', 'Cotton', 'Tomato', 'Grains', 'Fruits']",Saturday,t,4,w,0.59,0
10,282,Refrigerated,P,"['Onion', 'Potato', 'Cotton', 'Tomato', 'Grains', 'Fruits']",Thursday,t,13,w,0.56,0
18,382,Open,P,"['Onion', 'Potato', 'Cotton', 'Tomato', 'Grains', 'Fruits']",Wednesday,t,9,w,0.32,0
6,548,Closed,P,"['Onion', 'Potato', 'Cotton', 'Tomato', 'Grains', 'Fruits']",Thursday,t,13,w,0.6,0
16,453,Closed,P,"['Onion', 'Potato', 'Cotton', 'Tomato', 'Grains', 'Fruits']",Monday,t,8,w,0.54,0
10,421,Open,P,"['Onion', 'Potato', 'Cotton', 'Tomato', 'Grains', 'Fruits']",Wednesday,t,5,w,0.93,1
20,542,Refrigerated,P,"['Onion', 'Potato', 'Cotton', 'Tomato', 'Grains', 'Fruits']",Tuesday,t,2,w,0.41,1
20,357,Closed,P,"['Onion', 'Potato', 'Cotton', 'Tomato', 'Grains', 'Fruits']",Sunday,t,14,w,0.92,1
20,233,Closed,P,"['Onion', 'Potato', 'Cotton', 'Tomato', 'Grains', 'Fruits']",Sunday,t,1,w,0.7,0
18,498,Refrigerated,P,"['Onion', 'Potato', 'Cotton', 'Tomato', 'Grains', 'Fruits']",Saturday,t,0,w,0.71,0
16,531,Refrigerated,P,"['Onion', 'Potato', 'Cotton', 'Tomato', 'Grains', 'Fruits']",Thursday,t,4,w,0.5,1
8,594,Refrigerated,P,"['Onion', 'Potato', 'Cotton', 'Tomato', 'Grains', 'Fruits']",Sunday,t,3,w,0.37,1
8,289,Refrigerated,P,"['Onion', 'Potato', 'Cotton', 'Tomato', 'Grains', 'Fruits']",Saturday,t,1,w,0.7,0
14,497,Closed,P,"['Onion', 'Potato', 'Cotton', 'Tomato', 'Grains', 'Fruits']",Sunday,t,15,w,0.8,0
18,524,Open,P,"['Onion', 'Potato', 'Cotton', 'Tomato', 'Grains', 'Fruits']",Sunday,t,11,w,0.34,0
14,445,Closed,P,"['Onion', 'Potato', 'Cotton', 'Tomato', 'Grains', 'Fruits']",Tuesday,t,15,w,0.92,1
16,167,Closed,P,"['Onion', 'Potato', 'Cotton', 'Tomato', 'Grains', 'Fruits']",Tuesday,t,5,w,0.8,1
12,132,Refrigerated,P,"['Onion', 'Potato', 'Cotton', 'Tomato', 'Grains', 'Fruits']",Monday,t,2,w,0.65,0
14,503,Refrigerated,P,"['Onion', 'Potato', 'Cotton', 'Tomato', 'Grains', 'Fruits']",Sunday,t,11,w,0.71,0
12,203,Refrigerated,P,"['Onion', 'Potato', 'Cotton', 'Tomato', 'Grains', 'Fruits']",Tuesday,t,6,w,0.95,1
12,475,Closed,P,"['Onion', 'Potato', 'Cotton', 'Tomato', 'Grains', 'Fruits']",Friday,t,11,w,0.59,0
20,261,Open,P,"['Onion', 'Potato', 'Cotton', 'Tomato', 'Grains', 'Fruits']",Wednesday,t,10,w,0.31,0
20,104,Refrigerated,P,"['Onion', 'Potato', 'Cotton', 'Tomato', 'Grains', 'Fruits']",Wednesday,t,12,w,0.46,0
6,112,Closed,P,"['Onion', 'Potato', 'Cotton', 'Tomato', 'Grains', 'Fruits']",Sunday,t,9,w,0.59,0
10,485,Closed,P,"['Onion', 'Potato', 'Cotton', 'Tomato', 'Grains', 'Fruits']",Saturday,t,15,w,0.94,0
12,134,Open,P,"['Onion', 'Potato', 'Cotton', 'Tomato', 'Grains', 'Fruits']",Sunday,t,1,w,0.54,0
6,578,Open,P,"['Onion', 'Potato', 'Cotton', 'Tomato', 'Grains', 'Fruits']",Tuesday,t,1,w,0.92,0
10,569,Closed,P,"['Onion', 'Potato', 'Cotton', 'Tomato', 'Grains', 'Fruits']",Tuesday,t,8,w,0.44,0
16,219,Open,P,"['Onion', 'Potato', 'Cotton', 'Tomato', 'Grains', 'Fruits']",Monday,t,14,w,0.56,1
6,260,Open,P,"['Onion', 'Potato', 'Cotton', 'Tomato', 'Grains', 'Fruits']",Saturday,t,0,w,0.38,1
14,295,Open,P,"['Onion', 'Potato', 'Cotton', 'Tomato', 'Grains', 'Fruits']",Thursday,t,9,w,0.4,1
6,263,Open,P,"['Onion', 'Potato', 'Cotton', 'Tomato', 'Grains', 'Fruits']",Tuesday,t,8,w,0.53,0
12,106,Refrigerated,P,"['Onion', 'Potato', 'Cotton', 'Tomato', 'Grains', 'Fruits']",Friday,t,5,w,0.67,1
16,479,Refrigerated,P,"['Onion', 'Potato', 'Cotton', 'Tomato', 'Grains', 'Fruits']",Tuesday,t,6,w,0.88,0
10,414,Closed,P,"['Onion', 'Potato', 'Cotton', 'Tomato', 'Grains', 'Fruits']",Saturday,t,6,w,0.56,1
16,528,Open,P,"['Onion', 'Potato', 'Cotton', 'Tomato', 'Grains', 'Fruits']",Thursday,t,14,w,0.82,0
10,357,Closed,P,"['Onion', 'Potato', 'Cotton', 'Tomato', 'Grains', 'Fruits']",Wednesday,t,10,w,0.25,1
18,589,Closed,P,"['Onion', 'Potato', 'Cotton', 'Tomato', 'Grains', 'Fruits']",Monday,t,4,w,0.32,1
18,286,Refrigerated,P,"['Onion', 'Potato', 'Cotton', 'Tomato', 'Grains', 'Fruits']",Thursday,t,11,w,0.73,0
6,246,Closed,P,"['Onion', 'Potato', 'Cotton', 'Tomato', 'Grains', 'Fruits']",Friday,t,4,w,0.34,0
16,85,Open,P,"['Onion', 'Potato', 'Cotton', 'Tomato', 'Grains', 'Fruits']",Saturday,t,4,w,0.43,1
12,499,Open,P,"['Onion', 'Potato', 'Cotton', 'Tomato', 'Grains', 'Fruits']",Thursday,t,13,w,0.9,0
14,555,Open,P,"['Onion', 'Potato', 'Cotton', 'Tomato', 'Grains', 'Fruits']",Saturday,t,0,w,0.62,0
14,275,Refrigerated,P,"['Onion', 'Potato', 'Cotton', 'Tomato', 'Grains', 'Fruits']",Wednesday,t,4,w,0.64,1
8,173,Refrigerated,P,"['Onion', 'Potato', 'Cotton', 'Tomato', 'Grains', 'Fruits']",Monday,t,0,w,0.6,1
6,417,Open,P,"['Onion', 'Potato', 'Cotton', 'Tomato', 'Grains', 'Fruits']",Saturday,t,1,w,0.63,0
6,591,Refrigerated,P,"['Onion', 'Potato', 'Cotton', 'Tomato', 'Grains', 'Fruits']",Wednesday,t,12,w,0.84,0
8,342,Closed,P,"['Onion', 'Potato', 'Cotton', 'Tomato', 'Grains', 'Fruits']",Wednesday,t,11,w,0.78,1
6,451,Closed,P,"['Onion', 'Potato', 'Cotton', 'Tomato', 'Grains', 'Fruits']",Monday,t,11,w,0.74,1
12,174,Closed,P,"['Onion', 'Potato', 'Cotton', 'Tomato', 'Grains', 'Fruits']",Tuesday,t,1,w,0.72,1
18,254,Open,P,"['Onion', 'Potato', 'Cotton', 'Tomato', 'Grains', 'Fruits']",Sunday,t,11,w,0.83,1
18,313,Refrigerated,P,"['Onion', 'Potato', 'Cotton', 'Tomato', 'Grains', 'Fruits']",Thursday,t,12,w,0.48,0
14,471,Refrigerated,P,"['Onion', 'Potato', 'Cotton', 'Tomato', 'Grains', 'Fruits']",Wednesday,t,9,w,0.21,0
8,266,Closed,P,"['Onion', 'Potato', 'Cotton', 'Tomato', 'Grains', 'Fruits']",Tuesday,t,8,w,0.75,0
10,245,Open,P,"['Onion', 'Potato', 'Cotton', 'Tomato', 'Grains', 'Fruits']",Wednesday,t,7,w,0.52,1
10,264,Refrigerated,P,"['Onion', 'Potato', 'Cotton', 'Tomato', 'Grains', 'Fruits']",Wednesday,t,1,w,0.46,1
16,522,Refrigerated,P,"['Onion', 'Potato', 'Cotton', 'Tomato', 'Grains', 'Fruits']",Sunday,t,2,w,0.72,1
16,138,Open,P,"['Onion', 'Potato', 'Cotton', 'Tomato', 'Grains', 'Fruits']",Tuesday,t,15,w,0.67,0
14,570,Refrigerated,P,"['Onion', 'Potato', 'Cotton', 'Tomato', 'Grains', 'Fruits']",Wednesday,t,4,w,0.93,1
12,138,Closed,P,"['Onion', 'Potato', 'Cotton', 'Tomato', 'Grains', 'Fruits']",Saturday,t,1,w,0.58,0
20,386,Open,P,"['Onion', 'Potato', 'Cotton', 'Tomato', 'Grains', 'Fruits']",Monday,t,4,w,0.57,0
14,312,Closed,P,"['Onion', 'Potato', 'Cotton', 'Tomato', 'Grains', 'Fruits']",Monday,t,6,w,0.38,0
14,161,Refrigerated,P,"['Onion', 'Potato', 'Cotton', 'Tomato', 'Grains', 'Fruits']",Tuesday,t,5,w,0.75,0
8,531,Closed,P,"['Onion', 'Potato', 'Cotton', 'Tomato', 'Grains', 'Fruits']",Tuesday,t,1,w,0.24,1
16,351,Refrigerated,P,"['Onion', 'Potato', 'Cotton', 'Tomato', 'Grains', 'Fruits']",Monday,t,15,w,0.26,1
18,218,Refrigerated,P,"['Onion', 'Potato', 'Cotton', 'Tomato', 'Grains', 'Fruits']",Thursday,t,13,w,0.53,1
18,447,Open,P,"['Onion', 'Potato', 'Cotton', 'Tomato', 'Grains', 'Fruits']",Thursday,t,3,w,0.81,1
10,139,Refrigerated,P,"['Onion', 'Potato', 'Cotton', 'Tomato', 'Grains', 'Fruits']",Thursday,t,13,w,0.36,1
20,379,Open,P,"['Onion', 'Potato', 'Cotton', 'Tomato', 'Grains', 'Fruits']",Saturday,t,6,w,0.92,0
10,563,Refrigerated,P,"['Onion', 'Potato', 'Cotton', 'Tomato', 'Grains', 'Fruits']",Friday,t,12,w,0.69,0
18,273,Closed,P,"['Onion', 'Potato', 'Cotton', 'Tomato', 'Grains', 'Fruits']",Saturday,t,12,w,0.7,1
10,396,Closed,P,"['Onion', 'Potato', 'Cotton', 'Tomato', 'Grains', 'Fruits']",Monday,t,6,w,0.6,0
20,427,Closed,P,"['Onion', 'Potato', 'Cotton', 'Tomato', 'Grains', 'Fruits']",Wednesday,t,3,w,0.58,1
12,137,Refrigerated,P,"['Onion', 'Potato', 'Cotton', 'Tomato', 'Grains', 'Fruits']",Thursday,t,14,w,0.58,1
12,190,Refrigerated,P,"['Onion', 'Potato', 'Cotton', 'Tomato', 'Grains', 'Fruits']",Friday,t,12,w,0.26,1
8,172,Open,P,"['Onion', 'Potato', 'Cotton', 'Tomato', 'Grains', 'Fruits']",Wednesday,t,5,w,0.92,1
8,560,Closed,P,"['Onion', 'Potato', 'Cotton', 'Tomato', 'Grains', 'Fruits']",Thursday,t,3,w,0.67,1
6,68,Open,P,"['Onion', 'Potato', 'Cotton', 'Tomato', 'Grains', 'Fruits']",Sunday,t,2,w,0.38,1
10,170,Closed,P,"['Onion', 'Potato', 'Cotton', 'Tomato', 'Grains', 'Fruits']",Wednesday,t,2,w,0.74,0
10,161,Closed,P,"['Onion', 'Potato', 'Cotton', 'Tomato', 'Grains', 'Fruits']",Friday,t,14,w,0.9,0
20,480,Closed,P,"['Onion', 'Potato', 'Cotton', 'Tomato', 'Grains', 'Fruits']",Thursday,t,9,w,0.62,0
12,261,Closed,P,"['Onion', 'Potato', 'Cotton', 'Tomato', 'Grains', 'Fruits']",Friday,t,9,w,0.86,0
8,348,Refrigerated,P,"['Onion', 'Potato', 'Cotton', 'Tomato', 'Grains', 'Fruits']",Saturday,t,5,w,0.85,1
10,434,Closed,P,"['Onion', 'Potato', 'Cotton', 'Tomato', 'Grains', 'Fruits']",Monday,t,12,w,0.3,0
8,444,Refrigerated,P,"['Onion', 'Potato', 'Cotton', 'Tomato', 'Grains', 'Fruits']",Saturday,t,14,w,0.71,0
18,413,Closed,P,"['Onion', 'Potato', 'Cotton', 'Tomato', 'Grains', 'Fruits']",Friday,t,11,w,0.53,0
20,552,Closed,P,"['Onion', 'Potato', 'Cotton', 'Tomato', 'Grains', 'Fruits']",Tuesday,t,1,w,0.44,1
10,246,Refrigerated,P,"['Onion', 'Potato', 'Cotton', 'Tomato', 'Grains', 'Fruits']",Sunday,t,7,w,0.62,0
8,229,Closed,P,"['Onion', 'Potato', 'Cotton', 'Tomato', 'Grains', 'Fruits']",Friday,t,10,w,0.24,0
16,317,Closed,P,"['Onion', 'Potato', 'Cotton', 'Tomato', 'Grains', 'Fruits']",Saturday,t,4,w,0.93,0
10,118,Open,P,"['Onion', 'Potato', 'Cotton', 'Tomato', 'Grains', 'Fruits']",Monday,t,14,w,0.8,0
10,210,Refrigerated,P,"['Onion', 'Potato', 'Cotton', 'Tomato', 'Grains', 'Fruits']",Wednesday,t,12,w,0.24,1
